[Licensing::Module] Trying to connect to existing licensing client channel...
Built from '6000.2/respin/6000.2.8f1-e4064264ae96' branch; Version is '6000.2.8f1 (c9992ac36c34) revision 13211946'; Using compiler version '194234433'; Build Type 'Release'
OS: 'Windows 11  (10.0.26100) 64bit Professional' Language: 'hu' Physical Memory: 16276 MB
BatchMode: 1, IsHumanControllingUs: 0, StartBugReporterOnCrash: 0, Is64bit: 1
Date: 2025-12-04T16:27:00Z
[Licensing::IpcConnector] Successfully connected to: "LicenseClient-gyorf" at "2025-12-04T16:27:00.8880966Z"

COMMAND LINE ARGUMENTS:
C:\Program Files\UnityEngine\6000.2.8f1\Editor\Unity.exe
-adb2
-batchMode
-noUpm
-name
AssetImportWorker4
-projectPath
C:/Users/gyorf/Documents/Jatekfejlesztes2/carformance
-logFile
Logs/AssetImportWorker4.log
-srvPort
61042
-licensingIpc
LicenseClient-gyorf
-job-worker-count
3
-background-job-worker-count
8
-gc-helper-count
1
-name
AssetImport
Successfully changed project path to: C:/Users/gyorf/Documents/Jatekfejlesztes2/carformance
C:/Users/gyorf/Documents/Jatekfejlesztes2/carformance
[UnityMemory] Configuration Parameters - Can be set up in boot.config
    "memorysetup-allocator-temp-initial-block-size-main=262144"
    "memorysetup-allocator-temp-initial-block-size-worker=262144"
    "memorysetup-bucket-allocator-granularity=16"
    "memorysetup-bucket-allocator-bucket-count=8"
    "memorysetup-bucket-allocator-block-size=33554432"
    "memorysetup-bucket-allocator-block-count=8"
    "memorysetup-main-allocator-block-size=16777216"
    "memorysetup-thread-allocator-block-size=16777216"
    "memorysetup-gfx-main-allocator-block-size=16777216"
    "memorysetup-gfx-thread-allocator-block-size=16777216"
    "memorysetup-cache-allocator-block-size=4194304"
    "memorysetup-typetree-allocator-block-size=2097152"
    "memorysetup-profiler-bucket-allocator-granularity=16"
    "memorysetup-profiler-bucket-allocator-bucket-count=8"
    "memorysetup-profiler-bucket-allocator-block-size=33554432"
    "memorysetup-profiler-bucket-allocator-block-count=8"
    "memorysetup-profiler-allocator-block-size=16777216"
    "memorysetup-profiler-editor-allocator-block-size=1048576"
    "memorysetup-temp-allocator-size-main=16777216"
    "memorysetup-job-temp-allocator-block-size=2097152"
    "memorysetup-job-temp-allocator-block-size-background=1048576"
    "memorysetup-job-temp-allocator-reduction-small-platforms=262144"
    "memorysetup-temp-allocator-size-background-worker=32768"
    "memorysetup-temp-allocator-size-job-worker=262144"
    "memorysetup-temp-allocator-size-preload-manager=33554432"
    "memorysetup-temp-allocator-size-nav-mesh-worker=65536"
    "memorysetup-temp-allocator-size-audio-worker=65536"
    "memorysetup-temp-allocator-size-cloud-worker=32768"
    "memorysetup-temp-allocator-size-gi-baking-worker=262144"
    "memorysetup-temp-allocator-size-gi-baking-worker=262144"
    "memorysetup-temp-allocator-size-gi-baking-worker=262144"
    "memorysetup-temp-allocator-size-gi-baking-worker=262144"
    "memorysetup-temp-allocator-size-gi-baking-worker=262144"
    "memorysetup-temp-allocator-size-gfx=262144"
Player connection [81960]  Target information:

Player connection [81960]  * "[IP] 172.20.160.1 [Port] 0 [Flags] 2 [Guid] 1571169238 [EditorId] 1571169238 [Version] 1048832 [Id] WindowsEditor(7,DESKTOP-UL3FLM1) [Debug] 1 [PackageName] WindowsEditor [ProjectName] Editor" 

Player connection [81960]  * "[IP] 192.168.0.14 [Port] 0 [Flags] 2 [Guid] 1571169238 [EditorId] 1571169238 [Version] 1048832 [Id] WindowsEditor(7,DESKTOP-UL3FLM1) [Debug] 1 [PackageName] WindowsEditor [ProjectName] Editor" 

Player connection [81960] Host joined multi-casting on [225.0.0.222:54997]...
Player connection [81960] Host joined alternative multi-casting on [225.0.0.222:34997]...
JobSystem: Creating JobQueue using job-worker-count value 3
Input System module state changed to: Initialized.
[Physics::Module] Initialized fallback backend.
[Physics::Module] Id: 0xdecafbad
[Licensing::Client] Code 10 while verifying Licensing Client signature (process Id: 76728, path: "D:/Programs/UnityHub/Unity Hub/UnityLicensingClient_V1/Unity.Licensing.Client.exe")
[Licensing::Module] LicensingClient has failed validation; ignoring
[Licensing::Client] Handshaking with LicensingClient:
  Version:                 1.17.3+a4e98f1
  Session Id:              7e80f4b580f64ddd8720528563e01229
  Correlation Id:          a3a4182f71089675657d51472984c32c
  External correlation Id: 633408704051179453
  Machine Id:              XonrmZSX8T9gyPwxQZyyR4Cmz5w=
[Licensing::Module] Successfully connected to LicensingClient on channel: "LicenseClient-gyorf" (connect: 0.01s, validation: 0.00s, handshake: 0.13s)
[Licensing::IpcConnector] Successfully connected to: "LicenseClient-gyorf-notifications" at "2025-12-04T16:27:01.025384Z"
[Licensing::Module] Licensing Background thread has ended after 0.14s
Library Redirect Path: Library/
[Physics::Module] Selected backend.
[Physics::Module] Name: PhysX
[Physics::Module] Id: 0xf2b8ea05
[Physics::Module] SDK Version: 4.1.2
[Physics::Module] Integration Version: 1.0.0
[Physics::Module] Threading Mode: Multi-Threaded
Refreshing native plugins compatible for Editor in 7.52 ms, found 3 plugins.
Preloading 0 native plugins for Editor in 0.00 ms.
Initialize engine version: 6000.2.8f1 (c9992ac36c34)
[Subsystems] Discovering subsystems at path C:/Program Files/UnityEngine/6000.2.8f1/Editor/Data/Resources/UnitySubsystems
[Subsystems] Discovering subsystems at path C:/Users/gyorf/Documents/Jatekfejlesztes2/carformance/Assets
GfxDevice: creating device client; kGfxThreadingModeNonThreaded
Direct3D:
    Version:  Direct3D 11.0 [level 11.1]
    Renderer: AMD Radeon(TM) RX 560 (ID=0x67ef)
    Vendor:   ATI
    VRAM:     4074 MB
    Driver:   31.0.21923.11000
Initialize mono
Mono path[0] = 'C:/Program Files/UnityEngine/6000.2.8f1/Editor/Data/Managed'
Mono path[1] = 'C:/Program Files/UnityEngine/6000.2.8f1/Editor/Data/MonoBleedingEdge/lib/mono/unityjit-win32'
Mono config path = 'C:/Program Files/UnityEngine/6000.2.8f1/Editor/Data/MonoBleedingEdge/etc'
Using monoOptions --debugger-agent=transport=dt_socket,embedding=1,server=y,suspend=n,address=127.0.0.1:56516
Begin MonoManager ReloadAssembly
Registering precompiled unity dll's ...
Register platform support module: C:/Program Files/UnityEngine/6000.2.8f1/Editor/Data/PlaybackEngines/WindowsStandaloneSupport/UnityEditor.WindowsStandalone.Extensions.dll
Registered in 0.003243 seconds.
- Loaded All Assemblies, in  0.784 seconds
Native extension for WindowsStandalone target not found
Mono: successfully reloaded assembly
- Finished resetting the current domain, in  0.609 seconds
Domain Reload Profiling: 1387ms
	BeginReloadAssembly (255ms)
		ExecutionOrderSort (0ms)
		DisableScriptedObjects (0ms)
		BackupInstance (0ms)
		ReleaseScriptingObjects (0ms)
		CreateAndSetChildDomain (1ms)
	RebuildCommonClasses (72ms)
	RebuildNativeTypeToScriptingClass (26ms)
	initialDomainReloadingComplete (94ms)
	LoadAllAssembliesAndSetupDomain (330ms)
		LoadAssemblies (251ms)
		RebuildTransferFunctionScriptingTraits (0ms)
		AnalyzeDomain (325ms)
			TypeCache.Refresh (322ms)
				TypeCache.ScanAssembly (298ms)
			BuildScriptInfoCaches (0ms)
			ResolveRequiredComponents (1ms)
	FinalizeReload (610ms)
		ReleaseScriptCaches (0ms)
		RebuildScriptCaches (0ms)
		SetupLoadedEditorAssemblies (524ms)
			LogAssemblyErrors (0ms)
			InitializePlatformSupportModulesInManaged (88ms)
			SetLoadedEditorAssemblies (5ms)
			BeforeProcessingInitializeOnLoad (118ms)
			ProcessInitializeOnLoadAttributes (227ms)
			ProcessInitializeOnLoadMethodAttributes (86ms)
			AfterProcessingInitializeOnLoad (0ms)
			EditorAssembliesLoaded (0ms)
		ExecutionOrderSort2 (0ms)
		AwakeInstancesAfterBackupRestoration (0ms)
========================================================================
Worker process is ready to serve import requests
Import Worker Mode flag is 0x00
Begin MonoManager ReloadAssembly
[Licensing::Client] Successfully resolved entitlement details
[Licensing::Module] License group:
  Id: 7971647008574-UnityPersXXXX
  Product: Unity Personal
  Type: Assigned
  Expiration: Unlimited
Symbol file LoadedFromMemory is not a mono symbol file
- Loaded All Assemblies, in  2.764 seconds
Refreshing native plugins compatible for Editor in 2.49 ms, found 3 plugins.
Native extension for WindowsStandalone target not found
Package Manager log level set to [2]
[Package Manager] Failed to launch server process. Reason: Unity was launched with the -noUpm command-line argument
[Package Manager] Unable to send message (not connected to server process).
[Package Manager] Cannot connect to Unity Package Manager local server
[Package Manager] Failed to launch server process. Reason: Unity was launched with the -noUpm command-line argument
[Package Manager] Unable to send message (not connected to server process).
[Package Manager] Cannot connect to Unity Package Manager local server
Mono: successfully reloaded assembly
- Finished resetting the current domain, in  1.959 seconds
Domain Reload Profiling: 4708ms
	BeginReloadAssembly (770ms)
		ExecutionOrderSort (0ms)
		DisableScriptedObjects (31ms)
		BackupInstance (0ms)
		ReleaseScriptingObjects (0ms)
		CreateAndSetChildDomain (95ms)
	RebuildCommonClasses (167ms)
	RebuildNativeTypeToScriptingClass (41ms)
	initialDomainReloadingComplete (109ms)
	LoadAllAssembliesAndSetupDomain (1662ms)
		LoadAssemblies (1210ms)
		RebuildTransferFunctionScriptingTraits (0ms)
		AnalyzeDomain (932ms)
			TypeCache.Refresh (823ms)
				TypeCache.ScanAssembly (783ms)
			BuildScriptInfoCaches (86ms)
			ResolveRequiredComponents (13ms)
	FinalizeReload (1960ms)
		ReleaseScriptCaches (0ms)
		RebuildScriptCaches (0ms)
		SetupLoadedEditorAssemblies (1642ms)
			LogAssemblyErrors (0ms)
			InitializePlatformSupportModulesInManaged (7ms)
			SetLoadedEditorAssemblies (11ms)
			BeforeProcessingInitializeOnLoad (405ms)
			ProcessInitializeOnLoadAttributes (1092ms)
			ProcessInitializeOnLoadMethodAttributes (116ms)
			AfterProcessingInitializeOnLoad (11ms)
			EditorAssembliesLoaded (0ms)
		ExecutionOrderSort2 (0ms)
		AwakeInstancesAfterBackupRestoration (21ms)
Launched and connected shader compiler UnityShaderCompiler.exe after 0.04 seconds
Refreshing native plugins compatible for Editor in 2.51 ms, found 3 plugins.
Preloading 0 native plugins for Editor in 0.00 ms.
Unloading 0 Unused Serialized files (Serialized files now loaded: 0)
Unloading 4244 unused Assets / (1.7 MB). Loaded Objects now: 4737.
Memory consumption went from 90.8 MB to 89.1 MB.
Total: 13.869100 ms (FindLiveObjects: 0.637000 ms CreateObjectMapping: 0.836300 ms MarkObjects: 9.945700 ms  DeleteObjects: 2.446200 ms)

========================================================================
Received Import Request.
  Time since last request: 269037.045427 seconds.
  path: Assets/Cars/Haas/3f8613c413f5404b8ea09627743998df_N_F2021_STEERING_WHEEL_NORMAL.png
  artifactKey: Guid(dbf9f71d86659b3489025b2b5f897df4) Importer(2089858483,192608db42251d675da83286b1cce702)
Start importing Assets/Cars/Haas/3f8613c413f5404b8ea09627743998df_N_F2021_STEERING_WHEEL_NORMAL.png using Guid(dbf9f71d86659b3489025b2b5f897df4) Importer(2089858483,192608db42251d675da83286b1cce702) (ScriptedImporter) -> (artifact id: 'f545b5fc03a86ce6d80e3d0b1009e59d') in 0.3757565 seconds
Number of updated asset objects reloaded before import = 0Number of asset objects unloaded after import = 1

========================================================================
Received Import Request.
  Time since last request: 0.344360 seconds.
  path: Assets/Cars/Haas/488_WHEELS_specularf0.png
  artifactKey: Guid(aa1a685b41134c643b865434b5409634) Importer(2089858483,192608db42251d675da83286b1cce702)
Start importing Assets/Cars/Haas/488_WHEELS_specularf0.png using Guid(aa1a685b41134c643b865434b5409634) Importer(2089858483,192608db42251d675da83286b1cce702) (ScriptedImporter) -> (artifact id: 'c3d46fe0309ba27d4c8e224347fa0a4f') in 0.0733789 seconds
Number of updated asset objects reloaded before import = 0Number of asset objects unloaded after import = 1

========================================================================
Received Import Request.
  Time since last request: 0.648529 seconds.
  path: Assets/Cars/Haas/f5de413faf2a4f05bf44142c703545ec_RGB_FROG_4096-ff696c0e48fa4d7298ea3538eec943a7_RGB_F2021_PAINT_RS.png
  artifactKey: Guid(30b9ad86b7f501e419d5bbb456274bae) Importer(2089858483,192608db42251d675da83286b1cce702)
Start importing Assets/Cars/Haas/f5de413faf2a4f05bf44142c703545ec_RGB_FROG_4096-ff696c0e48fa4d7298ea3538eec943a7_RGB_F2021_PAINT_RS.png using Guid(30b9ad86b7f501e419d5bbb456274bae) Importer(2089858483,192608db42251d675da83286b1cce702) (ScriptedImporter) -> (artifact id: 'ccb41172d4ec5d419aa1a288cdb9f3bd') in 0.0591347 seconds
Number of updated asset objects reloaded before import = 0Number of asset objects unloaded after import = 1

========================================================================
Received Import Request.
  Time since last request: 0.658687 seconds.
  path: Assets/Cars/Haas/Haas.gltf
  artifactKey: Guid(4542444d3795a55499233e7a946c510a) Importer(2089858483,192608db42251d675da83286b1cce702)
Start importing Assets/Cars/Haas/Haas.gltf using Guid(4542444d3795a55499233e7a946c510a) Importer(2089858483,192608db42251d675da83286b1cce702) (ScriptedImporter) -> (artifact id: 'd2bc0b753054000f05f0bb90912f993a') in 0.4303195 seconds
Number of updated asset objects reloaded before import = 0Number of asset objects unloaded after import = 661

========================================================================
Received Import Request.
  Time since last request: 0.279726 seconds.
  path: Assets/Cars/Lamborghini/license.txt
  artifactKey: Guid(f826b7790e746594da464c7c95e91cf7) Importer(2089858483,192608db42251d675da83286b1cce702)
Start importing Assets/Cars/Lamborghini/license.txt using Guid(f826b7790e746594da464c7c95e91cf7) Importer(2089858483,192608db42251d675da83286b1cce702) (ScriptedImporter) -> (artifact id: '6bb215642ad08112cce42af5f556a600') in 0.0276861 seconds
Number of updated asset objects reloaded before import = 0Number of asset objects unloaded after import = 1

========================================================================
Received Import Request.
  Time since last request: 0.683757 seconds.
  path: Assets/Cars/F1CameraFollow.cs
  artifactKey: Guid(90bc667c7705c4e48ae05496b0d13ff2) Importer(2089858483,192608db42251d675da83286b1cce702)
Start importing Assets/Cars/F1CameraFollow.cs using Guid(90bc667c7705c4e48ae05496b0d13ff2) Importer(2089858483,192608db42251d675da83286b1cce702) (ScriptedImporter) -> (artifact id: '7125c2b2c159bf506f4f6a137766281a') in 0.028032 seconds
Number of updated asset objects reloaded before import = 0Number of asset objects unloaded after import = 0

========================================================================
Received Import Request.
  Time since last request: 0.000153 seconds.
  path: Assets/Cars/McLaren/124de97404674d838fff5427f8a7a0bc_RGB_F2021_CARBON.png
  artifactKey: Guid(bf34ac13811d2d0408b409d0d88b16a9) Importer(2089858483,192608db42251d675da83286b1cce702)
Start importing Assets/Cars/McLaren/124de97404674d838fff5427f8a7a0bc_RGB_F2021_CARBON.png using Guid(bf34ac13811d2d0408b409d0d88b16a9) Importer(2089858483,192608db42251d675da83286b1cce702) (ScriptedImporter) -> (artifact id: '869b220eaca6d02a491c18f8e15a2ece') in 0.0569258 seconds
Number of updated asset objects reloaded before import = 0Number of asset objects unloaded after import = 1

========================================================================
Received Import Request.
  Time since last request: 0.000224 seconds.
  path: Assets/Scenes/Credits.unity
  artifactKey: Guid(f57123ca852e89f49ae5969b2a3564e9) Importer(2089858483,192608db42251d675da83286b1cce702)
Start importing Assets/Scenes/Credits.unity using Guid(f57123ca852e89f49ae5969b2a3564e9) Importer(2089858483,192608db42251d675da83286b1cce702) (ScriptedImporter) -> (artifact id: 'c4f39d7e7ac4a600a60bb34edcbf6eda') in 0.0270188 seconds
Number of updated asset objects reloaded before import = 0Number of asset objects unloaded after import = 1

========================================================================
Received Import Request.
  Time since last request: 0.000060 seconds.
  path: Assets/Cars/Aston Martin/AstonMartin.gltf
  artifactKey: Guid(837d2e31de5b5c940a9c793268b90e10) Importer(2089858483,192608db42251d675da83286b1cce702)
Start importing Assets/Cars/Aston Martin/AstonMartin.gltf using Guid(837d2e31de5b5c940a9c793268b90e10) Importer(2089858483,192608db42251d675da83286b1cce702) (ScriptedImporter) -> (artifact id: '7d9b4b733068c14f09bf5acea96f19d5') in 0.3305362 seconds
Number of updated asset objects reloaded before import = 0Number of asset objects unloaded after import = 660

========================================================================
Received Import Request.
  Time since last request: 2.655932 seconds.
  path: Assets/Cars/Ferrari/442228dff56b4a73bdf8eb9b7a61b054_RGB_F2021_WHEELS.png
  artifactKey: Guid(f86d4eb65ee61bc4ca4ec895ca91bb80) Importer(2089858483,192608db42251d675da83286b1cce702)
Start importing Assets/Cars/Ferrari/442228dff56b4a73bdf8eb9b7a61b054_RGB_F2021_WHEELS.png using Guid(f86d4eb65ee61bc4ca4ec895ca91bb80) Importer(2089858483,192608db42251d675da83286b1cce702) (ScriptedImporter) -> (artifact id: '62c8ae825a23e2a33c4c5dbe14a88ca4') in 0.0713126 seconds
Number of updated asset objects reloaded before import = 0Number of asset objects unloaded after import = 1

========================================================================
Received Import Request.
  Time since last request: 0.000027 seconds.
  path: Assets/Cars/McLaren/3f8613c413f5404b8ea09627743998df_N_F2021_STEERING_WHEEL_NORMAL.png
  artifactKey: Guid(cb0893120b48fa04dba199a993813ec4) Importer(2089858483,192608db42251d675da83286b1cce702)
Start importing Assets/Cars/McLaren/3f8613c413f5404b8ea09627743998df_N_F2021_STEERING_WHEEL_NORMAL.png using Guid(cb0893120b48fa04dba199a993813ec4) Importer(2089858483,192608db42251d675da83286b1cce702) (ScriptedImporter) -> (artifact id: '5698e3dbd5dd8bb44c431107fbf09a53') in 0.0950795 seconds
Number of updated asset objects reloaded before import = 0Number of asset objects unloaded after import = 1

========================================================================
Received Import Request.
  Time since last request: 0.000075 seconds.
  path: Assets/Cars/Subaru/sound/subaru_base.mp3
  artifactKey: Guid(98e2c30af2848ea4597066bbe5a4be4d) Importer(815301076,1909f56bfc062723c751e8b465ee728b)
Start importing Assets/Cars/Subaru/sound/subaru_base.mp3 using Guid(98e2c30af2848ea4597066bbe5a4be4d) Importer(815301076,1909f56bfc062723c751e8b465ee728b) (PreviewImporter) -> (artifact id: '975f64b27984dd3cb494306c52ed0314') in 0.4288443 seconds
Number of updated asset objects reloaded before import = 0Number of asset objects unloaded after import = 2

========================================================================
Received Import Request.
  Time since last request: 0.000049 seconds.
  path: Assets/Cars/ferrari_old/16bf76a5610b43be9a458eed92cef1c9_R_FW26_COCKPIT_SMOOTH.png
  artifactKey: Guid(22c15799ce9bc264bb77ac681d41802a) Importer(2089858483,192608db42251d675da83286b1cce702)
Start importing Assets/Cars/ferrari_old/16bf76a5610b43be9a458eed92cef1c9_R_FW26_COCKPIT_SMOOTH.png using Guid(22c15799ce9bc264bb77ac681d41802a) Importer(2089858483,192608db42251d675da83286b1cce702) (ScriptedImporter) -> (artifact id: '7fe315d85edb4dc74f8e060e3fb7086a') in 0.0820909 seconds
Number of updated asset objects reloaded before import = 0Number of asset objects unloaded after import = 1

========================================================================
Received Import Request.
  Time since last request: 0.000958 seconds.
  path: Assets/Cars/Ferrari/ff696c0e48fa4d7298ea3538eec943a7_RGB_F2021_PAINT_RS.png
  artifactKey: Guid(3f0812c6f9dc91f4bb225470dcefa053) Importer(2089858483,192608db42251d675da83286b1cce702)
Start importing Assets/Cars/Ferrari/ff696c0e48fa4d7298ea3538eec943a7_RGB_F2021_PAINT_RS.png using Guid(3f0812c6f9dc91f4bb225470dcefa053) Importer(2089858483,192608db42251d675da83286b1cce702) (ScriptedImporter) -> (artifact id: '9131a7ac6d7c5ebc960cdee73270d59d') in 0.066306 seconds
Number of updated asset objects reloaded before import = 0Number of asset objects unloaded after import = 1

========================================================================
Received Import Request.
  Time since last request: 0.000122 seconds.
  path: Assets/Cars/McLaren/f5de413faf2a4f05bf44142c703545ec_RGB_FROG_4096-ff696c0e48fa4d7298ea3538eec943a7_RGB_F2021_PAINT_RS.png
  artifactKey: Guid(8e7aa4e5c6f291f42828f40d1ea6159f) Importer(2089858483,192608db42251d675da83286b1cce702)
Start importing Assets/Cars/McLaren/f5de413faf2a4f05bf44142c703545ec_RGB_FROG_4096-ff696c0e48fa4d7298ea3538eec943a7_RGB_F2021_PAINT_RS.png using Guid(8e7aa4e5c6f291f42828f40d1ea6159f) Importer(2089858483,192608db42251d675da83286b1cce702) (ScriptedImporter) -> (artifact id: '1b763e7a5aacc77e30489ebc7094694b') in 0.0770317 seconds
Number of updated asset objects reloaded before import = 0Number of asset objects unloaded after import = 1

========================================================================
Received Import Request.
  Time since last request: 0.000029 seconds.
  path: Assets/Cars/mclaren_old/2006mclaren.png
  artifactKey: Guid(fb36d3a3baf6dff4087508199868f15b) Importer(2089858483,192608db42251d675da83286b1cce702)
Start importing Assets/Cars/mclaren_old/2006mclaren.png using Guid(fb36d3a3baf6dff4087508199868f15b) Importer(2089858483,192608db42251d675da83286b1cce702) (ScriptedImporter) -> (artifact id: '1e30bf99d5495c795ea0c9c6effb4f81') in 0.0538949 seconds
Number of updated asset objects reloaded before import = 0Number of asset objects unloaded after import = 1

========================================================================
Received Import Request.
  Time since last request: 0.000151 seconds.
  path: Assets/Cars/McLaren/ff696c0e48fa4d7298ea3538eec943a7_RGB_F2021_PAINT_RS.png
  artifactKey: Guid(fb49b69c286775440a498d92ee7735de) Importer(2089858483,192608db42251d675da83286b1cce702)
Start importing Assets/Cars/McLaren/ff696c0e48fa4d7298ea3538eec943a7_RGB_F2021_PAINT_RS.png using Guid(fb49b69c286775440a498d92ee7735de) Importer(2089858483,192608db42251d675da83286b1cce702) (ScriptedImporter) -> (artifact id: '2b91232731a3cd52d5f89d75709ad840') in 0.0732382 seconds
Number of updated asset objects reloaded before import = 0Number of asset objects unloaded after import = 1

========================================================================
Received Import Request.
  Time since last request: 0.000026 seconds.
  path: Assets/Cars/mclaren_old/2006mclaren másolata.png
  artifactKey: Guid(14820fa7729f4d544b20cfa93b793262) Importer(2089858483,192608db42251d675da83286b1cce702)
Start importing Assets/Cars/mclaren_old/2006mclaren másolata.png using Guid(14820fa7729f4d544b20cfa93b793262) Importer(2089858483,192608db42251d675da83286b1cce702) (ScriptedImporter) -> (artifact id: '9c51f6d6eda9915f1d5bed2701a580a8') in 0.0723026 seconds
Number of updated asset objects reloaded before import = 0Number of asset objects unloaded after import = 1

========================================================================
Received Import Request.
  Time since last request: 0.000531 seconds.
  path: Assets/Cars/ferrari_old/07f4e95458f949ea96d56b9d624b8ab7_RGB_FW26_CARBON.png
  artifactKey: Guid(e6811aab33960084987b402823b0809c) Importer(2089858483,192608db42251d675da83286b1cce702)
Start importing Assets/Cars/ferrari_old/07f4e95458f949ea96d56b9d624b8ab7_RGB_FW26_CARBON.png using Guid(e6811aab33960084987b402823b0809c) Importer(2089858483,192608db42251d675da83286b1cce702) (ScriptedImporter) -> (artifact id: '45d1ff8be7867a1d70e39bc32d5fe5b1') in 0.0711166 seconds
Number of updated asset objects reloaded before import = 0Number of asset objects unloaded after import = 1

========================================================================
Received Import Request.
  Time since last request: 0.000313 seconds.
  path: Assets/Cars/Ferrari/93cea486f1b54bc6a37ea1b00b1c5da3_N_F2021_DETAILS_NORMAL.png
  artifactKey: Guid(20b30a9b2c6c4f0488d2edbd90c5d3b2) Importer(2089858483,192608db42251d675da83286b1cce702)
Start importing Assets/Cars/Ferrari/93cea486f1b54bc6a37ea1b00b1c5da3_N_F2021_DETAILS_NORMAL.png using Guid(20b30a9b2c6c4f0488d2edbd90c5d3b2) Importer(2089858483,192608db42251d675da83286b1cce702) (ScriptedImporter) -> (artifact id: 'e962f4b05137be5582cb6a7e3211a5f2') in 0.0682972 seconds
Number of updated asset objects reloaded before import = 0Number of asset objects unloaded after import = 1

========================================================================
Received Import Request.
  Time since last request: 0.000081 seconds.
  path: Assets/Cars/McLaren/488_WHEELS_metallicRoughness.png
  artifactKey: Guid(a4c2cd00acd77eb47affed083d5a3932) Importer(2089858483,192608db42251d675da83286b1cce702)
Start importing Assets/Cars/McLaren/488_WHEELS_metallicRoughness.png using Guid(a4c2cd00acd77eb47affed083d5a3932) Importer(2089858483,192608db42251d675da83286b1cce702) (ScriptedImporter) -> (artifact id: 'f2c13dfb88d71195765fbaae150dc23e') in 0.07448 seconds
Number of updated asset objects reloaded before import = 0Number of asset objects unloaded after import = 1

========================================================================
Received Import Request.
  Time since last request: 0.000747 seconds.
  path: Assets/Cars/McLaren/micsurin.png
  artifactKey: Guid(f0c10b1030cca30438396f4228a8390f) Importer(2089858483,192608db42251d675da83286b1cce702)
Start importing Assets/Cars/McLaren/micsurin.png using Guid(f0c10b1030cca30438396f4228a8390f) Importer(2089858483,192608db42251d675da83286b1cce702) (ScriptedImporter) -> (artifact id: '751cd52ed4bb5734b28a2cbd89d91646') in 0.0669509 seconds
Number of updated asset objects reloaded before import = 0Number of asset objects unloaded after import = 1

========================================================================
Received Import Request.
  Time since last request: 0.003294 seconds.
  path: Assets/Cars/ferrari_old/5e5267f4193c40fd8d22a78d67061ffb_N_FW26_WHEEL_NORMAL.png
  artifactKey: Guid(9930d43263e8aac4db777653ae3db1a8) Importer(2089858483,192608db42251d675da83286b1cce702)
Start importing Assets/Cars/ferrari_old/5e5267f4193c40fd8d22a78d67061ffb_N_FW26_WHEEL_NORMAL.png using Guid(9930d43263e8aac4db777653ae3db1a8) Importer(2089858483,192608db42251d675da83286b1cce702) (ScriptedImporter) -> (artifact id: '67ae808ea419cbfae49045444871e29e') in 0.0921768 seconds
Number of updated asset objects reloaded before import = 0Number of asset objects unloaded after import = 1

========================================================================
Received Import Request.
  Time since last request: 0.019758 seconds.
  path: Assets/Cars/mclaren_old/61a557afcd3c4f19997e48233ab1e4b1_RGB_FW26_WHEEL.png
  artifactKey: Guid(a4085f4082f405843a27620c5612fc5e) Importer(2089858483,192608db42251d675da83286b1cce702)
Start importing Assets/Cars/mclaren_old/61a557afcd3c4f19997e48233ab1e4b1_RGB_FW26_WHEEL.png using Guid(a4085f4082f405843a27620c5612fc5e) Importer(2089858483,192608db42251d675da83286b1cce702) (ScriptedImporter) -> (artifact id: '89bbce3e161f941bd5363b0a39bba526') in 0.0784078 seconds
Number of updated asset objects reloaded before import = 0Number of asset objects unloaded after import = 1

========================================================================
Received Import Request.
  Time since last request: 0.000132 seconds.
  path: Assets/Cars/mclaren_old/d79ed8595ae84d76a12da5917a81b281_RGB_FW26_PAINT.png
  artifactKey: Guid(bbe0bdd3a7f6516468229f74b2ce86fe) Importer(2089858483,192608db42251d675da83286b1cce702)
Start importing Assets/Cars/mclaren_old/d79ed8595ae84d76a12da5917a81b281_RGB_FW26_PAINT.png using Guid(bbe0bdd3a7f6516468229f74b2ce86fe) Importer(2089858483,192608db42251d675da83286b1cce702) (ScriptedImporter) -> (artifact id: 'eb80f7d624053ede12f055b3ce1daf30') in 0.0807865 seconds
Number of updated asset objects reloaded before import = 0Number of asset objects unloaded after import = 1

========================================================================
Received Import Request.
  Time since last request: 0.000328 seconds.
  path: Assets/Cars/Mercedes/27d902b2a2b2465792f9e47a9d669dda_RGB_F2021_PAINT_OMG.png
  artifactKey: Guid(0aa3490ac38135345b3c517d1192d1a2) Importer(2089858483,192608db42251d675da83286b1cce702)
Start importing Assets/Cars/Mercedes/27d902b2a2b2465792f9e47a9d669dda_RGB_F2021_PAINT_OMG.png using Guid(0aa3490ac38135345b3c517d1192d1a2) Importer(2089858483,192608db42251d675da83286b1cce702) (ScriptedImporter) -> (artifact id: '86f9f7c5264fa93712bf74ac24c109c6') in 0.0815449 seconds
Number of updated asset objects reloaded before import = 0Number of asset objects unloaded after import = 1

========================================================================
Received Import Request.
  Time since last request: 0.000310 seconds.
  path: Assets/Cars/mclaren_old/black_trim.png
  artifactKey: Guid(a3ac819294f5ca4418f0233ba1a7fa81) Importer(2089858483,192608db42251d675da83286b1cce702)
Start importing Assets/Cars/mclaren_old/black_trim.png using Guid(a3ac819294f5ca4418f0233ba1a7fa81) Importer(2089858483,192608db42251d675da83286b1cce702) (ScriptedImporter) -> (artifact id: '43ac0cdefb67657ce41d842808bb964d') in 0.0608818 seconds
Number of updated asset objects reloaded before import = 0Number of asset objects unloaded after import = 1

========================================================================
Received Import Request.
  Time since last request: 0.000094 seconds.
  path: Assets/Cars/Mercedes/19345f5ab2554eb0b1622ce0f0c2d4e7_N_F2021_WHEELS_NORMAL.png
  artifactKey: Guid(a3d4b3530c691874e80e343d333a1ab7) Importer(2089858483,192608db42251d675da83286b1cce702)
Start importing Assets/Cars/Mercedes/19345f5ab2554eb0b1622ce0f0c2d4e7_N_F2021_WHEELS_NORMAL.png using Guid(a3d4b3530c691874e80e343d333a1ab7) Importer(2089858483,192608db42251d675da83286b1cce702) (ScriptedImporter) -> (artifact id: '5e12ab4c7eefbac89fde73da6730456d') in 0.0795923 seconds
Number of updated asset objects reloaded before import = 0Number of asset objects unloaded after import = 1

========================================================================
Received Import Request.
  Time since last request: 0.000339 seconds.
  path: Assets/Cars/mclaren_old/f12c12b6e16e41b2bbe2e276849013a7_RGB_FW26_SEAT.png
  artifactKey: Guid(1180e1b3475129d4690008c1af33b44e) Importer(2089858483,192608db42251d675da83286b1cce702)
Start importing Assets/Cars/mclaren_old/f12c12b6e16e41b2bbe2e276849013a7_RGB_FW26_SEAT.png using Guid(1180e1b3475129d4690008c1af33b44e) Importer(2089858483,192608db42251d675da83286b1cce702) (ScriptedImporter) -> (artifact id: '1125d0d67508f8679daaa37e94f2e82a') in 0.0839719 seconds
Number of updated asset objects reloaded before import = 0Number of asset objects unloaded after import = 1

========================================================================
Received Import Request.
  Time since last request: 0.000281 seconds.
  path: Assets/Cars/mclaren_old/mclaren_old.bin
  artifactKey: Guid(c3c55577a5090224fb5644f60e3cf695) Importer(2089858483,192608db42251d675da83286b1cce702)
Start importing Assets/Cars/mclaren_old/mclaren_old.bin using Guid(c3c55577a5090224fb5644f60e3cf695) Importer(2089858483,192608db42251d675da83286b1cce702) (ScriptedImporter) -> (artifact id: '428da7d0d5d89846f2bf3a121f41b1d2') in 0.0319296 seconds
Number of updated asset objects reloaded before import = 0Number of asset objects unloaded after import = 1

========================================================================
Received Import Request.
  Time since last request: 0.000344 seconds.
  path: Assets/Cars/mclaren_old/b707870558be4e33a5d224de2508d93a_R_FW26_DETAILS_SMOOTH.png
  artifactKey: Guid(40b862767c5fde141af75a6e9effbb9f) Importer(2089858483,192608db42251d675da83286b1cce702)
Start importing Assets/Cars/mclaren_old/b707870558be4e33a5d224de2508d93a_R_FW26_DETAILS_SMOOTH.png using Guid(40b862767c5fde141af75a6e9effbb9f) Importer(2089858483,192608db42251d675da83286b1cce702) (ScriptedImporter) -> (artifact id: 'fbf2ad704477c38bd28acd569cb6badd') in 0.0658886 seconds
Number of updated asset objects reloaded before import = 0Number of asset objects unloaded after import = 1

========================================================================
Received Import Request.
  Time since last request: 0.092763 seconds.
  path: Assets/Cars/Mercedes/3e7f8eb122474c378f75e30846703000_R_F2021_WHEELS_SMOOTH.png
  artifactKey: Guid(106f544b876c8a44f8a1f1364c3b1216) Importer(2089858483,192608db42251d675da83286b1cce702)
Start importing Assets/Cars/Mercedes/3e7f8eb122474c378f75e30846703000_R_F2021_WHEELS_SMOOTH.png using Guid(106f544b876c8a44f8a1f1364c3b1216) Importer(2089858483,192608db42251d675da83286b1cce702) (ScriptedImporter) -> (artifact id: '18b322b0db40bda29398df996fdc551d') in 0.0536702 seconds
Number of updated asset objects reloaded before import = 0Number of asset objects unloaded after import = 1

========================================================================
Received Import Request.
  Time since last request: 0.000071 seconds.
  path: Assets/Cars/Mercedes/b02ce04b5b884f4a9a451d27b85af36f_A_F2021_STEERING_WHEEL.png
  artifactKey: Guid(3e9d7dd64162b4640916be0df1842d6f) Importer(2089858483,192608db42251d675da83286b1cce702)
Start importing Assets/Cars/Mercedes/b02ce04b5b884f4a9a451d27b85af36f_A_F2021_STEERING_WHEEL.png using Guid(3e9d7dd64162b4640916be0df1842d6f) Importer(2089858483,192608db42251d675da83286b1cce702) (ScriptedImporter) -> (artifact id: 'b7051625e0bd30fed50238a1f4cc0f8a') in 0.0714158 seconds
Number of updated asset objects reloaded before import = 0Number of asset objects unloaded after import = 1

========================================================================
Received Import Request.
  Time since last request: 0.000145 seconds.
  path: Assets/Cars/Mercedes/mercedes.bin
  artifactKey: Guid(6693aead6b5d8f6499dbaa4ab55c1a0f) Importer(2089858483,192608db42251d675da83286b1cce702)
Start importing Assets/Cars/Mercedes/mercedes.bin using Guid(6693aead6b5d8f6499dbaa4ab55c1a0f) Importer(2089858483,192608db42251d675da83286b1cce702) (ScriptedImporter) -> (artifact id: 'a5e55d643a1faffe87a6cd1a44538b3e') in 0.0362866 seconds
Number of updated asset objects reloaded before import = 0Number of asset objects unloaded after import = 1

========================================================================
Received Import Request.
  Time since last request: 0.000176 seconds.
  path: Assets/Cars/Mercedes/442228dff56b4a73bdf8eb9b7a61b054_RGB_F2021_WHEELS.png
  artifactKey: Guid(96928a2735d3d624e9af4745e330e19e) Importer(2089858483,192608db42251d675da83286b1cce702)
Start importing Assets/Cars/Mercedes/442228dff56b4a73bdf8eb9b7a61b054_RGB_F2021_WHEELS.png using Guid(96928a2735d3d624e9af4745e330e19e) Importer(2089858483,192608db42251d675da83286b1cce702) (ScriptedImporter) -> (artifact id: 'fc0e8f74cce554e79e357ce2c2228a32') in 0.0944468 seconds
Number of updated asset objects reloaded before import = 0Number of asset objects unloaded after import = 1

========================================================================
Received Import Request.
  Time since last request: 0.000170 seconds.
  path: Assets/Cars/Race Car/1ea3b5821e7844ecbce4a8fbc79d03da_RGB_963_PAINT.png
  artifactKey: Guid(95fa355d5b5bb3744a332b056fd34e09) Importer(2089858483,192608db42251d675da83286b1cce702)
Start importing Assets/Cars/Race Car/1ea3b5821e7844ecbce4a8fbc79d03da_RGB_963_PAINT.png using Guid(95fa355d5b5bb3744a332b056fd34e09) Importer(2089858483,192608db42251d675da83286b1cce702) (ScriptedImporter) -> (artifact id: 'f3ed0e1c36289c9df9de7f3fbe301994') in 0.0546695 seconds
Number of updated asset objects reloaded before import = 0Number of asset objects unloaded after import = 1

========================================================================
Received Import Request.
  Time since last request: 0.000588 seconds.
  path: Assets/Cars/Mercedes/ff696c0e48fa4d7298ea3538eec943a7_RGB_F2021_PAINT_RS.png
  artifactKey: Guid(eb15614b836d02e4a878cc058964a96f) Importer(2089858483,192608db42251d675da83286b1cce702)
Start importing Assets/Cars/Mercedes/ff696c0e48fa4d7298ea3538eec943a7_RGB_F2021_PAINT_RS.png using Guid(eb15614b836d02e4a878cc058964a96f) Importer(2089858483,192608db42251d675da83286b1cce702) (ScriptedImporter) -> (artifact id: 'e0f3af150bea7988e49d10d70e2e113e') in 0.069356 seconds
Number of updated asset objects reloaded before import = 0Number of asset objects unloaded after import = 1

========================================================================
Received Import Request.
  Time since last request: 0.000434 seconds.
  path: Assets/Cars/Race Car/0a88b6f837cd45b894554895c8560a37_N_963_WHEEL_NORMAL.png
  artifactKey: Guid(27ff336f8f5a3474699c8faa4f5f53ea) Importer(2089858483,192608db42251d675da83286b1cce702)
Start importing Assets/Cars/Race Car/0a88b6f837cd45b894554895c8560a37_N_963_WHEEL_NORMAL.png using Guid(27ff336f8f5a3474699c8faa4f5f53ea) Importer(2089858483,192608db42251d675da83286b1cce702) (ScriptedImporter) -> (artifact id: '76a3dac89c51d91423f12772863f4928') in 0.0712405 seconds
Number of updated asset objects reloaded before import = 0Number of asset objects unloaded after import = 1

========================================================================
Received Import Request.
  Time since last request: 0.000179 seconds.
  path: Assets/Cars/Mini/Mini.bin
  artifactKey: Guid(18bb3365a41d5ed4b9dda7500c3771a5) Importer(2089858483,192608db42251d675da83286b1cce702)
Start importing Assets/Cars/Mini/Mini.bin using Guid(18bb3365a41d5ed4b9dda7500c3771a5) Importer(2089858483,192608db42251d675da83286b1cce702) (ScriptedImporter) -> (artifact id: '94fd4820a0acc4e088befd61b174585b') in 0.0321405 seconds
Number of updated asset objects reloaded before import = 0Number of asset objects unloaded after import = 1

========================================================================
Received Import Request.
  Time since last request: 0.000696 seconds.
  path: Assets/Cars/Race Car/41f7c164f7bb49e189da025577db99f5_R_MCRC_GLASS_SMOOTH.png
  artifactKey: Guid(cd77fccfa7169fd438f9094e8e1b6775) Importer(2089858483,192608db42251d675da83286b1cce702)
Start importing Assets/Cars/Race Car/41f7c164f7bb49e189da025577db99f5_R_MCRC_GLASS_SMOOTH.png using Guid(cd77fccfa7169fd438f9094e8e1b6775) Importer(2089858483,192608db42251d675da83286b1cce702) (ScriptedImporter) -> (artifact id: '87c2ee854d6c16ff92a7afb3e1ccfbb8') in 0.0686807 seconds
Number of updated asset objects reloaded before import = 0Number of asset objects unloaded after import = 1

========================================================================
Received Import Request.
  Time since last request: 0.000843 seconds.
  path: Assets/Cars/Mercedes/93cea486f1b54bc6a37ea1b00b1c5da3_N_F2021_DETAILS_NORMAL.png
  artifactKey: Guid(7d49e089bedb6c5429c5ab1413d2a1b9) Importer(2089858483,192608db42251d675da83286b1cce702)
Start importing Assets/Cars/Mercedes/93cea486f1b54bc6a37ea1b00b1c5da3_N_F2021_DETAILS_NORMAL.png using Guid(7d49e089bedb6c5429c5ab1413d2a1b9) Importer(2089858483,192608db42251d675da83286b1cce702) (ScriptedImporter) -> (artifact id: '165235393cdc4012dfa0b83ead674804') in 0.0684697 seconds
Number of updated asset objects reloaded before import = 0Number of asset objects unloaded after import = 1

========================================================================
Received Import Request.
  Time since last request: 0.028548 seconds.
  path: Assets/Cars/Race Car/488_SHADOW_baseColor.png
  artifactKey: Guid(153d409c80956dd489ec7bf4f4933efd) Importer(2089858483,192608db42251d675da83286b1cce702)
Start importing Assets/Cars/Race Car/488_SHADOW_baseColor.png using Guid(153d409c80956dd489ec7bf4f4933efd) Importer(2089858483,192608db42251d675da83286b1cce702) (ScriptedImporter) -> (artifact id: '190795eb4b06f37423890176f4637cc7') in 0.0729867 seconds
Number of updated asset objects reloaded before import = 0Number of asset objects unloaded after import = 1

========================================================================
Received Import Request.
  Time since last request: 0.000029 seconds.
  path: Assets/Cars/Race Car_brasil/RaceCar_Brasil.bin
  artifactKey: Guid(1d62e78cf8f31d64bafba0353239b9bb) Importer(2089858483,192608db42251d675da83286b1cce702)
Start importing Assets/Cars/Race Car_brasil/RaceCar_Brasil.bin using Guid(1d62e78cf8f31d64bafba0353239b9bb) Importer(2089858483,192608db42251d675da83286b1cce702) (ScriptedImporter) -> (artifact id: '74b677c51fb3f58fb0157786153604d5') in 0.0263007 seconds
Number of updated asset objects reloaded before import = 0Number of asset objects unloaded after import = 1

========================================================================
Received Import Request.
  Time since last request: 0.000757 seconds.
  path: Assets/Cars/Race Car_brasil/488_SHADOW_baseColor.png
  artifactKey: Guid(523a9d3524eb6ce42926fa1b7d30b566) Importer(2089858483,192608db42251d675da83286b1cce702)
Start importing Assets/Cars/Race Car_brasil/488_SHADOW_baseColor.png using Guid(523a9d3524eb6ce42926fa1b7d30b566) Importer(2089858483,192608db42251d675da83286b1cce702) (ScriptedImporter) -> (artifact id: '760c76bb63ef6f75b2f470a1b83763ed') in 0.0742529 seconds
Number of updated asset objects reloaded before import = 0Number of asset objects unloaded after import = 1

========================================================================
Received Import Request.
  Time since last request: 0.000319 seconds.
  path: Assets/Cars/Race Car_brasil/8edf057df4d140c09c69f329c0ff1099_R_963_DETAILS_SMOOTH.png
  artifactKey: Guid(c2c56d4939e4b284ea171e6d24a2c790) Importer(2089858483,192608db42251d675da83286b1cce702)
Start importing Assets/Cars/Race Car_brasil/8edf057df4d140c09c69f329c0ff1099_R_963_DETAILS_SMOOTH.png using Guid(c2c56d4939e4b284ea171e6d24a2c790) Importer(2089858483,192608db42251d675da83286b1cce702) (ScriptedImporter) -> (artifact id: '0cd92537de2f30f0ade4cfe7fdcd5f2f') in 0.0741617 seconds
Number of updated asset objects reloaded before import = 0Number of asset objects unloaded after import = 1

========================================================================
Received Import Request.
  Time since last request: 0.000279 seconds.
  path: Assets/Cars/Race Car_brasil/1a4886c78b4e4998849f881b247e195f_R_963_WHEEL_SMOOTH.png
  artifactKey: Guid(b435e186d44751a4a9cf8da65f4bd78b) Importer(2089858483,192608db42251d675da83286b1cce702)
Start importing Assets/Cars/Race Car_brasil/1a4886c78b4e4998849f881b247e195f_R_963_WHEEL_SMOOTH.png using Guid(b435e186d44751a4a9cf8da65f4bd78b) Importer(2089858483,192608db42251d675da83286b1cce702) (ScriptedImporter) -> (artifact id: 'a6de550d55573de2b29912faefd8862e') in 0.09546 seconds
Number of updated asset objects reloaded before import = 0Number of asset objects unloaded after import = 1

========================================================================
Received Import Request.
  Time since last request: 0.000031 seconds.
  path: Assets/Cars/Race Car_brasil/7ba4546a4f6b4f0895bea78dfcd0aefc_RGB_963_WHEEL.png
  artifactKey: Guid(5bc8c65abc2e70945ada792ea8fda21c) Importer(2089858483,192608db42251d675da83286b1cce702)
Start importing Assets/Cars/Race Car_brasil/7ba4546a4f6b4f0895bea78dfcd0aefc_RGB_963_WHEEL.png using Guid(5bc8c65abc2e70945ada792ea8fda21c) Importer(2089858483,192608db42251d675da83286b1cce702) (ScriptedImporter) -> (artifact id: '7105d4c1f8f6ab8e05a04c37a3b72cd0') in 0.0598219 seconds
Number of updated asset objects reloaded before import = 0Number of asset objects unloaded after import = 1

========================================================================
Received Import Request.
  Time since last request: 0.000954 seconds.
  path: Assets/Cars/Race Car/RaceCar_RedWhite.bin
  artifactKey: Guid(57b49b8094ccfda45a12a3ababdbc2e3) Importer(2089858483,192608db42251d675da83286b1cce702)
Start importing Assets/Cars/Race Car/RaceCar_RedWhite.bin using Guid(57b49b8094ccfda45a12a3ababdbc2e3) Importer(2089858483,192608db42251d675da83286b1cce702) (ScriptedImporter) -> (artifact id: '8f6b906cd775a99a098a9df9c6d48631') in 0.0274536 seconds
Number of updated asset objects reloaded before import = 0Number of asset objects unloaded after import = 1

========================================================================
Received Import Request.
  Time since last request: 0.000098 seconds.
  path: Assets/Cars/Race Car/7ba4546a4f6b4f0895bea78dfcd0aefc_RGB_963_WHEEL.png
  artifactKey: Guid(faced2074e34cb940a198ebef60f4808) Importer(2089858483,192608db42251d675da83286b1cce702)
Start importing Assets/Cars/Race Car/7ba4546a4f6b4f0895bea78dfcd0aefc_RGB_963_WHEEL.png using Guid(faced2074e34cb940a198ebef60f4808) Importer(2089858483,192608db42251d675da83286b1cce702) (ScriptedImporter) -> (artifact id: '981c9f6ab741a14e7b5bc96582e0f1f2') in 0.0602776 seconds
Number of updated asset objects reloaded before import = 0Number of asset objects unloaded after import = 1

========================================================================
Received Import Request.
  Time since last request: 0.000080 seconds.
  path: Assets/Cars/Race Car_brasil/0a88b6f837cd45b894554895c8560a37_N_963_WHEEL_NORMAL.png
  artifactKey: Guid(46840d844b71a6340b0a9c4d8755c83d) Importer(2089858483,192608db42251d675da83286b1cce702)
Start importing Assets/Cars/Race Car_brasil/0a88b6f837cd45b894554895c8560a37_N_963_WHEEL_NORMAL.png using Guid(46840d844b71a6340b0a9c4d8755c83d) Importer(2089858483,192608db42251d675da83286b1cce702) (ScriptedImporter) -> (artifact id: 'be22b643a808a03dcd8c3b16510973fc') in 0.0772371 seconds
Number of updated asset objects reloaded before import = 0Number of asset objects unloaded after import = 1

========================================================================
Received Import Request.
  Time since last request: 0.000161 seconds.
  path: Assets/Cars/Race Car_brasil/66f7ed2ca1664c4d8fa7d2dfe1cc2d88_RGB_963_CARBON.png
  artifactKey: Guid(26c95866a62b94f40b9b7e830e6d60c4) Importer(2089858483,192608db42251d675da83286b1cce702)
Start importing Assets/Cars/Race Car_brasil/66f7ed2ca1664c4d8fa7d2dfe1cc2d88_RGB_963_CARBON.png using Guid(26c95866a62b94f40b9b7e830e6d60c4) Importer(2089858483,192608db42251d675da83286b1cce702) (ScriptedImporter) -> (artifact id: '01dc5a839d9c16659f420bffd3b4fd21') in 0.0563044 seconds
Number of updated asset objects reloaded before import = 0Number of asset objects unloaded after import = 1

========================================================================
Received Import Request.
  Time since last request: 0.013419 seconds.
  path: Assets/Cars/Racing Bulls/03517e5c9d0f447993efadb611dac556_A_F2021_DETAILS.png
  artifactKey: Guid(99c93deb22df16f4bab2620de318413e) Importer(2089858483,192608db42251d675da83286b1cce702)
Start importing Assets/Cars/Racing Bulls/03517e5c9d0f447993efadb611dac556_A_F2021_DETAILS.png using Guid(99c93deb22df16f4bab2620de318413e) Importer(2089858483,192608db42251d675da83286b1cce702) (ScriptedImporter) -> (artifact id: 'ab58aa136c9674e598909e1a795bba19') in 0.0654191 seconds
Number of updated asset objects reloaded before import = 0Number of asset objects unloaded after import = 1

========================================================================
Received Import Request.
  Time since last request: 0.000701 seconds.
  path: Assets/Cars/Red Bull/124de97404674d838fff5427f8a7a0bc_RGB_F2021_CARBON.png
  artifactKey: Guid(31143a6ddb843044799420e64aa0f30f) Importer(2089858483,192608db42251d675da83286b1cce702)
Start importing Assets/Cars/Red Bull/124de97404674d838fff5427f8a7a0bc_RGB_F2021_CARBON.png using Guid(31143a6ddb843044799420e64aa0f30f) Importer(2089858483,192608db42251d675da83286b1cce702) (ScriptedImporter) -> (artifact id: 'cdf552ac7c85192c389d7e62781b430a') in 0.065891 seconds
Number of updated asset objects reloaded before import = 0Number of asset objects unloaded after import = 1

========================================================================
Received Import Request.
  Time since last request: 0.000088 seconds.
  path: Assets/Cars/Racing Bulls/ff696c0e48fa4d7298ea3538eec943a7_RGB_F2021_PAINT_RS.png
  artifactKey: Guid(62fd38df97b34f343ab777806cdffe35) Importer(2089858483,192608db42251d675da83286b1cce702)
Start importing Assets/Cars/Racing Bulls/ff696c0e48fa4d7298ea3538eec943a7_RGB_F2021_PAINT_RS.png using Guid(62fd38df97b34f343ab777806cdffe35) Importer(2089858483,192608db42251d675da83286b1cce702) (ScriptedImporter) -> (artifact id: '1f4591626117537db4d459afd716d5fb') in 0.0618503 seconds
Number of updated asset objects reloaded before import = 0Number of asset objects unloaded after import = 1

========================================================================
Received Import Request.
  Time since last request: 0.000208 seconds.
  path: Assets/Cars/Racing Bulls/RacingBulls.gltf
  artifactKey: Guid(2e9f4e5af7450d141b61320d7c67087d) Importer(2089858483,192608db42251d675da83286b1cce702)
Start importing Assets/Cars/Racing Bulls/RacingBulls.gltf using Guid(2e9f4e5af7450d141b61320d7c67087d) Importer(2089858483,192608db42251d675da83286b1cce702) (ScriptedImporter) -> (artifact id: 'deffaa979c0bd554bedc9a826990e454') in 0.4475205 seconds
Number of updated asset objects reloaded before import = 0Number of asset objects unloaded after import = 661

========================================================================
Received Import Request.
  Time since last request: 0.000045 seconds.
  path: Assets/Cars/Red Bull/Red Bull.bin
  artifactKey: Guid(d234731973414f14385c357748142d67) Importer(2089858483,192608db42251d675da83286b1cce702)
Start importing Assets/Cars/Red Bull/Red Bull.bin using Guid(d234731973414f14385c357748142d67) Importer(2089858483,192608db42251d675da83286b1cce702) (ScriptedImporter) -> (artifact id: 'b6d9729e77de1b447f3bee5649ec88a9') in 0.0334701 seconds
Number of updated asset objects reloaded before import = 0Number of asset objects unloaded after import = 1

========================================================================
Received Import Request.
  Time since last request: 0.000488 seconds.
  path: Assets/Cars/Red Bull 1/124de97404674d838fff5427f8a7a0bc_RGB_F2021_CARBON.png
  artifactKey: Guid(f66502653bae50b43849a8a74704b635) Importer(2089858483,192608db42251d675da83286b1cce702)
Start importing Assets/Cars/Red Bull 1/124de97404674d838fff5427f8a7a0bc_RGB_F2021_CARBON.png using Guid(f66502653bae50b43849a8a74704b635) Importer(2089858483,192608db42251d675da83286b1cce702) (ScriptedImporter) -> (artifact id: '061f639e8153be38d19d6df890ca2f52') in 0.0635142 seconds
Number of updated asset objects reloaded before import = 0Number of asset objects unloaded after import = 1

========================================================================
Received Import Request.
  Time since last request: 0.000146 seconds.
  path: Assets/Cars/Red Bull 1/488_WHEELS_specularf0.png
  artifactKey: Guid(b331313021890f94284c7c590f5887ce) Importer(2089858483,192608db42251d675da83286b1cce702)
Start importing Assets/Cars/Red Bull 1/488_WHEELS_specularf0.png using Guid(b331313021890f94284c7c590f5887ce) Importer(2089858483,192608db42251d675da83286b1cce702) (ScriptedImporter) -> (artifact id: 'efa9176fbece039de4a56136c8ab434f') in 0.0854494 seconds
Number of updated asset objects reloaded before import = 0Number of asset objects unloaded after import = 1

========================================================================
Received Import Request.
  Time since last request: 0.000342 seconds.
  path: Assets/Cars/Red Bull 1/03517e5c9d0f447993efadb611dac556_A_F2021_DETAILS.png
  artifactKey: Guid(b20456c233030fb41ad2cf57346197d2) Importer(2089858483,192608db42251d675da83286b1cce702)
Start importing Assets/Cars/Red Bull 1/03517e5c9d0f447993efadb611dac556_A_F2021_DETAILS.png using Guid(b20456c233030fb41ad2cf57346197d2) Importer(2089858483,192608db42251d675da83286b1cce702) (ScriptedImporter) -> (artifact id: '8e73fc46146de9e015afcad3ca14389a') in 0.0893965 seconds
Number of updated asset objects reloaded before import = 0Number of asset objects unloaded after import = 1

========================================================================
Received Import Request.
  Time since last request: 0.000776 seconds.
  path: Assets/Cars/Red Bull 1/f5de413faf2a4f05bf44142c703545ec_RGB_FROG_4096-ff696c0e48fa4d7298ea3538eec943a7_RGB_F2021_PAINT_RS.png
  artifactKey: Guid(0df4b1e26baf9794eb9fccbae9ef1b99) Importer(2089858483,192608db42251d675da83286b1cce702)
Start importing Assets/Cars/Red Bull 1/f5de413faf2a4f05bf44142c703545ec_RGB_FROG_4096-ff696c0e48fa4d7298ea3538eec943a7_RGB_F2021_PAINT_RS.png using Guid(0df4b1e26baf9794eb9fccbae9ef1b99) Importer(2089858483,192608db42251d675da83286b1cce702) (ScriptedImporter) -> (artifact id: '0628d6a0b00117b5ff65f97e1dbfeeab') in 0.0630397 seconds
Number of updated asset objects reloaded before import = 0Number of asset objects unloaded after import = 1

========================================================================
Received Import Request.
  Time since last request: 0.000245 seconds.
  path: Assets/Cars/Red Bull 1/19345f5ab2554eb0b1622ce0f0c2d4e7_N_F2021_WHEELS_NORMAL.png
  artifactKey: Guid(f43209c9688b5be458092f6f10fc81ec) Importer(2089858483,192608db42251d675da83286b1cce702)
Start importing Assets/Cars/Red Bull 1/19345f5ab2554eb0b1622ce0f0c2d4e7_N_F2021_WHEELS_NORMAL.png using Guid(f43209c9688b5be458092f6f10fc81ec) Importer(2089858483,192608db42251d675da83286b1cce702) (ScriptedImporter) -> (artifact id: '91dbd4b976bd038e578a64803c50719e') in 0.0863032 seconds
Number of updated asset objects reloaded before import = 0Number of asset objects unloaded after import = 1

========================================================================
Received Import Request.
  Time since last request: 0.000027 seconds.
  path: Assets/Cars/Red Bull 1/b02ce04b5b884f4a9a451d27b85af36f_A_F2021_STEERING_WHEEL.png
  artifactKey: Guid(51d4c37a20a93eb45bf3f907c1bf9bcb) Importer(2089858483,192608db42251d675da83286b1cce702)
Start importing Assets/Cars/Red Bull 1/b02ce04b5b884f4a9a451d27b85af36f_A_F2021_STEERING_WHEEL.png using Guid(51d4c37a20a93eb45bf3f907c1bf9bcb) Importer(2089858483,192608db42251d675da83286b1cce702) (ScriptedImporter) -> (artifact id: '42fcd0b6f3807f3e6029b700d24554f9') in 0.062681 seconds
Number of updated asset objects reloaded before import = 0Number of asset objects unloaded after import = 1

========================================================================
Received Import Request.
  Time since last request: 0.000199 seconds.
  path: Assets/Cars/Red Bull/b02ce04b5b884f4a9a451d27b85af36f_A_F2021_STEERING_WHEEL.png
  artifactKey: Guid(75607b16ceb1ee14db035b87f5281ea2) Importer(2089858483,192608db42251d675da83286b1cce702)
Start importing Assets/Cars/Red Bull/b02ce04b5b884f4a9a451d27b85af36f_A_F2021_STEERING_WHEEL.png using Guid(75607b16ceb1ee14db035b87f5281ea2) Importer(2089858483,192608db42251d675da83286b1cce702) (ScriptedImporter) -> (artifact id: 'c2ca42eac318ad949298d8657d4cc28d') in 0.0704345 seconds
Number of updated asset objects reloaded before import = 0Number of asset objects unloaded after import = 1

========================================================================
Received Import Request.
  Time since last request: 0.010508 seconds.
  path: Assets/Cars/Red Bull 1/ff696c0e48fa4d7298ea3538eec943a7_RGB_F2021_PAINT_RS.png
  artifactKey: Guid(f1f31c8917a32134982aa94b21fb681c) Importer(2089858483,192608db42251d675da83286b1cce702)
Start importing Assets/Cars/Red Bull 1/ff696c0e48fa4d7298ea3538eec943a7_RGB_F2021_PAINT_RS.png using Guid(f1f31c8917a32134982aa94b21fb681c) Importer(2089858483,192608db42251d675da83286b1cce702) (ScriptedImporter) -> (artifact id: 'dbc0b15d48335860ff2c43eb202e89cb') in 0.073617 seconds
Number of updated asset objects reloaded before import = 0Number of asset objects unloaded after import = 1

========================================================================
Received Import Request.
  Time since last request: 0.000086 seconds.
  path: Assets/Cars/Subaru/488_SHADOW_baseColor.png
  artifactKey: Guid(e51b9cf092a4af84dbcbe6dfa7d7679b) Importer(2089858483,192608db42251d675da83286b1cce702)
Start importing Assets/Cars/Subaru/488_SHADOW_baseColor.png using Guid(e51b9cf092a4af84dbcbe6dfa7d7679b) Importer(2089858483,192608db42251d675da83286b1cce702) (ScriptedImporter) -> (artifact id: '8d2814dcbe110de8150f57fb4969895f') in 0.077271 seconds
Number of updated asset objects reloaded before import = 0Number of asset objects unloaded after import = 1

========================================================================
Received Import Request.
  Time since last request: 0.000039 seconds.
  path: Assets/Cars/Subaru/6275181211ea4bdf80b4da3c40a22dbb_A_CRC1999_LAMPS.png
  artifactKey: Guid(55f22005066311141ace6e2b9e5074ea) Importer(2089858483,192608db42251d675da83286b1cce702)
Start importing Assets/Cars/Subaru/6275181211ea4bdf80b4da3c40a22dbb_A_CRC1999_LAMPS.png using Guid(55f22005066311141ace6e2b9e5074ea) Importer(2089858483,192608db42251d675da83286b1cce702) (ScriptedImporter) -> (artifact id: 'a78588f3856e971a605fe81e8df08164') in 0.0660705 seconds
Number of updated asset objects reloaded before import = 0Number of asset objects unloaded after import = 1

========================================================================
Received Import Request.
  Time since last request: 0.000163 seconds.
  path: Assets/Cars/Subaru/652bcdeccce742cd8b990ce961da7cbe_RGB_CRC1999_PAINT.png
  artifactKey: Guid(23e075eca620a724f875de4efefd9266) Importer(2089858483,192608db42251d675da83286b1cce702)
Start importing Assets/Cars/Subaru/652bcdeccce742cd8b990ce961da7cbe_RGB_CRC1999_PAINT.png using Guid(23e075eca620a724f875de4efefd9266) Importer(2089858483,192608db42251d675da83286b1cce702) (ScriptedImporter) -> (artifact id: 'f6a39359bfe2dc3fd6c394f1ee40df7c') in 0.0633648 seconds
Number of updated asset objects reloaded before import = 0Number of asset objects unloaded after import = 1

========================================================================
Received Import Request.
  Time since last request: 0.000025 seconds.
  path: Assets/Cars/Subaru/70226b065efe4f19835d8cf93c43df0a_R_CRC1999_WHEEL_SMOOTH.png
  artifactKey: Guid(1c9a4afbea9baa8448e32f7e722b1440) Importer(2089858483,192608db42251d675da83286b1cce702)
Start importing Assets/Cars/Subaru/70226b065efe4f19835d8cf93c43df0a_R_CRC1999_WHEEL_SMOOTH.png using Guid(1c9a4afbea9baa8448e32f7e722b1440) Importer(2089858483,192608db42251d675da83286b1cce702) (ScriptedImporter) -> (artifact id: '3cb3de2d902079f6648593709c417802') in 0.0621789 seconds
Number of updated asset objects reloaded before import = 0Number of asset objects unloaded after import = 1

========================================================================
Received Import Request.
  Time since last request: 0.000535 seconds.
  path: Assets/Cars/Williams/124de97404674d838fff5427f8a7a0bc_RGB_F2021_CARBON.png
  artifactKey: Guid(5ca8aed3e6856bd489c03e17e0fb2670) Importer(2089858483,192608db42251d675da83286b1cce702)
Start importing Assets/Cars/Williams/124de97404674d838fff5427f8a7a0bc_RGB_F2021_CARBON.png using Guid(5ca8aed3e6856bd489c03e17e0fb2670) Importer(2089858483,192608db42251d675da83286b1cce702) (ScriptedImporter) -> (artifact id: 'b1b213e435b351c90f357744409a5ce6') in 0.0514311 seconds
Number of updated asset objects reloaded before import = 0Number of asset objects unloaded after import = 1

========================================================================
Received Import Request.
  Time since last request: 0.000527 seconds.
  path: Assets/Cars/Subaru/f434589933b24f62a955dfb6fa48961f_RGB_CRC1999_DETAILS.png
  artifactKey: Guid(fed74c71942da2f43bc3babcc7021ef7) Importer(2089858483,192608db42251d675da83286b1cce702)
Start importing Assets/Cars/Subaru/f434589933b24f62a955dfb6fa48961f_RGB_CRC1999_DETAILS.png using Guid(fed74c71942da2f43bc3babcc7021ef7) Importer(2089858483,192608db42251d675da83286b1cce702) (ScriptedImporter) -> (artifact id: '5db58b750cc6304bd5bd95ac5e075b52') in 0.0729086 seconds
Number of updated asset objects reloaded before import = 0Number of asset objects unloaded after import = 1

========================================================================
Received Import Request.
  Time since last request: 0.000106 seconds.
  path: Assets/Cars/Williams/03517e5c9d0f447993efadb611dac556_A_F2021_DETAILS.png
  artifactKey: Guid(e961f06ee6365c9488b8faedfc042c09) Importer(2089858483,192608db42251d675da83286b1cce702)
Start importing Assets/Cars/Williams/03517e5c9d0f447993efadb611dac556_A_F2021_DETAILS.png using Guid(e961f06ee6365c9488b8faedfc042c09) Importer(2089858483,192608db42251d675da83286b1cce702) (ScriptedImporter) -> (artifact id: '92012e75ece470c384ab2d550eb9c800') in 0.0683503 seconds
Number of updated asset objects reloaded before import = 0Number of asset objects unloaded after import = 1

========================================================================
Received Import Request.
  Time since last request: 0.045400 seconds.
  path: Assets/Cars/Williams/19345f5ab2554eb0b1622ce0f0c2d4e7_N_F2021_WHEELS_NORMAL.png
  artifactKey: Guid(d551be62849ea914cb374362d834c047) Importer(2089858483,192608db42251d675da83286b1cce702)
Start importing Assets/Cars/Williams/19345f5ab2554eb0b1622ce0f0c2d4e7_N_F2021_WHEELS_NORMAL.png using Guid(d551be62849ea914cb374362d834c047) Importer(2089858483,192608db42251d675da83286b1cce702) (ScriptedImporter) -> (artifact id: '4967afbf14f6f5423984f9458790d20e') in 0.0839602 seconds
Number of updated asset objects reloaded before import = 0Number of asset objects unloaded after import = 1

========================================================================
Received Import Request.
  Time since last request: 0.000192 seconds.
  path: Assets/Cars/Williams/488_WHEELS_specularf0.png
  artifactKey: Guid(3c95cb222e2db4143b4ac813c0a93568) Importer(2089858483,192608db42251d675da83286b1cce702)
Start importing Assets/Cars/Williams/488_WHEELS_specularf0.png using Guid(3c95cb222e2db4143b4ac813c0a93568) Importer(2089858483,192608db42251d675da83286b1cce702) (ScriptedImporter) -> (artifact id: '7bc01bc8a5a388f551fb425ac808fb5a') in 0.0704491 seconds
Number of updated asset objects reloaded before import = 0Number of asset objects unloaded after import = 1

========================================================================
Received Import Request.
  Time since last request: 0.000139 seconds.
  path: Assets/Cars/Williams/3f8613c413f5404b8ea09627743998df_N_F2021_STEERING_WHEEL_NORMAL.png
  artifactKey: Guid(d5a59196ce42ce94e85f369c3c8f3868) Importer(2089858483,192608db42251d675da83286b1cce702)
Start importing Assets/Cars/Williams/3f8613c413f5404b8ea09627743998df_N_F2021_STEERING_WHEEL_NORMAL.png using Guid(d5a59196ce42ce94e85f369c3c8f3868) Importer(2089858483,192608db42251d675da83286b1cce702) (ScriptedImporter) -> (artifact id: '38b13a4ed4c2dabf7fb1f51f597949a0') in 0.0724448 seconds
Number of updated asset objects reloaded before import = 0Number of asset objects unloaded after import = 1

========================================================================
Received Import Request.
  Time since last request: 0.000103 seconds.
  path: Assets/Cars/Williams/ff696c0e48fa4d7298ea3538eec943a7_RGB_F2021_PAINT_RS.png
  artifactKey: Guid(45c4e910a8d35d64b94249625cfb5582) Importer(2089858483,192608db42251d675da83286b1cce702)
Start importing Assets/Cars/Williams/ff696c0e48fa4d7298ea3538eec943a7_RGB_F2021_PAINT_RS.png using Guid(45c4e910a8d35d64b94249625cfb5582) Importer(2089858483,192608db42251d675da83286b1cce702) (ScriptedImporter) -> (artifact id: 'fdce25f2331a1ab7ce9541fc998b24a5') in 0.0708721 seconds
Number of updated asset objects reloaded before import = 0Number of asset objects unloaded after import = 1

========================================================================
Received Import Request.
  Time since last request: 0.000154 seconds.
  path: Assets/Cars/williams_old/488_SHADOW_baseColor.png
  artifactKey: Guid(5910dee800b70ea4e982fdaa5bb99c51) Importer(2089858483,192608db42251d675da83286b1cce702)
Start importing Assets/Cars/williams_old/488_SHADOW_baseColor.png using Guid(5910dee800b70ea4e982fdaa5bb99c51) Importer(2089858483,192608db42251d675da83286b1cce702) (ScriptedImporter) -> (artifact id: '409c41721932507f0df88617fc9ef584') in 0.0748344 seconds
Number of updated asset objects reloaded before import = 0Number of asset objects unloaded after import = 1

========================================================================
Received Import Request.
  Time since last request: 0.000035 seconds.
  path: Assets/Cars/Williams/f5de413faf2a4f05bf44142c703545ec_RGB_FROG_4096-ff696c0e48fa4d7298ea3538eec943a7_RGB_F2021_PAINT_RS.png
  artifactKey: Guid(ab3582b0f8023274fb1756e7897d0331) Importer(2089858483,192608db42251d675da83286b1cce702)
Start importing Assets/Cars/Williams/f5de413faf2a4f05bf44142c703545ec_RGB_FROG_4096-ff696c0e48fa4d7298ea3538eec943a7_RGB_F2021_PAINT_RS.png using Guid(ab3582b0f8023274fb1756e7897d0331) Importer(2089858483,192608db42251d675da83286b1cce702) (ScriptedImporter) -> (artifact id: '436c91e65a23654d2e0235d4bcb00858') in 0.0637846 seconds
Number of updated asset objects reloaded before import = 0Number of asset objects unloaded after import = 1

========================================================================
Received Import Request.
  Time since last request: 0.000053 seconds.
  path: Assets/Cars/williams_old/3274b77644b346c8be5c59022eb5ad9f_N_FW26_SEAT_NORMAL.png
  artifactKey: Guid(bd4e3b6ce31951646a60373c98da3963) Importer(2089858483,192608db42251d675da83286b1cce702)
Start importing Assets/Cars/williams_old/3274b77644b346c8be5c59022eb5ad9f_N_FW26_SEAT_NORMAL.png using Guid(bd4e3b6ce31951646a60373c98da3963) Importer(2089858483,192608db42251d675da83286b1cce702) (ScriptedImporter) -> (artifact id: '90804a5879d1e64d74f6557b317db6f0') in 0.0663779 seconds
Number of updated asset objects reloaded before import = 0Number of asset objects unloaded after import = 1

========================================================================
Received Import Request.
  Time since last request: 0.059317 seconds.
  path: Assets/Cars/williams_old/5e5267f4193c40fd8d22a78d67061ffb_N_FW26_WHEEL_NORMAL.png
  artifactKey: Guid(67db8d58610e2a7418f37425863b4a62) Importer(2089858483,192608db42251d675da83286b1cce702)
Start importing Assets/Cars/williams_old/5e5267f4193c40fd8d22a78d67061ffb_N_FW26_WHEEL_NORMAL.png using Guid(67db8d58610e2a7418f37425863b4a62) Importer(2089858483,192608db42251d675da83286b1cce702) (ScriptedImporter) -> (artifact id: '0f04ca171f4da60bf6104aa0d2d708fe') in 0.0554483 seconds
Number of updated asset objects reloaded before import = 0Number of asset objects unloaded after import = 1

========================================================================
Received Import Request.
  Time since last request: 0.000193 seconds.
  path: Assets/Cars/williams_old/williams_old.bin
  artifactKey: Guid(87b2148626b75c747b16bcb228209c58) Importer(2089858483,192608db42251d675da83286b1cce702)
Start importing Assets/Cars/williams_old/williams_old.bin using Guid(87b2148626b75c747b16bcb228209c58) Importer(2089858483,192608db42251d675da83286b1cce702) (ScriptedImporter) -> (artifact id: 'dad585b466d1986f3f6c1b3c24e51ab9') in 0.029815 seconds
Number of updated asset objects reloaded before import = 0Number of asset objects unloaded after import = 1

========================================================================
Received Import Request.
  Time since last request: 0.000084 seconds.
  path: Assets/FPSFont/FPS Gaming Font/Square-Black.ttf
  artifactKey: Guid(d7cffddcbc0cc8f4ebe6e28eb9804082) Importer(2089858483,192608db42251d675da83286b1cce702)
Start importing Assets/FPSFont/FPS Gaming Font/Square-Black.ttf using Guid(d7cffddcbc0cc8f4ebe6e28eb9804082) Importer(2089858483,192608db42251d675da83286b1cce702) (ScriptedImporter) -> (artifact id: '76135f0d8cc057ff98380be525789191') in 0.0570758 seconds
Number of updated asset objects reloaded before import = 0Number of asset objects unloaded after import = 3

========================================================================
Received Import Request.
  Time since last request: 0.000057 seconds.
  path: Assets/Cars/williams_old/f12c12b6e16e41b2bbe2e276849013a7_RGB_FW26_SEAT.png
  artifactKey: Guid(cc4203b964393b8409b5eb14a03f8241) Importer(2089858483,192608db42251d675da83286b1cce702)
Start importing Assets/Cars/williams_old/f12c12b6e16e41b2bbe2e276849013a7_RGB_FW26_SEAT.png using Guid(cc4203b964393b8409b5eb14a03f8241) Importer(2089858483,192608db42251d675da83286b1cce702) (ScriptedImporter) -> (artifact id: 'b9b4f25912ef2c4e9ab453acbd367d7a') in 0.059065 seconds
Number of updated asset objects reloaded before import = 0Number of asset objects unloaded after import = 1

========================================================================
Received Import Request.
  Time since last request: 0.000115 seconds.
  path: Assets/Cars/williams_old/bd95003e233c4b309a09bfef0211bf19_R_FW26_ST_WHEEL_SMOOTH.png
  artifactKey: Guid(3a280bc7711074a4abb4e5350136ea3c) Importer(2089858483,192608db42251d675da83286b1cce702)
Start importing Assets/Cars/williams_old/bd95003e233c4b309a09bfef0211bf19_R_FW26_ST_WHEEL_SMOOTH.png using Guid(3a280bc7711074a4abb4e5350136ea3c) Importer(2089858483,192608db42251d675da83286b1cce702) (ScriptedImporter) -> (artifact id: '2a39ab577abd26b8905dd239ef010836') in 0.0663979 seconds
Number of updated asset objects reloaded before import = 0Number of asset objects unloaded after import = 1

========================================================================
Received Import Request.
  Time since last request: 0.000131 seconds.
  path: Assets/Cars/williams_old/852d91b854634814932edfdcdaff381b_RGB_FW26_COCKPIT.png
  artifactKey: Guid(6997f7ac724d4774391751351ed51267) Importer(2089858483,192608db42251d675da83286b1cce702)
Start importing Assets/Cars/williams_old/852d91b854634814932edfdcdaff381b_RGB_FW26_COCKPIT.png using Guid(6997f7ac724d4774391751351ed51267) Importer(2089858483,192608db42251d675da83286b1cce702) (ScriptedImporter) -> (artifact id: 'ef9b11ae76252cb223fd0b4d50e5ec6c') in 0.0770174 seconds
Number of updated asset objects reloaded before import = 0Number of asset objects unloaded after import = 1

========================================================================
Received Import Request.
  Time since last request: 0.000151 seconds.
  path: Assets/Cars/williams_old/a65176127ea8497ebfa780228317174e_A_FW26_DETAILS.png
  artifactKey: Guid(7787f2e3c01e0414eb22c21c45d316fe) Importer(2089858483,192608db42251d675da83286b1cce702)
Start importing Assets/Cars/williams_old/a65176127ea8497ebfa780228317174e_A_FW26_DETAILS.png using Guid(7787f2e3c01e0414eb22c21c45d316fe) Importer(2089858483,192608db42251d675da83286b1cce702) (ScriptedImporter) -> (artifact id: '8dc27d3cecf227e1caeca600e87dd3f9') in 0.0915458 seconds
Number of updated asset objects reloaded before import = 0Number of asset objects unloaded after import = 1

========================================================================
Received Import Request.
  Time since last request: 0.104157 seconds.
  path: Assets/Map/Hungaroring/46ab72b8d1954195b2cf2f57168e1320_N_road_BUDAPEST_normal.jpg
  artifactKey: Guid(9fdfcc9fcdc3a0344a0c7c57fb89fd03) Importer(2089858483,192608db42251d675da83286b1cce702)
Start importing Assets/Map/Hungaroring/46ab72b8d1954195b2cf2f57168e1320_N_road_BUDAPEST_normal.jpg using Guid(9fdfcc9fcdc3a0344a0c7c57fb89fd03) Importer(2089858483,192608db42251d675da83286b1cce702) (ScriptedImporter) -> (artifact id: '951c50ee38a24316989c5db7b288444a') in 0.0605879 seconds
Number of updated asset objects reloaded before import = 0Number of asset objects unloaded after import = 1

========================================================================
Received Import Request.
  Time since last request: 0.000036 seconds.
  path: Assets/Map/Spielberg/scene.gltf
  artifactKey: Guid(54a0fa9770eea9240b8c6b12bec3b746) Importer(2089858483,192608db42251d675da83286b1cce702)
Start importing Assets/Map/Spielberg/scene.gltf using Guid(54a0fa9770eea9240b8c6b12bec3b746) Importer(2089858483,192608db42251d675da83286b1cce702) (ScriptedImporter) -> (artifact id: '15120bd9d856b880e20b821d00f1bcf0') in 1.3246756 seconds
Number of updated asset objects reloaded before import = 0Number of asset objects unloaded after import = 3110

========================================================================
Received Import Request.
  Time since last request: 0.000050 seconds.
  path: Assets/Images/bg1.png
  artifactKey: Guid(ff92471d19eb6a04aa59f5766260205e) Importer(2089858483,192608db42251d675da83286b1cce702)
Start importing Assets/Images/bg1.png using Guid(ff92471d19eb6a04aa59f5766260205e) Importer(2089858483,192608db42251d675da83286b1cce702) (ScriptedImporter) -> (artifact id: '04f5fccc40198afd35b08e2fb3ff6155') in 0.0679638 seconds
Number of updated asset objects reloaded before import = 0Number of asset objects unloaded after import = 1

========================================================================
Received Import Request.
  Time since last request: 0.003096 seconds.
  path: Assets/PROMETEO - Car Controller/Materials/PCC_Light_Mat.mat
  artifactKey: Guid(975b4d94cd15da34d833f64957a8479a) Importer(2089858483,192608db42251d675da83286b1cce702)
Start importing Assets/PROMETEO - Car Controller/Materials/PCC_Light_Mat.mat using Guid(975b4d94cd15da34d833f64957a8479a) Importer(2089858483,192608db42251d675da83286b1cce702) (ScriptedImporter) -> (artifact id: 'e9d2e95a7a5f89a32df6a77e6e2c764a') in 0.1892727 seconds
Number of updated asset objects reloaded before import = 0Number of asset objects unloaded after import = 2

========================================================================
Received Import Request.
  Time since last request: 0.000033 seconds.
  path: Assets/Cars/Aston Martin/3f8613c413f5404b8ea09627743998df_N_F2021_STEERING_WHEEL_NORMAL.png
  artifactKey: Guid(5797871dd86befa4e966c9615df72425) Importer(2089858483,192608db42251d675da83286b1cce702)
Start importing Assets/Cars/Aston Martin/3f8613c413f5404b8ea09627743998df_N_F2021_STEERING_WHEEL_NORMAL.png using Guid(5797871dd86befa4e966c9615df72425) Importer(2089858483,192608db42251d675da83286b1cce702) (ScriptedImporter) -> (artifact id: '1cbb8d6a82f8e9a5ebb403177d9a4f0f') in 0.0647183 seconds
Number of updated asset objects reloaded before import = 0Number of asset objects unloaded after import = 1

========================================================================
Received Import Request.
  Time since last request: 0.000197 seconds.
  path: Assets/Map/Hungaroring.asset
  artifactKey: Guid(3e61d7f871423e642a137b95a3e7a0d1) Importer(2089858483,192608db42251d675da83286b1cce702)
Start importing Assets/Map/Hungaroring.asset using Guid(3e61d7f871423e642a137b95a3e7a0d1) Importer(2089858483,192608db42251d675da83286b1cce702) (ScriptedImporter) -> (artifact id: 'c8f687da3ffc873b67427ca2f1b3cb3a') in 0.0678642 seconds
Number of updated asset objects reloaded before import = 0Number of asset objects unloaded after import = 2

========================================================================
Received Import Request.
  Time since last request: 0.001479 seconds.
  path: Assets/Scripts/GameController.cs
  artifactKey: Guid(5acfa334742d7bc4281bf3409af74e3a) Importer(2089858483,192608db42251d675da83286b1cce702)
Start importing Assets/Scripts/GameController.cs using Guid(5acfa334742d7bc4281bf3409af74e3a) Importer(2089858483,192608db42251d675da83286b1cce702) (ScriptedImporter) -> (artifact id: 'e2b0ae236e1a053fc5fe3221468157c8') in 0.0546052 seconds
Number of updated asset objects reloaded before import = 0Number of asset objects unloaded after import = 0

========================================================================
Received Import Request.
  Time since last request: 0.005718 seconds.
  path: Assets/sajat assets/Golf4_bumper_F.prefab
  artifactKey: Guid(463b2e46660331c4fbcfe2d7c235137c) Importer(2089858483,192608db42251d675da83286b1cce702)
Start importing Assets/sajat assets/Golf4_bumper_F.prefab using Guid(463b2e46660331c4fbcfe2d7c235137c) Importer(2089858483,192608db42251d675da83286b1cce702) (ScriptedImporter) -> (artifact id: '930d43cd552d2b54c644ca64ef9f8fff') in 0.1013395 seconds
Number of updated asset objects reloaded before import = 0Number of asset objects unloaded after import = 10

========================================================================
Received Import Request.
  Time since last request: 0.000033 seconds.
  path: Assets/Cars/Aston Martin/ff696c0e48fa4d7298ea3538eec943a7_RGB_F2021_PAINT_RS.png
  artifactKey: Guid(5baa8b38d96481341aaa1cee282e4307) Importer(2089858483,192608db42251d675da83286b1cce702)
Start importing Assets/Cars/Aston Martin/ff696c0e48fa4d7298ea3538eec943a7_RGB_F2021_PAINT_RS.png using Guid(5baa8b38d96481341aaa1cee282e4307) Importer(2089858483,192608db42251d675da83286b1cce702) (ScriptedImporter) -> (artifact id: '9bbcf64fca055d3a38e2eea5e93e83e9') in 0.063956 seconds
Number of updated asset objects reloaded before import = 0Number of asset objects unloaded after import = 1

========================================================================
Received Import Request.
  Time since last request: 0.000433 seconds.
  path: Assets/Scenes/LoadScene.prefab
  artifactKey: Guid(0d0fbfd4d397dde48b82718a070d8910) Importer(2089858483,192608db42251d675da83286b1cce702)
Start importing Assets/Scenes/LoadScene.prefab using Guid(0d0fbfd4d397dde48b82718a070d8910) Importer(2089858483,192608db42251d675da83286b1cce702) (ScriptedImporter) -> (artifact id: '61f802304b025193f5203194301ed5ba') in 0.3775241 seconds
Number of updated asset objects reloaded before import = 0Number of asset objects unloaded after import = 2586

========================================================================
Received Import Request.
  Time since last request: 0.000046 seconds.
  path: Assets/Scripts/LapTimer.cs
  artifactKey: Guid(2de80807eef9e894889f2bc88e0f0bf4) Importer(2089858483,192608db42251d675da83286b1cce702)
Start importing Assets/Scripts/LapTimer.cs using Guid(2de80807eef9e894889f2bc88e0f0bf4) Importer(2089858483,192608db42251d675da83286b1cce702) (ScriptedImporter) -> (artifact id: 'b63cd2e7fd0f51272c21ae64bf4892f9') in 0.0306127 seconds
Number of updated asset objects reloaded before import = 0Number of asset objects unloaded after import = 0

========================================================================
Received Import Request.
  Time since last request: 0.000916 seconds.
  path: Assets/Map/Hungaroring/grass_2_spielberg_baseColor.png
  artifactKey: Guid(356280417a5059343bffe0324d1440dc) Importer(2089858483,192608db42251d675da83286b1cce702)
Start importing Assets/Map/Hungaroring/grass_2_spielberg_baseColor.png using Guid(356280417a5059343bffe0324d1440dc) Importer(2089858483,192608db42251d675da83286b1cce702) (ScriptedImporter) -> (artifact id: '6fe16188c08056217e1496149f274d84') in 0.0692519 seconds
Number of updated asset objects reloaded before import = 0Number of asset objects unloaded after import = 1

========================================================================
Received Import Request.
  Time since last request: 0.000316 seconds.
  path: Assets/Map/Hungaroring/grass_spielberg_baseColor.png
  artifactKey: Guid(f2d067e32d52109409e4cfa46b6301f2) Importer(2089858483,192608db42251d675da83286b1cce702)
Start importing Assets/Map/Hungaroring/grass_spielberg_baseColor.png using Guid(f2d067e32d52109409e4cfa46b6301f2) Importer(2089858483,192608db42251d675da83286b1cce702) (ScriptedImporter) -> (artifact id: 'e9b74c68c4b4d11a2a7965849744b44d') in 0.07396 seconds
Number of updated asset objects reloaded before import = 0Number of asset objects unloaded after import = 1

========================================================================
Received Import Request.
  Time since last request: 0.000367 seconds.
  path: Assets/Music/Pedal Down.mp3
  artifactKey: Guid(3cf0df19c63898b419b990428843584c) Importer(2089858483,192608db42251d675da83286b1cce702)
Start importing Assets/Music/Pedal Down.mp3 using Guid(3cf0df19c63898b419b990428843584c) Importer(2089858483,192608db42251d675da83286b1cce702) (ScriptedImporter) -> (artifact id: 'e7c0e88f3b829b97ef76dee785b9e7f1') in 0.1425751 seconds
Number of updated asset objects reloaded before import = 0Number of asset objects unloaded after import = 1

========================================================================
Received Import Request.
  Time since last request: 0.000592 seconds.
  path: Assets/TextMesh Pro/Shaders/TMP_SDF SSD.shader
  artifactKey: Guid(14eb328de4b8eb245bb7cea29e4ac00b) Importer(2089858483,192608db42251d675da83286b1cce702)
Start importing Assets/TextMesh Pro/Shaders/TMP_SDF SSD.shader using Guid(14eb328de4b8eb245bb7cea29e4ac00b) Importer(2089858483,192608db42251d675da83286b1cce702) (ScriptedImporter) -> (artifact id: '7d7d2204e59741e6e8f82e03f1edf05d') in 0.0629432 seconds
Number of updated asset objects reloaded before import = 0Number of asset objects unloaded after import = 1

========================================================================
Received Import Request.
  Time since last request: 0.000408 seconds.
  path: Assets/TextMesh Pro/Shaders/TMP_SDF-Surface.shader
  artifactKey: Guid(f7ada0af4f174f0694ca6a487b8f543d) Importer(2089858483,192608db42251d675da83286b1cce702)
Start importing Assets/TextMesh Pro/Shaders/TMP_SDF-Surface.shader using Guid(f7ada0af4f174f0694ca6a487b8f543d) Importer(2089858483,192608db42251d675da83286b1cce702) (ScriptedImporter) -> (artifact id: 'cc8915c860d8ba4f6ef0cbd98e58db17') in 0.0450576 seconds
Number of updated asset objects reloaded before import = 0Number of asset objects unloaded after import = 1

========================================================================
Received Import Request.
  Time since last request: 0.000424 seconds.
  path: Assets/TextMesh Pro/Resources/LineBreaking Leading Characters.txt
  artifactKey: Guid(d82c1b31c7e74239bff1220585707d2b) Importer(2089858483,192608db42251d675da83286b1cce702)
Start importing Assets/TextMesh Pro/Resources/LineBreaking Leading Characters.txt using Guid(d82c1b31c7e74239bff1220585707d2b) Importer(2089858483,192608db42251d675da83286b1cce702) (ScriptedImporter) -> (artifact id: 'b70a2ad13a3aceba268ab4d08e927df4') in 0.0365941 seconds
Number of updated asset objects reloaded before import = 0Number of asset objects unloaded after import = 1

========================================================================
Received Import Request.
  Time since last request: 0.000409 seconds.
  path: Assets/Images/FullSpeed-Legends-2025-11-29-.png
  artifactKey: Guid(05a58fe74fcba28498584a5da0b596d1) Importer(2089858483,192608db42251d675da83286b1cce702)
Start importing Assets/Images/FullSpeed-Legends-2025-11-29-.png using Guid(05a58fe74fcba28498584a5da0b596d1) Importer(2089858483,192608db42251d675da83286b1cce702) (ScriptedImporter) -> (artifact id: '3d778c411a866de56c2a5c207266af6d') in 0.0729673 seconds
Number of updated asset objects reloaded before import = 0Number of asset objects unloaded after import = 1

========================================================================
Received Import Request.
  Time since last request: 0.000278 seconds.
  path: Assets/sajat assets/Golf4_windshield.prefab
  artifactKey: Guid(300c913302866fc49a965fc7da3c71cd) Importer(2089858483,192608db42251d675da83286b1cce702)
Start importing Assets/sajat assets/Golf4_windshield.prefab using Guid(300c913302866fc49a965fc7da3c71cd) Importer(2089858483,192608db42251d675da83286b1cce702) (ScriptedImporter) -> (artifact id: '2d14a791f0e8b7e593590560bd07ebf0') in 0.0615887 seconds
Number of updated asset objects reloaded before import = 0Number of asset objects unloaded after import = 6

========================================================================
Received Import Request.
  Time since last request: 0.000044 seconds.
  path: Assets/Scripts/engine/LateExe.cs
  artifactKey: Guid(52091ff54ddde874e8d97937b02c5d8c) Importer(2089858483,192608db42251d675da83286b1cce702)
Start importing Assets/Scripts/engine/LateExe.cs using Guid(52091ff54ddde874e8d97937b02c5d8c) Importer(2089858483,192608db42251d675da83286b1cce702) (ScriptedImporter) -> (artifact id: '6ac36ba8453cc7644a2591528253d6d9') in 0.0376839 seconds
Number of updated asset objects reloaded before import = 0Number of asset objects unloaded after import = 0

========================================================================
Received Import Request.
  Time since last request: 0.000985 seconds.
  path: Assets/sajat assets/BMW3F3016_engine.prefab
  artifactKey: Guid(9d0209bb3b849454c876027df31f9a54) Importer(2089858483,192608db42251d675da83286b1cce702)
Start importing Assets/sajat assets/BMW3F3016_engine.prefab using Guid(9d0209bb3b849454c876027df31f9a54) Importer(2089858483,192608db42251d675da83286b1cce702) (ScriptedImporter) -> (artifact id: '97ef14dcc0046b5c62f444c7d1ec04f1') in 0.0495533 seconds
Number of updated asset objects reloaded before import = 0Number of asset objects unloaded after import = 6

========================================================================
Received Import Request.
  Time since last request: 0.001107 seconds.
  path: Assets/Cars/Red Bull/sounds/f1_5000rpm.wav
  artifactKey: Guid(398e62ade743bd84caf5607f3d4359bc) Importer(2089858483,192608db42251d675da83286b1cce702)
Start importing Assets/Cars/Red Bull/sounds/f1_5000rpm.wav using Guid(398e62ade743bd84caf5607f3d4359bc) Importer(2089858483,192608db42251d675da83286b1cce702) (ScriptedImporter) -> (artifact id: '0509f5d81226caf68f5ff6866c080a75') in 0.1214422 seconds
Number of updated asset objects reloaded before import = 0Number of asset objects unloaded after import = 1

========================================================================
Received Import Request.
  Time since last request: 0.000084 seconds.
  path: Assets/Cars/Red Bull/sounds/f1_10500rpm.wav
  artifactKey: Guid(fb1f9463ae0bf324e8ae16cbe10d97e1) Importer(2089858483,192608db42251d675da83286b1cce702)
Start importing Assets/Cars/Red Bull/sounds/f1_10500rpm.wav using Guid(fb1f9463ae0bf324e8ae16cbe10d97e1) Importer(2089858483,192608db42251d675da83286b1cce702) (ScriptedImporter) -> (artifact id: 'b4335fcd103504e62a26e895d6c7a6f2') in 0.1245904 seconds
Number of updated asset objects reloaded before import = 0Number of asset objects unloaded after import = 1

========================================================================
Received Import Request.
  Time since last request: 0.000028 seconds.
  path: Assets/Cars/Red Bull/sounds/f1_11000prm.wav
  artifactKey: Guid(54f70ee885b31714ca6f6b4266b22fd6) Importer(2089858483,192608db42251d675da83286b1cce702)
Start importing Assets/Cars/Red Bull/sounds/f1_11000prm.wav using Guid(54f70ee885b31714ca6f6b4266b22fd6) Importer(2089858483,192608db42251d675da83286b1cce702) (ScriptedImporter) -> (artifact id: 'bfca1b2d8bc294e8f2dc6365fcd15304') in 0.1294733 seconds
Number of updated asset objects reloaded before import = 0Number of asset objects unloaded after import = 1

========================================================================
Received Import Request.
  Time since last request: 0.000472 seconds.
  path: Assets/Cars/Red Bull/sounds/f1_12000rpm.wav
  artifactKey: Guid(6999d71871fc4214590aab6b0e594947) Importer(2089858483,192608db42251d675da83286b1cce702)
Start importing Assets/Cars/Red Bull/sounds/f1_12000rpm.wav using Guid(6999d71871fc4214590aab6b0e594947) Importer(2089858483,192608db42251d675da83286b1cce702) (ScriptedImporter) -> (artifact id: '500c7262823c0b56b8a72ff5f603ef0d') in 0.1164552 seconds
Number of updated asset objects reloaded before import = 0Number of asset objects unloaded after import = 1

========================================================================
Received Import Request.
  Time since last request: 0.000253 seconds.
  path: Assets/Cars/Red Bull/sounds/f1_base.wav
  artifactKey: Guid(786a04f779742bd40b5e6e7d54b7e42d) Importer(2089858483,192608db42251d675da83286b1cce702)
Start importing Assets/Cars/Red Bull/sounds/f1_base.wav using Guid(786a04f779742bd40b5e6e7d54b7e42d) Importer(2089858483,192608db42251d675da83286b1cce702) (ScriptedImporter) -> (artifact id: '0f43e78ef5ef98f7f289fff06a6b1e47') in 0.1080562 seconds
Number of updated asset objects reloaded before import = 0Number of asset objects unloaded after import = 1

========================================================================
Received Import Request.
  Time since last request: 0.000392 seconds.
  path: Assets/Cars/Red Bull/sounds/f1_8500rpm.wav
  artifactKey: Guid(6fc8b605badeaa941aafaeed23e4f667) Importer(2089858483,192608db42251d675da83286b1cce702)
Start importing Assets/Cars/Red Bull/sounds/f1_8500rpm.wav using Guid(6fc8b605badeaa941aafaeed23e4f667) Importer(2089858483,192608db42251d675da83286b1cce702) (ScriptedImporter) -> (artifact id: '27725703f84e79435732ebcea2a439e6') in 0.1223038 seconds
Number of updated asset objects reloaded before import = 0Number of asset objects unloaded after import = 1

========================================================================
Received Import Request.
  Time since last request: 0.002824 seconds.
  path: Assets/Map/Hungaroring/cbd6abf7dad545bc9c9e49ece0feadc5_RGB_dark_tarmac_BUDAPEST.png
  artifactKey: Guid(31b1708cf7a96204dbc8a1826227b4ce) Importer(2089858483,192608db42251d675da83286b1cce702)
Start importing Assets/Map/Hungaroring/cbd6abf7dad545bc9c9e49ece0feadc5_RGB_dark_tarmac_BUDAPEST.png using Guid(31b1708cf7a96204dbc8a1826227b4ce) Importer(2089858483,192608db42251d675da83286b1cce702) (ScriptedImporter) -> (artifact id: 'd73e521cbc4bd82c62eb24a90f0494ee') in 0.0663849 seconds
Number of updated asset objects reloaded before import = 0Number of asset objects unloaded after import = 1

========================================================================
Received Import Request.
  Time since last request: 0.000314 seconds.
  path: Assets/TextMesh Pro/Shaders/SDFFunctions.hlsl
  artifactKey: Guid(96de908384869cd409c75efa351d5edf) Importer(2089858483,192608db42251d675da83286b1cce702)
Start importing Assets/TextMesh Pro/Shaders/SDFFunctions.hlsl using Guid(96de908384869cd409c75efa351d5edf) Importer(2089858483,192608db42251d675da83286b1cce702) (ScriptedImporter) -> (artifact id: '6bac4756e6a084eba6a917b385705364') in 0.034489 seconds
Number of updated asset objects reloaded before import = 0Number of asset objects unloaded after import = 1

========================================================================
Received Import Request.
  Time since last request: 0.000032 seconds.
  path: Assets/PROMETEO - Car Controller/Scripts/CameraFollow.cs
  artifactKey: Guid(5f6d3ff905719c845a4a6404bc4d4162) Importer(2089858483,192608db42251d675da83286b1cce702)
Start importing Assets/PROMETEO - Car Controller/Scripts/CameraFollow.cs using Guid(5f6d3ff905719c845a4a6404bc4d4162) Importer(2089858483,192608db42251d675da83286b1cce702) (ScriptedImporter) -> (artifact id: '198c087e9eab0235a63db1e3963567da') in 0.0354216 seconds
Number of updated asset objects reloaded before import = 0Number of asset objects unloaded after import = 0

========================================================================
Received Import Request.
  Time since last request: 0.002736 seconds.
  path: Assets/Scripts/RaceManager.cs
  artifactKey: Guid(736c54cee483cd34499dac754291d381) Importer(2089858483,192608db42251d675da83286b1cce702)
Start importing Assets/Scripts/RaceManager.cs using Guid(736c54cee483cd34499dac754291d381) Importer(2089858483,192608db42251d675da83286b1cce702) (ScriptedImporter) -> (artifact id: 'fc0daa2b02e687a20f5e4cdf8a69257a') in 0.0331899 seconds
Number of updated asset objects reloaded before import = 0Number of asset objects unloaded after import = 0

========================================================================
Received Import Request.
  Time since last request: 0.001307 seconds.
  path: Assets/PROMETEO - Car Controller/Scenes/Mobile Devices Demo.unity
  artifactKey: Guid(136749ef7a3080548b1664e996c901e6) Importer(2089858483,192608db42251d675da83286b1cce702)
Start importing Assets/PROMETEO - Car Controller/Scenes/Mobile Devices Demo.unity using Guid(136749ef7a3080548b1664e996c901e6) Importer(2089858483,192608db42251d675da83286b1cce702) (ScriptedImporter) -> (artifact id: 'fd586c8352cec301818bb6174324708b') in 0.0405464 seconds
Number of updated asset objects reloaded before import = 0Number of asset objects unloaded after import = 1

========================================================================
Received Import Request.
  Time since last request: 0.000271 seconds.
  path: Assets/Images/logo.png
  artifactKey: Guid(a619e4ac90e28d24fb3e82b98ce917a8) Importer(2089858483,192608db42251d675da83286b1cce702)
Start importing Assets/Images/logo.png using Guid(a619e4ac90e28d24fb3e82b98ce917a8) Importer(2089858483,192608db42251d675da83286b1cce702) (ScriptedImporter) -> (artifact id: '65d908bfacef630b8bb66a983211a761') in 0.0777181 seconds
Number of updated asset objects reloaded before import = 0Number of asset objects unloaded after import = 1

========================================================================
Received Import Request.
  Time since last request: 0.000073 seconds.
  path: Assets/Map/Spielberg/textures/SPIELBERG_baseColor.jpeg
  artifactKey: Guid(7bf389fb71eab98418ad497ff48a850d) Importer(2089858483,192608db42251d675da83286b1cce702)
Start importing Assets/Map/Spielberg/textures/SPIELBERG_baseColor.jpeg using Guid(7bf389fb71eab98418ad497ff48a850d) Importer(2089858483,192608db42251d675da83286b1cce702) (ScriptedImporter) -> (artifact id: '7dbb104dd40ade9e98df53067c1ebda3') in 0.0606576 seconds
Number of updated asset objects reloaded before import = 0Number of asset objects unloaded after import = 1

========================================================================
Received Import Request.
  Time since last request: 0.000131 seconds.
  path: Assets/Map/Spielberg/textures/runoff_spielberg_normal.png
  artifactKey: Guid(c4c8cd479459e894d8de7e25d1ad4396) Importer(2089858483,192608db42251d675da83286b1cce702)
Start importing Assets/Map/Spielberg/textures/runoff_spielberg_normal.png using Guid(c4c8cd479459e894d8de7e25d1ad4396) Importer(2089858483,192608db42251d675da83286b1cce702) (ScriptedImporter) -> (artifact id: '66e9bc60f273467e33cf564f559aa818') in 0.0646122 seconds
Number of updated asset objects reloaded before import = 0Number of asset objects unloaded after import = 1

========================================================================
Received Import Request.
  Time since last request: 0.000335 seconds.
  path: Assets/PROMETEO - Car Controller/Textures/Mobile Devices/Button_Blank_Tex.png
  artifactKey: Guid(299ba41030d7a36409e6380e9317c890) Importer(2089858483,192608db42251d675da83286b1cce702)
Start importing Assets/PROMETEO - Car Controller/Textures/Mobile Devices/Button_Blank_Tex.png using Guid(299ba41030d7a36409e6380e9317c890) Importer(2089858483,192608db42251d675da83286b1cce702) (ScriptedImporter) -> (artifact id: '80bd0541fe6a222c079c586e80232b0b') in 0.0943553 seconds
Number of updated asset objects reloaded before import = 0Number of asset objects unloaded after import = 3

========================================================================
Received Import Request.
  Time since last request: 0.000025 seconds.
  path: Assets/Map/Spielberg/textures/SPIELBERG_normal.png
  artifactKey: Guid(ab2d811c07871b8469274f95f7a26348) Importer(2089858483,192608db42251d675da83286b1cce702)
Start importing Assets/Map/Spielberg/textures/SPIELBERG_normal.png using Guid(ab2d811c07871b8469274f95f7a26348) Importer(2089858483,192608db42251d675da83286b1cce702) (ScriptedImporter) -> (artifact id: '440e3ce9630365cb196761ca5cb3f0c1') in 0.0613971 seconds
Number of updated asset objects reloaded before import = 0Number of asset objects unloaded after import = 1

========================================================================
Received Import Request.
  Time since last request: 0.000616 seconds.
  path: Assets/Cars/Williams.prefab
  artifactKey: Guid(680097894f6c17f4db57da9de713796e) Importer(2089858483,192608db42251d675da83286b1cce702)
Start importing Assets/Cars/Williams.prefab using Guid(680097894f6c17f4db57da9de713796e) Importer(2089858483,192608db42251d675da83286b1cce702) (ScriptedImporter) -> (artifact id: 'd08e13fc7670e9e37f39304e7172902a') in 0.2716225 seconds
Number of updated asset objects reloaded before import = 0Number of asset objects unloaded after import = 720

========================================================================
Received Import Request.
  Time since last request: 0.000037 seconds.
  path: Assets/TextMesh Pro/Examples & Extras/Materials/Small Crate_diffuse.mat
  artifactKey: Guid(22262639920f43d6be32430e4e58350d) Importer(2089858483,192608db42251d675da83286b1cce702)
Start importing Assets/TextMesh Pro/Examples & Extras/Materials/Small Crate_diffuse.mat using Guid(22262639920f43d6be32430e4e58350d) Importer(2089858483,192608db42251d675da83286b1cce702) (ScriptedImporter) -> (artifact id: 'ebc3313dffb129009f07c0b59fa74389') in 0.0597214 seconds
Number of updated asset objects reloaded before import = 0Number of asset objects unloaded after import = 3

========================================================================
Received Import Request.
  Time since last request: 0.000099 seconds.
  path: Assets/TextMesh Pro/Examples & Extras/Materials/Crate - Surface Shader Scene.mat
  artifactKey: Guid(e6b9b44320f4448d9d5e0ee634259966) Importer(2089858483,192608db42251d675da83286b1cce702)
Start importing Assets/TextMesh Pro/Examples & Extras/Materials/Crate - Surface Shader Scene.mat using Guid(e6b9b44320f4448d9d5e0ee634259966) Importer(2089858483,192608db42251d675da83286b1cce702) (ScriptedImporter) -> (artifact id: '890ff8f40c21d138bed4e6a851d128e3') in 0.081486 seconds
Number of updated asset objects reloaded before import = 0Number of asset objects unloaded after import = 3

========================================================================
Received Import Request.
  Time since last request: 0.000048 seconds.
  path: Assets/Cars/Racing Bulls.prefab
  artifactKey: Guid(d60d3a8c5a4bf5d47ae681b9f285fef8) Importer(2089858483,192608db42251d675da83286b1cce702)
Start importing Assets/Cars/Racing Bulls.prefab using Guid(d60d3a8c5a4bf5d47ae681b9f285fef8) Importer(2089858483,192608db42251d675da83286b1cce702) (ScriptedImporter) -> (artifact id: 'e887a29ee6ae9d7416605a7f67da803c') in 0.2151124 seconds
Number of updated asset objects reloaded before import = 0Number of asset objects unloaded after import = 720

========================================================================
Received Import Request.
  Time since last request: 0.000051 seconds.
  path: Assets/TextMesh Pro/Shaders/TMP_SDF-HDRP UNLIT.shadergraph
  artifactKey: Guid(f63d574838ccfb44f84acc05fed0af48) Importer(2089858483,192608db42251d675da83286b1cce702)
Start importing Assets/TextMesh Pro/Shaders/TMP_SDF-HDRP UNLIT.shadergraph using Guid(f63d574838ccfb44f84acc05fed0af48) Importer(2089858483,192608db42251d675da83286b1cce702) (ScriptedImporter) -> (artifact id: 'a1bec23df1ebeb626f34a11c1be450f8') in 0.030075 seconds
Number of updated asset objects reloaded before import = 0Number of asset objects unloaded after import = 1

========================================================================
Received Import Request.
  Time since last request: 0.000031 seconds.
  path: Assets/TextMesh Pro/Examples & Extras/Prefabs/TextMeshPro - Prefab 2.prefab
  artifactKey: Guid(fdad9d952ae84cafb74c63f2e694d042) Importer(2089858483,192608db42251d675da83286b1cce702)
Start importing Assets/TextMesh Pro/Examples & Extras/Prefabs/TextMeshPro - Prefab 2.prefab using Guid(fdad9d952ae84cafb74c63f2e694d042) Importer(2089858483,192608db42251d675da83286b1cce702) (ScriptedImporter) -> (artifact id: 'c2c5af5a1407b5ff884bfe26efe50c82') in 0.2970721 seconds
Number of updated asset objects reloaded before import = 0Number of asset objects unloaded after import = 16

========================================================================
Received Import Request.
  Time since last request: 0.000034 seconds.
  path: Assets/Images/—Pngtree—futuristic 2025 porsche 911 gt2_20997229 (1).png
  artifactKey: Guid(7cb3899e6451ab545a2e019df5d8bb22) Importer(2089858483,192608db42251d675da83286b1cce702)
Start importing Assets/Images/—Pngtree—futuristic 2025 porsche 911 gt2_20997229 (1).png using Guid(7cb3899e6451ab545a2e019df5d8bb22) Importer(2089858483,192608db42251d675da83286b1cce702) (ScriptedImporter) -> (artifact id: '30d71852a2250995b8a18a1f765d0776') in 0.0750428 seconds
Number of updated asset objects reloaded before import = 0Number of asset objects unloaded after import = 1

========================================================================
Received Import Request.
  Time since last request: 0.000071 seconds.
  path: Assets/Cars/Mercedes Variant.prefab
  artifactKey: Guid(4bed59296ba5d0347a6f900511c21111) Importer(2089858483,192608db42251d675da83286b1cce702)
Start importing Assets/Cars/Mercedes Variant.prefab using Guid(4bed59296ba5d0347a6f900511c21111) Importer(2089858483,192608db42251d675da83286b1cce702) (ScriptedImporter) -> (artifact id: 'a4fc713cc5b18eca6e93b17f0016ba87') in 0.2060939 seconds
Number of updated asset objects reloaded before import = 0Number of asset objects unloaded after import = 720

========================================================================
Received Import Request.
  Time since last request: 0.000073 seconds.
  path: Assets/TextMesh Pro/Examples & Extras/Scripts/EnvMapAnimator.cs
  artifactKey: Guid(a4b6f99e8bc54541bbd149b014ff441c) Importer(2089858483,192608db42251d675da83286b1cce702)
Start importing Assets/TextMesh Pro/Examples & Extras/Scripts/EnvMapAnimator.cs using Guid(a4b6f99e8bc54541bbd149b014ff441c) Importer(2089858483,192608db42251d675da83286b1cce702) (ScriptedImporter) -> (artifact id: '2e5c669a375eafc4ca1a3c074df9f830') in 0.0369607 seconds
Number of updated asset objects reloaded before import = 0Number of asset objects unloaded after import = 0

========================================================================
Received Import Request.
  Time since last request: 0.001721 seconds.
  path: Assets/TextMesh Pro/Examples & Extras/Scripts/Benchmark03.cs
  artifactKey: Guid(a73109742c8d47ac822895a473300c29) Importer(2089858483,192608db42251d675da83286b1cce702)
Start importing Assets/TextMesh Pro/Examples & Extras/Scripts/Benchmark03.cs using Guid(a73109742c8d47ac822895a473300c29) Importer(2089858483,192608db42251d675da83286b1cce702) (ScriptedImporter) -> (artifact id: 'c2de69bb4b820db08e88b16b182dd3c3') in 0.049631 seconds
Number of updated asset objects reloaded before import = 0Number of asset objects unloaded after import = 0

========================================================================
Received Import Request.
  Time since last request: 0.000745 seconds.
  path: Assets/TextMesh Pro/Examples & Extras/Scripts/DropdownSample.cs
  artifactKey: Guid(ac1eb05af6d391b4eb0f4c070a99f1d0) Importer(2089858483,192608db42251d675da83286b1cce702)
Start importing Assets/TextMesh Pro/Examples & Extras/Scripts/DropdownSample.cs using Guid(ac1eb05af6d391b4eb0f4c070a99f1d0) Importer(2089858483,192608db42251d675da83286b1cce702) (ScriptedImporter) -> (artifact id: 'dfbba27ea38d9f11e5bdcee1c5698773') in 0.0283783 seconds
Number of updated asset objects reloaded before import = 0Number of asset objects unloaded after import = 0

========================================================================
Received Import Request.
  Time since last request: 0.000857 seconds.
  path: Assets/TextMesh Pro/Examples & Extras/Scenes/Benchmark (Floating Text).unity
  artifactKey: Guid(16177da2e3254cee91944756d5f8ddd3) Importer(2089858483,192608db42251d675da83286b1cce702)
Start importing Assets/TextMesh Pro/Examples & Extras/Scenes/Benchmark (Floating Text).unity using Guid(16177da2e3254cee91944756d5f8ddd3) Importer(2089858483,192608db42251d675da83286b1cce702) (ScriptedImporter) -> (artifact id: '4334f4d2c2a8fb354cabc00f67d9ce85') in 0.0408291 seconds
Number of updated asset objects reloaded before import = 0Number of asset objects unloaded after import = 1

========================================================================
Received Import Request.
  Time since last request: 0.001220 seconds.
  path: Assets/TextMesh Pro/Examples & Extras/Scenes/22 - Basic Scripting Example.unity
  artifactKey: Guid(6250f98e58fe4abbaada5d84b7ca846d) Importer(2089858483,192608db42251d675da83286b1cce702)
Start importing Assets/TextMesh Pro/Examples & Extras/Scenes/22 - Basic Scripting Example.unity using Guid(6250f98e58fe4abbaada5d84b7ca846d) Importer(2089858483,192608db42251d675da83286b1cce702) (ScriptedImporter) -> (artifact id: '0aeb46d71f62f5c51260191c9a64df1e') in 0.0316838 seconds
Number of updated asset objects reloaded before import = 0Number of asset objects unloaded after import = 1

========================================================================
Received Import Request.
  Time since last request: 0.001002 seconds.
  path: Assets/TextMesh Pro/Examples & Extras/Scenes/23 - Animating Vertex Attributes.unity
  artifactKey: Guid(54e994244b4b467e8583cf2da6dcc716) Importer(2089858483,192608db42251d675da83286b1cce702)
Start importing Assets/TextMesh Pro/Examples & Extras/Scenes/23 - Animating Vertex Attributes.unity using Guid(54e994244b4b467e8583cf2da6dcc716) Importer(2089858483,192608db42251d675da83286b1cce702) (ScriptedImporter) -> (artifact id: '70b317e9c6b004ecba582529211086f9') in 0.0349357 seconds
Number of updated asset objects reloaded before import = 0Number of asset objects unloaded after import = 1

========================================================================
Received Import Request.
  Time since last request: 0.000059 seconds.
  path: Assets/TextMesh Pro/Examples & Extras/Scenes/24 - Surface Shader Example.unity
  artifactKey: Guid(8c4969fd8ba94a68b07cf11f3e7a5137) Importer(2089858483,192608db42251d675da83286b1cce702)
Start importing Assets/TextMesh Pro/Examples & Extras/Scenes/24 - Surface Shader Example.unity using Guid(8c4969fd8ba94a68b07cf11f3e7a5137) Importer(2089858483,192608db42251d675da83286b1cce702) (ScriptedImporter) -> (artifact id: '754455a47a0bd26bbcd1d82446b1c587') in 0.0315216 seconds
Number of updated asset objects reloaded before import = 0Number of asset objects unloaded after import = 1

========================================================================
Received Import Request.
  Time since last request: 0.000044 seconds.
  path: Assets/Map/Spielberg/textures/barriers_spielberg_normal.png
  artifactKey: Guid(38f0c822583d2464bb351b285469e8b3) Importer(2089858483,192608db42251d675da83286b1cce702)
Start importing Assets/Map/Spielberg/textures/barriers_spielberg_normal.png using Guid(38f0c822583d2464bb351b285469e8b3) Importer(2089858483,192608db42251d675da83286b1cce702) (ScriptedImporter) -> (artifact id: 'e2fdf8514fcc552eff68a6a0cc16b137') in 0.0612361 seconds
Number of updated asset objects reloaded before import = 0Number of asset objects unloaded after import = 1

========================================================================
Received Import Request.
  Time since last request: 0.000710 seconds.
  path: Assets/TextMesh Pro/Examples & Extras/Scenes/18 - ScrollRect & Masking & Layout.unity
  artifactKey: Guid(03f9d74cec8e4b94a29d2dfd177c821b) Importer(2089858483,192608db42251d675da83286b1cce702)
Start importing Assets/TextMesh Pro/Examples & Extras/Scenes/18 - ScrollRect & Masking & Layout.unity using Guid(03f9d74cec8e4b94a29d2dfd177c821b) Importer(2089858483,192608db42251d675da83286b1cce702) (ScriptedImporter) -> (artifact id: 'e902066b903ccea2a13d098a016fc5ec') in 0.0392309 seconds
Number of updated asset objects reloaded before import = 0Number of asset objects unloaded after import = 1

========================================================================
Received Import Request.
  Time since last request: 0.000706 seconds.
  path: Assets/Cars/Red Bull/sounds/f1_9500rpm.wav
  artifactKey: Guid(57f0aaa738483dd4c9d05dcf54f4a010) Importer(2089858483,192608db42251d675da83286b1cce702)
Start importing Assets/Cars/Red Bull/sounds/f1_9500rpm.wav using Guid(57f0aaa738483dd4c9d05dcf54f4a010) Importer(2089858483,192608db42251d675da83286b1cce702) (ScriptedImporter) -> (artifact id: 'f3953ae8f385f1b69a214bfdb8025c5c') in 0.1147356 seconds
Number of updated asset objects reloaded before import = 0Number of asset objects unloaded after import = 1

========================================================================
Received Import Request.
  Time since last request: 0.000300 seconds.
  path: Assets/TextMesh Pro/Examples & Extras/Sprites/Default Sprites.png
  artifactKey: Guid(a0fc465d6cf04254a2938578735e2383) Importer(2089858483,192608db42251d675da83286b1cce702)
Start importing Assets/TextMesh Pro/Examples & Extras/Sprites/Default Sprites.png using Guid(a0fc465d6cf04254a2938578735e2383) Importer(2089858483,192608db42251d675da83286b1cce702) (ScriptedImporter) -> (artifact id: '817080bb29572a8a705bb5584e6d7a5d') in 0.0643199 seconds
Number of updated asset objects reloaded before import = 0Number of asset objects unloaded after import = 1

========================================================================
Received Import Request.
  Time since last request: 0.000117 seconds.
  path: Assets/TextMesh Pro/Examples & Extras/Scripts/VertexColorCycler.cs
  artifactKey: Guid(91b8ba3d52e041fab2d0e0f169855539) Importer(2089858483,192608db42251d675da83286b1cce702)
Start importing Assets/TextMesh Pro/Examples & Extras/Scripts/VertexColorCycler.cs using Guid(91b8ba3d52e041fab2d0e0f169855539) Importer(2089858483,192608db42251d675da83286b1cce702) (ScriptedImporter) -> (artifact id: '99bc6b96c30af403f78f8629a033c409') in 0.0378783 seconds
Number of updated asset objects reloaded before import = 0Number of asset objects unloaded after import = 0

========================================================================
Received Import Request.
  Time since last request: 0.000185 seconds.
  path: Assets/TextMesh Pro/Examples & Extras/Scripts/TMP_UiFrameRateCounter.cs
  artifactKey: Guid(24b0dc2d1d494adbbec1f4db26b4cf83) Importer(2089858483,192608db42251d675da83286b1cce702)
Start importing Assets/TextMesh Pro/Examples & Extras/Scripts/TMP_UiFrameRateCounter.cs using Guid(24b0dc2d1d494adbbec1f4db26b4cf83) Importer(2089858483,192608db42251d675da83286b1cce702) (ScriptedImporter) -> (artifact id: 'db93c2ecb1454d6e1569b6de1a821ff2') in 0.0312449 seconds
Number of updated asset objects reloaded before import = 0Number of asset objects unloaded after import = 0

========================================================================
Received Import Request.
  Time since last request: 0.000270 seconds.
  path: Assets/TextMesh Pro/Examples & Extras/Scripts/TMP_TextSelector_A.cs
  artifactKey: Guid(103e0a6a1d404693b9fb1a5173e0e979) Importer(2089858483,192608db42251d675da83286b1cce702)
Start importing Assets/TextMesh Pro/Examples & Extras/Scripts/TMP_TextSelector_A.cs using Guid(103e0a6a1d404693b9fb1a5173e0e979) Importer(2089858483,192608db42251d675da83286b1cce702) (ScriptedImporter) -> (artifact id: 'a570435ae9a827f2460d5584be133330') in 0.0322628 seconds
Number of updated asset objects reloaded before import = 0Number of asset objects unloaded after import = 0

========================================================================
Received Import Request.
  Time since last request: 0.000985 seconds.
  path: Assets/TextMesh Pro/Examples & Extras/Scripts/VertexJitter.cs
  artifactKey: Guid(2ed57967c52645d390a89dcf8f61ba73) Importer(2089858483,192608db42251d675da83286b1cce702)
Start importing Assets/TextMesh Pro/Examples & Extras/Scripts/VertexJitter.cs using Guid(2ed57967c52645d390a89dcf8f61ba73) Importer(2089858483,192608db42251d675da83286b1cce702) (ScriptedImporter) -> (artifact id: '08bb3b77010d8e4c59bd243146c4b42d') in 0.041523 seconds
Number of updated asset objects reloaded before import = 0Number of asset objects unloaded after import = 0

========================================================================
Received Import Request.
  Time since last request: 0.000404 seconds.
  path: Assets/TextMesh Pro/Examples & Extras/Textures/Floor Cement.jpg
  artifactKey: Guid(283f897e4925411ebbaa758b4cb13fc2) Importer(2089858483,192608db42251d675da83286b1cce702)
Start importing Assets/TextMesh Pro/Examples & Extras/Textures/Floor Cement.jpg using Guid(283f897e4925411ebbaa758b4cb13fc2) Importer(2089858483,192608db42251d675da83286b1cce702) (ScriptedImporter) -> (artifact id: '98dbc62c4e964c066e8ff3f3d14e1006') in 0.0697272 seconds
Number of updated asset objects reloaded before import = 0Number of asset objects unloaded after import = 1

========================================================================
Received Import Request.
  Time since last request: 0.001351 seconds.
  path: Assets/TextMesh Pro/Examples & Extras/Scripts/TextMeshSpawner.cs
  artifactKey: Guid(76c11bbcfddf44e0ba17d6c2751c8d84) Importer(2089858483,192608db42251d675da83286b1cce702)
Start importing Assets/TextMesh Pro/Examples & Extras/Scripts/TextMeshSpawner.cs using Guid(76c11bbcfddf44e0ba17d6c2751c8d84) Importer(2089858483,192608db42251d675da83286b1cce702) (ScriptedImporter) -> (artifact id: '802e8c8e70a2898528cdd2f27651e1b5') in 0.0349317 seconds
Number of updated asset objects reloaded before import = 0Number of asset objects unloaded after import = 0

========================================================================
Received Import Request.
  Time since last request: 0.000226 seconds.
  path: Assets/Map/Spielberg/textures/tarmac_dirty_spielberg_normal.png
  artifactKey: Guid(a93285b49bed7eb409e5bce3fd6a59d5) Importer(2089858483,192608db42251d675da83286b1cce702)
Start importing Assets/Map/Spielberg/textures/tarmac_dirty_spielberg_normal.png using Guid(a93285b49bed7eb409e5bce3fd6a59d5) Importer(2089858483,192608db42251d675da83286b1cce702) (ScriptedImporter) -> (artifact id: '1d48dbbcb06ce553054cac42dbdbb809') in 0.0660636 seconds
Number of updated asset objects reloaded before import = 0Number of asset objects unloaded after import = 1

========================================================================
Received Import Request.
  Time since last request: 0.000517 seconds.
  path: Assets/Map/Spielberg/textures/garages_spielberg_baseColor.png
  artifactKey: Guid(865d32ce7a41f3b4284bdf29c1d4e299) Importer(2089858483,192608db42251d675da83286b1cce702)
Start importing Assets/Map/Spielberg/textures/garages_spielberg_baseColor.png using Guid(865d32ce7a41f3b4284bdf29c1d4e299) Importer(2089858483,192608db42251d675da83286b1cce702) (ScriptedImporter) -> (artifact id: '241a7f70da4a128a863d8cd84df68150') in 0.0599637 seconds
Number of updated asset objects reloaded before import = 0Number of asset objects unloaded after import = 1

========================================================================
Received Import Request.
  Time since last request: 0.000387 seconds.
  path: Assets/TextMesh Pro/Examples & Extras/Scenes/05 - Style Tags.unity
  artifactKey: Guid(70615243e2be4a81afaab9bf5d273d65) Importer(2089858483,192608db42251d675da83286b1cce702)
Start importing Assets/TextMesh Pro/Examples & Extras/Scenes/05 - Style Tags.unity using Guid(70615243e2be4a81afaab9bf5d273d65) Importer(2089858483,192608db42251d675da83286b1cce702) (ScriptedImporter) -> (artifact id: '2f62fe148406f3f114cef32d57607d48') in 0.0339895 seconds
Number of updated asset objects reloaded before import = 0Number of asset objects unloaded after import = 1

========================================================================
Received Import Request.
  Time since last request: 0.000162 seconds.
  path: Assets/TextMesh Pro/Examples & Extras/Scenes/04 - Word Wrapping.unity
  artifactKey: Guid(8f7137eacd7042d5b17ef0efe5e744f5) Importer(2089858483,192608db42251d675da83286b1cce702)
Start importing Assets/TextMesh Pro/Examples & Extras/Scenes/04 - Word Wrapping.unity using Guid(8f7137eacd7042d5b17ef0efe5e744f5) Importer(2089858483,192608db42251d675da83286b1cce702) (ScriptedImporter) -> (artifact id: '7d68f19e0d2da6cf4d9c28495fd2d7d3') in 0.0329255 seconds
Number of updated asset objects reloaded before import = 0Number of asset objects unloaded after import = 1

========================================================================
Received Import Request.
  Time since last request: 0.000143 seconds.
  path: Assets/TextMesh Pro/Examples & Extras/Textures/Wipe Pattern - Radial Quad.psd
  artifactKey: Guid(2b5e9ae96c5644d8bae932f8b4ca68a2) Importer(2089858483,192608db42251d675da83286b1cce702)
Start importing Assets/TextMesh Pro/Examples & Extras/Textures/Wipe Pattern - Radial Quad.psd using Guid(2b5e9ae96c5644d8bae932f8b4ca68a2) Importer(2089858483,192608db42251d675da83286b1cce702) (ScriptedImporter) -> (artifact id: 'b31db3b5e4cbff2dfdcd949c844ea366') in 0.073997 seconds
Number of updated asset objects reloaded before import = 0Number of asset objects unloaded after import = 1

========================================================================
Received Import Request.
  Time since last request: 0.000274 seconds.
  path: Assets/TextMesh Pro/Resources/Fonts & Materials/LiberationSans SDF.asset
  artifactKey: Guid(8f586378b4e144a9851e7b34d9b748ee) Importer(2089858483,192608db42251d675da83286b1cce702)
Start importing Assets/TextMesh Pro/Resources/Fonts & Materials/LiberationSans SDF.asset using Guid(8f586378b4e144a9851e7b34d9b748ee) Importer(2089858483,192608db42251d675da83286b1cce702) (ScriptedImporter) -> (artifact id: 'e37f5e3f93a480f7567ce5c507e1df73') in 0.179975 seconds
Number of updated asset objects reloaded before import = 0Number of asset objects unloaded after import = 8

========================================================================
Received Import Request.
  Time since last request: 0.000039 seconds.
  path: Assets/Vehicle_Essentials/Vehicle_Car/Vehicle_Car_Doors/Vehicle_Car_Door_Closing_Exterior_01.wav
  artifactKey: Guid(5affcdde455310c4a8b743f88287eb97) Importer(2089858483,192608db42251d675da83286b1cce702)
Start importing Assets/Vehicle_Essentials/Vehicle_Car/Vehicle_Car_Doors/Vehicle_Car_Door_Closing_Exterior_01.wav using Guid(5affcdde455310c4a8b743f88287eb97) Importer(2089858483,192608db42251d675da83286b1cce702) (ScriptedImporter) -> (artifact id: 'a1e8a4a0fc91094af988d2312e5883dc') in 0.0713096 seconds
Number of updated asset objects reloaded before import = 0Number of asset objects unloaded after import = 1

========================================================================
Received Import Request.
  Time since last request: 0.000039 seconds.
  path: Assets/TextMesh Pro/Examples & Extras/Textures/Wipe Pattern - Circle.psd
  artifactKey: Guid(10c49fcd9c64421db7c0133e61e55f97) Importer(2089858483,192608db42251d675da83286b1cce702)
Start importing Assets/TextMesh Pro/Examples & Extras/Textures/Wipe Pattern - Circle.psd using Guid(10c49fcd9c64421db7c0133e61e55f97) Importer(2089858483,192608db42251d675da83286b1cce702) (ScriptedImporter) -> (artifact id: '1368b0326a51d2e05be6e1c5074375df') in 0.0607276 seconds
Number of updated asset objects reloaded before import = 0Number of asset objects unloaded after import = 1

========================================================================
Received Import Request.
  Time since last request: 0.000351 seconds.
  path: Assets/Vehicle_Essentials/Vehicle_Car/Vehicle_Car_Doors/Vehicle_Car_Door_Closing_Interior_02.wav
  artifactKey: Guid(bc740e398ec93824d87635e12bb45b2b) Importer(2089858483,192608db42251d675da83286b1cce702)
Start importing Assets/Vehicle_Essentials/Vehicle_Car/Vehicle_Car_Doors/Vehicle_Car_Door_Closing_Interior_02.wav using Guid(bc740e398ec93824d87635e12bb45b2b) Importer(2089858483,192608db42251d675da83286b1cce702) (ScriptedImporter) -> (artifact id: 'ac75caa11f6a74d1a29932048924f7f4') in 0.082178 seconds
Number of updated asset objects reloaded before import = 0Number of asset objects unloaded after import = 1

========================================================================
Received Import Request.
  Time since last request: 0.000027 seconds.
  path: Assets/TextMesh Pro/Examples & Extras/Textures/Sunny Days - Seamless.jpg
  artifactKey: Guid(17c350171f7a3ca479f830547c66d187) Importer(2089858483,192608db42251d675da83286b1cce702)
Start importing Assets/TextMesh Pro/Examples & Extras/Textures/Sunny Days - Seamless.jpg using Guid(17c350171f7a3ca479f830547c66d187) Importer(2089858483,192608db42251d675da83286b1cce702) (ScriptedImporter) -> (artifact id: 'f3d0afd5723d0911e40e6e561c212f97') in 0.0558085 seconds
Number of updated asset objects reloaded before import = 0Number of asset objects unloaded after import = 1

========================================================================
Received Import Request.
  Time since last request: 0.001206 seconds.
  path: Assets/Vehicle_Essentials/Vehicle_Car/Vehicle_Car_Electric_Window/Vehicle_Car_ElectricWindow_Closing.wav
  artifactKey: Guid(96fc32f667a183e44b32f8c3dae5fe3d) Importer(2089858483,192608db42251d675da83286b1cce702)
Start importing Assets/Vehicle_Essentials/Vehicle_Car/Vehicle_Car_Electric_Window/Vehicle_Car_ElectricWindow_Closing.wav using Guid(96fc32f667a183e44b32f8c3dae5fe3d) Importer(2089858483,192608db42251d675da83286b1cce702) (ScriptedImporter) -> (artifact id: '34dababfa56c4204666ae24e6183c233') in 0.0806731 seconds
Number of updated asset objects reloaded before import = 0Number of asset objects unloaded after import = 1

========================================================================
Received Import Request.
  Time since last request: 0.000092 seconds.
  path: Assets/Vehicle_Essentials/Vehicle_Car/Vehicle_Car_Engine/Vehicle_Car_Engine_1000_RPM_Rear_Exterior_Loop.wav
  artifactKey: Guid(3c1c130f6e1be75418d305f8e478e0f0) Importer(2089858483,192608db42251d675da83286b1cce702)
Start importing Assets/Vehicle_Essentials/Vehicle_Car/Vehicle_Car_Engine/Vehicle_Car_Engine_1000_RPM_Rear_Exterior_Loop.wav using Guid(3c1c130f6e1be75418d305f8e478e0f0) Importer(2089858483,192608db42251d675da83286b1cce702) (ScriptedImporter) -> (artifact id: 'd58db51d91e666e00964fc79e6e7913c') in 0.1095418 seconds
Number of updated asset objects reloaded before import = 0Number of asset objects unloaded after import = 1

========================================================================
Received Import Request.
  Time since last request: 0.000993 seconds.
  path: Assets/Vehicle_Essentials/Vehicle_Car/Vehicle_Car_Engine/Vehicle_Car_Engine_Idle_Interior_Loop_01.wav
  artifactKey: Guid(880154ee893c42e4bb927527285c107d) Importer(2089858483,192608db42251d675da83286b1cce702)
Start importing Assets/Vehicle_Essentials/Vehicle_Car/Vehicle_Car_Engine/Vehicle_Car_Engine_Idle_Interior_Loop_01.wav using Guid(880154ee893c42e4bb927527285c107d) Importer(2089858483,192608db42251d675da83286b1cce702) (ScriptedImporter) -> (artifact id: 'bbae22e8c8ebf258e3942ad2f89ef8d5') in 0.1295432 seconds
Number of updated asset objects reloaded before import = 0Number of asset objects unloaded after import = 1

========================================================================
Received Import Request.
  Time since last request: 0.000089 seconds.
  path: Assets/Vehicle_Essentials/Vehicle_Car/Vehicle_Car_Drive/Vehicle_Car_Drive_Exterior_Short_Loop.wav
  artifactKey: Guid(fcf7d281354eb6340bf006a9528281e4) Importer(2089858483,192608db42251d675da83286b1cce702)
Start importing Assets/Vehicle_Essentials/Vehicle_Car/Vehicle_Car_Drive/Vehicle_Car_Drive_Exterior_Short_Loop.wav using Guid(fcf7d281354eb6340bf006a9528281e4) Importer(2089858483,192608db42251d675da83286b1cce702) (ScriptedImporter) -> (artifact id: '94b494664a4117862d0b7cf8b4bbfb75') in 0.0825514 seconds
Number of updated asset objects reloaded before import = 0Number of asset objects unloaded after import = 1

========================================================================
Received Import Request.
  Time since last request: 0.000108 seconds.
  path: Assets/Vehicle_Essentials/Vehicle_Car/Vehicle_Car_Drive/Vehicle_Car_Drive_Interior_Loop_01.wav
  artifactKey: Guid(a2433afdf39a6f842a45e18593605af0) Importer(2089858483,192608db42251d675da83286b1cce702)
Start importing Assets/Vehicle_Essentials/Vehicle_Car/Vehicle_Car_Drive/Vehicle_Car_Drive_Interior_Loop_01.wav using Guid(a2433afdf39a6f842a45e18593605af0) Importer(2089858483,192608db42251d675da83286b1cce702) (ScriptedImporter) -> (artifact id: '4b5df9c35a2979e72e8deff22912b158') in 0.3609137 seconds
Number of updated asset objects reloaded before import = 0Number of asset objects unloaded after import = 1

========================================================================
Received Import Request.
  Time since last request: 0.000083 seconds.
  path: Assets/Vehicle_Essentials/Vehicle_Car/Vehicle_Car_Keys/Vehicle_Car_Keys_01.wav
  artifactKey: Guid(203c89446a8e5b34f89f1b69a42da323) Importer(2089858483,192608db42251d675da83286b1cce702)
Start importing Assets/Vehicle_Essentials/Vehicle_Car/Vehicle_Car_Keys/Vehicle_Car_Keys_01.wav using Guid(203c89446a8e5b34f89f1b69a42da323) Importer(2089858483,192608db42251d675da83286b1cce702) (ScriptedImporter) -> (artifact id: '8de9cea31ebaaa11ac0a4bf828aebb82') in 0.0723665 seconds
Number of updated asset objects reloaded before import = 0Number of asset objects unloaded after import = 1

========================================================================
Received Import Request.
  Time since last request: 0.000058 seconds.
  path: Assets/Vehicle_Essentials/Vehicle_Car/Vehicle_Car_Horns/Vehicle_Car_Horn_Interior.wav
  artifactKey: Guid(2577710ba2fedff49afe28b2b3710e9b) Importer(2089858483,192608db42251d675da83286b1cce702)
Start importing Assets/Vehicle_Essentials/Vehicle_Car/Vehicle_Car_Horns/Vehicle_Car_Horn_Interior.wav using Guid(2577710ba2fedff49afe28b2b3710e9b) Importer(2089858483,192608db42251d675da83286b1cce702) (ScriptedImporter) -> (artifact id: '2e9a468407312ba89446994103087829') in 0.0744809 seconds
Number of updated asset objects reloaded before import = 0Number of asset objects unloaded after import = 1

========================================================================
Received Import Request.
  Time since last request: 0.000692 seconds.
  path: Assets/TextMesh Pro/Examples & Extras/Scenes/14 - Multi Font & Sprites.unity
  artifactKey: Guid(22a2fba786ad4c40ac0ba09f0b933100) Importer(2089858483,192608db42251d675da83286b1cce702)
Start importing Assets/TextMesh Pro/Examples & Extras/Scenes/14 - Multi Font & Sprites.unity using Guid(22a2fba786ad4c40ac0ba09f0b933100) Importer(2089858483,192608db42251d675da83286b1cce702) (ScriptedImporter) -> (artifact id: '61d6c291961b7a5bd69e7462cd201bcd') in 0.0372275 seconds
Number of updated asset objects reloaded before import = 0Number of asset objects unloaded after import = 1

========================================================================
Received Import Request.
  Time since last request: 0.001472 seconds.
  path: Assets/Vehicle_Essentials/Vehicle_Car/Vehicle_Car_Buttons/Vehicle_Car_Button_02.wav
  artifactKey: Guid(56d1669bab87b7845942de66f4197b44) Importer(2089858483,192608db42251d675da83286b1cce702)
Start importing Assets/Vehicle_Essentials/Vehicle_Car/Vehicle_Car_Buttons/Vehicle_Car_Button_02.wav using Guid(56d1669bab87b7845942de66f4197b44) Importer(2089858483,192608db42251d675da83286b1cce702) (ScriptedImporter) -> (artifact id: 'bc5d145a907eef67a8145d64dd9355b5') in 0.0791092 seconds
Number of updated asset objects reloaded before import = 0Number of asset objects unloaded after import = 1

========================================================================
Received Import Request.
  Time since last request: 0.001770 seconds.
  path: Assets/Vehicle_Essentials/Vehicle_Car/Vehicle_Car_Wiper/Vehicle_Car_Wiper_Exterior_Loop.wav
  artifactKey: Guid(c628ae01e5787e741a6bd5cceef82b6a) Importer(2089858483,192608db42251d675da83286b1cce702)
Start importing Assets/Vehicle_Essentials/Vehicle_Car/Vehicle_Car_Wiper/Vehicle_Car_Wiper_Exterior_Loop.wav using Guid(c628ae01e5787e741a6bd5cceef82b6a) Importer(2089858483,192608db42251d675da83286b1cce702) (ScriptedImporter) -> (artifact id: '2b7d5c6437ff62d3058498528d830577') in 0.0823996 seconds
Number of updated asset objects reloaded before import = 0Number of asset objects unloaded after import = 1

========================================================================
Received Import Request.
  Time since last request: 0.000033 seconds.
  path: Assets/Vehicle_Essentials/Vehicle_Car/Vehicle_Car_Keys/Vehicle_Car_Keys_05.wav
  artifactKey: Guid(1e0f354b7916362408190f56aa64fc45) Importer(2089858483,192608db42251d675da83286b1cce702)
Start importing Assets/Vehicle_Essentials/Vehicle_Car/Vehicle_Car_Keys/Vehicle_Car_Keys_05.wav using Guid(1e0f354b7916362408190f56aa64fc45) Importer(2089858483,192608db42251d675da83286b1cce702) (ScriptedImporter) -> (artifact id: '467f3ece4e265622dc3cb27e09133bf1') in 0.0681848 seconds
Number of updated asset objects reloaded before import = 0Number of asset objects unloaded after import = 1

========================================================================
Received Import Request.
  Time since last request: 0.000824 seconds.
  path: Assets/Vehicle_Essentials/Vehicle_Car/Vehicle_Car_Warning/Vehicle_Car_Warning_Interior_Loop_01.wav
  artifactKey: Guid(e40a4d91b9832b541a01f7300a5f6c9b) Importer(2089858483,192608db42251d675da83286b1cce702)
Start importing Assets/Vehicle_Essentials/Vehicle_Car/Vehicle_Car_Warning/Vehicle_Car_Warning_Interior_Loop_01.wav using Guid(e40a4d91b9832b541a01f7300a5f6c9b) Importer(2089858483,192608db42251d675da83286b1cce702) (ScriptedImporter) -> (artifact id: '74b615c1d049742c4d583e86129156f5') in 0.083807 seconds
Number of updated asset objects reloaded before import = 0Number of asset objects unloaded after import = 1

========================================================================
Received Import Request.
  Time since last request: 0.000057 seconds.
  path: Assets/Vehicle_Essentials/Vehicle_Car/Vehicle_Car_Trunk/Vehicle_Car_Trunk_Open.wav
  artifactKey: Guid(521429b7d2f9f2a49b76107ddbcbc326) Importer(2089858483,192608db42251d675da83286b1cce702)
Start importing Assets/Vehicle_Essentials/Vehicle_Car/Vehicle_Car_Trunk/Vehicle_Car_Trunk_Open.wav using Guid(521429b7d2f9f2a49b76107ddbcbc326) Importer(2089858483,192608db42251d675da83286b1cce702) (ScriptedImporter) -> (artifact id: '9f32ad811669f70c7ad66cc838ee218a') in 0.0741857 seconds
Number of updated asset objects reloaded before import = 0Number of asset objects unloaded after import = 1

========================================================================
Received Import Request.
  Time since last request: 0.002232 seconds.
  path: Assets/Map/Spielberg/textures/SPIELBERG_specularf0.png
  artifactKey: Guid(4e19dac92eb4fcb48a6dec7353fad37c) Importer(2089858483,192608db42251d675da83286b1cce702)
Start importing Assets/Map/Spielberg/textures/SPIELBERG_specularf0.png using Guid(4e19dac92eb4fcb48a6dec7353fad37c) Importer(2089858483,192608db42251d675da83286b1cce702) (ScriptedImporter) -> (artifact id: '1c0dd62348f1cec991277a175ddaffa2') in 0.0707192 seconds
Number of updated asset objects reloaded before import = 0Number of asset objects unloaded after import = 1

========================================================================
Received Import Request.
  Time since last request: 0.000967 seconds.
  path: Assets/Cars/Red Bull/sounds/f1_6500rpm.wav
  artifactKey: Guid(49a18e363f0f1e94a89cd3888db474e0) Importer(2089858483,192608db42251d675da83286b1cce702)
Start importing Assets/Cars/Red Bull/sounds/f1_6500rpm.wav using Guid(49a18e363f0f1e94a89cd3888db474e0) Importer(2089858483,192608db42251d675da83286b1cce702) (ScriptedImporter) -> (artifact id: 'cc46c86c4b4ef95cc095e8e28eb31de8') in 0.1431889 seconds
Number of updated asset objects reloaded before import = 0Number of asset objects unloaded after import = 1

========================================================================
Received Import Request.
  Time since last request: 0.000115 seconds.
  path: Assets/Vehicle_Essentials/Vehicle_Van/Vehicle_Van_Buttons/Vehicle_Van_Buttons_Interior_11.wav
  artifactKey: Guid(676825e30218fd84382621a0a36947ed) Importer(2089858483,192608db42251d675da83286b1cce702)
Start importing Assets/Vehicle_Essentials/Vehicle_Van/Vehicle_Van_Buttons/Vehicle_Van_Buttons_Interior_11.wav using Guid(676825e30218fd84382621a0a36947ed) Importer(2089858483,192608db42251d675da83286b1cce702) (ScriptedImporter) -> (artifact id: 'f566427b5c4bc9b82f691218e24c6c28') in 0.0719267 seconds
Number of updated asset objects reloaded before import = 0Number of asset objects unloaded after import = 1

========================================================================
Received Import Request.
  Time since last request: 0.000275 seconds.
  path: Assets/Vehicle_Essentials/Vehicle_Van/Vehicle_Van_Buttons/Vehicle_Van_Buttons_Interior_15.wav
  artifactKey: Guid(661abfdedaa0fcb4f943201642ac1d28) Importer(2089858483,192608db42251d675da83286b1cce702)
Start importing Assets/Vehicle_Essentials/Vehicle_Van/Vehicle_Van_Buttons/Vehicle_Van_Buttons_Interior_15.wav using Guid(661abfdedaa0fcb4f943201642ac1d28) Importer(2089858483,192608db42251d675da83286b1cce702) (ScriptedImporter) -> (artifact id: '31b344306c98abc348110af99d1a57ff') in 0.0717675 seconds
Number of updated asset objects reloaded before import = 0Number of asset objects unloaded after import = 1

========================================================================
Received Import Request.
  Time since last request: 0.000060 seconds.
  path: Assets/Vehicle_Essentials/Vehicle_Van/Vehicle_Van_Buttons/Vehicle_Van_Buttons_Interior_05.wav
  artifactKey: Guid(b399f8e0e724f3c47ab1161c51dcf954) Importer(2089858483,192608db42251d675da83286b1cce702)
Start importing Assets/Vehicle_Essentials/Vehicle_Van/Vehicle_Van_Buttons/Vehicle_Van_Buttons_Interior_05.wav using Guid(b399f8e0e724f3c47ab1161c51dcf954) Importer(2089858483,192608db42251d675da83286b1cce702) (ScriptedImporter) -> (artifact id: 'b1b2778bf9a0a99b4520bd9deaf01ad0') in 0.0728544 seconds
Number of updated asset objects reloaded before import = 0Number of asset objects unloaded after import = 1

========================================================================
Received Import Request.
  Time since last request: 0.000029 seconds.
  path: Assets/Vehicle_Essentials/Vehicle_Van/Vehicle_Van_Buttons/Vehicle_Van_Buttons_Interior_06.wav
  artifactKey: Guid(aeb6dd7cab1e1c348a1a19ae9503b0da) Importer(2089858483,192608db42251d675da83286b1cce702)
Start importing Assets/Vehicle_Essentials/Vehicle_Van/Vehicle_Van_Buttons/Vehicle_Van_Buttons_Interior_06.wav using Guid(aeb6dd7cab1e1c348a1a19ae9503b0da) Importer(2089858483,192608db42251d675da83286b1cce702) (ScriptedImporter) -> (artifact id: '1e53356d7e0322683c9a1c00e718661e') in 0.0766783 seconds
Number of updated asset objects reloaded before import = 0Number of asset objects unloaded after import = 1

========================================================================
Received Import Request.
  Time since last request: 0.000040 seconds.
  path: Assets/Vehicle_Essentials/Vehicle_Van/Vehicle_Van_Buttons/Vehicle_Van_Buttons_Interior_08.wav
  artifactKey: Guid(fa9aa7dba34b92f46908f9dd716fd3cc) Importer(2089858483,192608db42251d675da83286b1cce702)
Start importing Assets/Vehicle_Essentials/Vehicle_Van/Vehicle_Van_Buttons/Vehicle_Van_Buttons_Interior_08.wav using Guid(fa9aa7dba34b92f46908f9dd716fd3cc) Importer(2089858483,192608db42251d675da83286b1cce702) (ScriptedImporter) -> (artifact id: 'ec467b8a6d0387398b3dc4c4f688d27b') in 0.0725635 seconds
Number of updated asset objects reloaded before import = 0Number of asset objects unloaded after import = 1

========================================================================
Received Import Request.
  Time since last request: 0.000043 seconds.
  path: Assets/TextMesh Pro/Examples & Extras/Scripts/TextConsoleSimulator.cs
  artifactKey: Guid(43bcd35a1c0c40ccb6d472893fe2093f) Importer(2089858483,192608db42251d675da83286b1cce702)
Start importing Assets/TextMesh Pro/Examples & Extras/Scripts/TextConsoleSimulator.cs using Guid(43bcd35a1c0c40ccb6d472893fe2093f) Importer(2089858483,192608db42251d675da83286b1cce702) (ScriptedImporter) -> (artifact id: '8b6d81118abffa10f2a79706d0c46fa3') in 0.0295406 seconds
Number of updated asset objects reloaded before import = 0Number of asset objects unloaded after import = 0

========================================================================
Received Import Request.
  Time since last request: 0.000164 seconds.
  path: Assets/TextMesh Pro/Examples & Extras/Scenes/12a - Text Interactions.unity
  artifactKey: Guid(08572ab7713642c8a60789750f0bce5c) Importer(2089858483,192608db42251d675da83286b1cce702)
Start importing Assets/TextMesh Pro/Examples & Extras/Scenes/12a - Text Interactions.unity using Guid(08572ab7713642c8a60789750f0bce5c) Importer(2089858483,192608db42251d675da83286b1cce702) (ScriptedImporter) -> (artifact id: '1f7595d963ca1e4b9693b2d6db27024e') in 0.0487214 seconds
Number of updated asset objects reloaded before import = 0Number of asset objects unloaded after import = 1

========================================================================
Received Import Request.
  Time since last request: 0.000030 seconds.
  path: Assets/Vehicle_Essentials/Vehicle_Car/Vehicle_Car_Engine/Vehicle_Car_Engine_Idle_Exterior_Loop_01.wav
  artifactKey: Guid(2d4a8d45fbda47744a3a4789565d81f3) Importer(2089858483,192608db42251d675da83286b1cce702)
Start importing Assets/Vehicle_Essentials/Vehicle_Car/Vehicle_Car_Engine/Vehicle_Car_Engine_Idle_Exterior_Loop_01.wav using Guid(2d4a8d45fbda47744a3a4789565d81f3) Importer(2089858483,192608db42251d675da83286b1cce702) (ScriptedImporter) -> (artifact id: '20362e9698883b208d52317eb8b88f02') in 0.167098 seconds
Number of updated asset objects reloaded before import = 0Number of asset objects unloaded after import = 1

========================================================================
Received Import Request.
  Time since last request: 0.000027 seconds.
  path: Assets/Vehicle_Essentials/Vehicle_Van/Vehicle_Van_Doors/Vehicle_Van_Door_Closing_Exterior_01.wav
  artifactKey: Guid(de379f6a4924a86418145c13f9b2aa03) Importer(2089858483,192608db42251d675da83286b1cce702)
Start importing Assets/Vehicle_Essentials/Vehicle_Van/Vehicle_Van_Doors/Vehicle_Van_Door_Closing_Exterior_01.wav using Guid(de379f6a4924a86418145c13f9b2aa03) Importer(2089858483,192608db42251d675da83286b1cce702) (ScriptedImporter) -> (artifact id: 'f2f6ea4b7790a534035fc3cb368d3603') in 0.0670369 seconds
Number of updated asset objects reloaded before import = 0Number of asset objects unloaded after import = 1

========================================================================
Received Import Request.
  Time since last request: 0.000639 seconds.
  path: Assets/Vehicle_Essentials/Vehicle_Van/Vehicle_Van_Doors/Vehicle_Van_Door_Closing_Exterior_04.wav
  artifactKey: Guid(5060102dde390a04c9f2dbc378ca0122) Importer(2089858483,192608db42251d675da83286b1cce702)
Start importing Assets/Vehicle_Essentials/Vehicle_Van/Vehicle_Van_Doors/Vehicle_Van_Door_Closing_Exterior_04.wav using Guid(5060102dde390a04c9f2dbc378ca0122) Importer(2089858483,192608db42251d675da83286b1cce702) (ScriptedImporter) -> (artifact id: '577d0da2614401eb76f2b488b95f1b93') in 0.0842485 seconds
Number of updated asset objects reloaded before import = 0Number of asset objects unloaded after import = 1

========================================================================
Received Import Request.
  Time since last request: 0.000026 seconds.
  path: Assets/Vehicle_Essentials/Vehicle_Van/Vehicle_Van_Doors/Vehicle_Van_BackDoor_Opening_Exterior_03.wav
  artifactKey: Guid(714ec56bb00b91140b1df32f1755f895) Importer(2089858483,192608db42251d675da83286b1cce702)
Start importing Assets/Vehicle_Essentials/Vehicle_Van/Vehicle_Van_Doors/Vehicle_Van_BackDoor_Opening_Exterior_03.wav using Guid(714ec56bb00b91140b1df32f1755f895) Importer(2089858483,192608db42251d675da83286b1cce702) (ScriptedImporter) -> (artifact id: '042ce47371b70f4652c8b538563dad16') in 0.0719744 seconds
Number of updated asset objects reloaded before import = 0Number of asset objects unloaded after import = 1

========================================================================
Received Import Request.
  Time since last request: 0.000100 seconds.
  path: Assets/Vehicle_Essentials/Vehicle_Van/Vehicle_Van_Doors/Vehicle_Van_BackDoor_Opening_Exterior_01.wav
  artifactKey: Guid(cc234a66fcf19e2439690701eb129275) Importer(2089858483,192608db42251d675da83286b1cce702)
Start importing Assets/Vehicle_Essentials/Vehicle_Van/Vehicle_Van_Doors/Vehicle_Van_BackDoor_Opening_Exterior_01.wav using Guid(cc234a66fcf19e2439690701eb129275) Importer(2089858483,192608db42251d675da83286b1cce702) (ScriptedImporter) -> (artifact id: '41842b17a4845300893481dea6813911') in 0.0946725 seconds
Number of updated asset objects reloaded before import = 0Number of asset objects unloaded after import = 1

========================================================================
Received Import Request.
  Time since last request: 0.001670 seconds.
  path: Assets/Vehicle_Essentials/Vehicle_Van/Vehicle_Van_Doors/Vehicle_Van_BackDoor_Closing_Exterior_05.wav
  artifactKey: Guid(5a6b53e8598107c48adf0cb28683a141) Importer(2089858483,192608db42251d675da83286b1cce702)
Start importing Assets/Vehicle_Essentials/Vehicle_Van/Vehicle_Van_Doors/Vehicle_Van_BackDoor_Closing_Exterior_05.wav using Guid(5a6b53e8598107c48adf0cb28683a141) Importer(2089858483,192608db42251d675da83286b1cce702) (ScriptedImporter) -> (artifact id: '7cbf28d32870003bb7352cab49883fdb') in 0.0813972 seconds
Number of updated asset objects reloaded before import = 0Number of asset objects unloaded after import = 1

========================================================================
Received Import Request.
  Time since last request: 0.000603 seconds.
  path: Assets/Vehicle_Essentials/Vehicle_Van/Vehicle_Van_Doors/Vehicle_Van_Sliding_Door_Closing_01.wav
  artifactKey: Guid(cdab0c1f299705c49ad554e3ea533833) Importer(2089858483,192608db42251d675da83286b1cce702)
Start importing Assets/Vehicle_Essentials/Vehicle_Van/Vehicle_Van_Doors/Vehicle_Van_Sliding_Door_Closing_01.wav using Guid(cdab0c1f299705c49ad554e3ea533833) Importer(2089858483,192608db42251d675da83286b1cce702) (ScriptedImporter) -> (artifact id: 'aad86924c6737bc19e268573df0b8edc') in 0.0774737 seconds
Number of updated asset objects reloaded before import = 0Number of asset objects unloaded after import = 1

========================================================================
Received Import Request.
  Time since last request: 0.000074 seconds.
  path: Assets/Vehicle_Essentials/Vehicle_Van/Vehicle_Van_Doors/Vehicle_Van_Door_Opening_Interior_01.wav
  artifactKey: Guid(b38bdd27d7521234080ed7bde19bf49c) Importer(2089858483,192608db42251d675da83286b1cce702)
Start importing Assets/Vehicle_Essentials/Vehicle_Van/Vehicle_Van_Doors/Vehicle_Van_Door_Opening_Interior_01.wav using Guid(b38bdd27d7521234080ed7bde19bf49c) Importer(2089858483,192608db42251d675da83286b1cce702) (ScriptedImporter) -> (artifact id: '5ca40023598d84ca1444247086507f1a') in 0.0677647 seconds
Number of updated asset objects reloaded before import = 0Number of asset objects unloaded after import = 1

========================================================================
Received Import Request.
  Time since last request: 0.000224 seconds.
  path: Assets/Vehicle_Essentials/Vehicle_Van/Vehicle_Van_Drive/Vehicle_Van_Drive_Exterior_Loop_02.wav
  artifactKey: Guid(f9f4e3f34703a5a4a86b3d8286c1bbe7) Importer(2089858483,192608db42251d675da83286b1cce702)
Start importing Assets/Vehicle_Essentials/Vehicle_Van/Vehicle_Van_Drive/Vehicle_Van_Drive_Exterior_Loop_02.wav using Guid(f9f4e3f34703a5a4a86b3d8286c1bbe7) Importer(2089858483,192608db42251d675da83286b1cce702) (ScriptedImporter) -> (artifact id: '0beabdd46cadd855fafed53473357ad3') in 0.2090346 seconds
Number of updated asset objects reloaded before import = 0Number of asset objects unloaded after import = 1

========================================================================
Received Import Request.
  Time since last request: 0.000421 seconds.
  path: Assets/Vehicle_Essentials/Vehicle_Van/Vehicle_Van_Electric_Window/Vehicle_Van_Electric_Window_Opening.wav
  artifactKey: Guid(aaf5f6264b5c25a439e57d17ac5f091e) Importer(2089858483,192608db42251d675da83286b1cce702)
Start importing Assets/Vehicle_Essentials/Vehicle_Van/Vehicle_Van_Electric_Window/Vehicle_Van_Electric_Window_Opening.wav using Guid(aaf5f6264b5c25a439e57d17ac5f091e) Importer(2089858483,192608db42251d675da83286b1cce702) (ScriptedImporter) -> (artifact id: 'ce1e396f1fd98381154fe52d14cf8d2a') in 0.0731837 seconds
Number of updated asset objects reloaded before import = 0Number of asset objects unloaded after import = 1

========================================================================
Received Import Request.
  Time since last request: 0.000141 seconds.
  path: Assets/Vehicle_Essentials/Vehicle_Van/Vehicle_Van_Drive/Vehicle_Van_Drive_Grass_Exterior_Loop.wav
  artifactKey: Guid(e54eb95f3bbb6f24a83d139e67ccd1eb) Importer(2089858483,192608db42251d675da83286b1cce702)
Start importing Assets/Vehicle_Essentials/Vehicle_Van/Vehicle_Van_Drive/Vehicle_Van_Drive_Grass_Exterior_Loop.wav using Guid(e54eb95f3bbb6f24a83d139e67ccd1eb) Importer(2089858483,192608db42251d675da83286b1cce702) (ScriptedImporter) -> (artifact id: '01f7a710398a020094b698069a27666e') in 0.1969221 seconds
Number of updated asset objects reloaded before import = 0Number of asset objects unloaded after import = 1

========================================================================
Received Import Request.
  Time since last request: 0.000033 seconds.
  path: Assets/Vehicle_Essentials/Vehicle_Van/Vehicle_Van_Seat_Belt/Vehicle_Van_Seat_Belt_01.wav
  artifactKey: Guid(6b4f9cb4749aefd4aa41f64f3bd8d5ca) Importer(2089858483,192608db42251d675da83286b1cce702)
Start importing Assets/Vehicle_Essentials/Vehicle_Van/Vehicle_Van_Seat_Belt/Vehicle_Van_Seat_Belt_01.wav using Guid(6b4f9cb4749aefd4aa41f64f3bd8d5ca) Importer(2089858483,192608db42251d675da83286b1cce702) (ScriptedImporter) -> (artifact id: 'f631effb5f56e8defd159c134924ef18') in 0.0727615 seconds
Number of updated asset objects reloaded before import = 0Number of asset objects unloaded after import = 1

========================================================================
Received Import Request.
  Time since last request: 0.000490 seconds.
  path: Assets/Vehicle_Essentials/Vehicle_Van/Vehicle_Van_Keys/Vehicle_Van_Keys_Interior_03.wav
  artifactKey: Guid(804eb41b9d79dd14eb12094c5d4c9944) Importer(2089858483,192608db42251d675da83286b1cce702)
Start importing Assets/Vehicle_Essentials/Vehicle_Van/Vehicle_Van_Keys/Vehicle_Van_Keys_Interior_03.wav using Guid(804eb41b9d79dd14eb12094c5d4c9944) Importer(2089858483,192608db42251d675da83286b1cce702) (ScriptedImporter) -> (artifact id: '6ae0b0351d7c76391851fb50bd4f59cc') in 0.068673 seconds
Number of updated asset objects reloaded before import = 0Number of asset objects unloaded after import = 1

========================================================================
Received Import Request.
  Time since last request: 0.000090 seconds.
  path: Assets/Vehicle_Essentials/Vehicle_Van/Vehicle_Van_Engine/Vehicle_Van_Idle_Exterior_Rear_Loop_02.wav
  artifactKey: Guid(0cee432430908ab4eb090997020f1a23) Importer(2089858483,192608db42251d675da83286b1cce702)
Start importing Assets/Vehicle_Essentials/Vehicle_Van/Vehicle_Van_Engine/Vehicle_Van_Idle_Exterior_Rear_Loop_02.wav using Guid(0cee432430908ab4eb090997020f1a23) Importer(2089858483,192608db42251d675da83286b1cce702) (ScriptedImporter) -> (artifact id: 'a06fe40967af9d656569d190ef3354ab') in 0.2779754 seconds
Number of updated asset objects reloaded before import = 0Number of asset objects unloaded after import = 1

========================================================================
Received Import Request.
  Time since last request: 0.000040 seconds.
  path: Assets/Vehicle_Essentials/Vehicle_Van/Vehicle_Van_Trunk/Vehicle_Van_Trunk_Closing_07.wav
  artifactKey: Guid(f8f46b3dae79f144c9754224b57b6730) Importer(2089858483,192608db42251d675da83286b1cce702)
Start importing Assets/Vehicle_Essentials/Vehicle_Van/Vehicle_Van_Trunk/Vehicle_Van_Trunk_Closing_07.wav using Guid(f8f46b3dae79f144c9754224b57b6730) Importer(2089858483,192608db42251d675da83286b1cce702) (ScriptedImporter) -> (artifact id: 'a70dea544ea01d56d2a52112e5130c10') in 0.0745592 seconds
Number of updated asset objects reloaded before import = 0Number of asset objects unloaded after import = 1

========================================================================
Received Import Request.
  Time since last request: 0.000696 seconds.
  path: Assets/Vehicle_Essentials/Vehicle_Van/Vehicle_Van_Trunk/Vehicle_Van_Trunk_Closing_09.wav
  artifactKey: Guid(043ca231cf8c2a246b805a7e78f1f7e1) Importer(2089858483,192608db42251d675da83286b1cce702)
Start importing Assets/Vehicle_Essentials/Vehicle_Van/Vehicle_Van_Trunk/Vehicle_Van_Trunk_Closing_09.wav using Guid(043ca231cf8c2a246b805a7e78f1f7e1) Importer(2089858483,192608db42251d675da83286b1cce702) (ScriptedImporter) -> (artifact id: 'df2d0e17b793caa697653808d5f47a4e') in 0.078812 seconds
Number of updated asset objects reloaded before import = 0Number of asset objects unloaded after import = 1

========================================================================
Received Import Request.
  Time since last request: 0.000063 seconds.
  path: Assets/Vehicle_Essentials/Vehicle_Van/Vehicle_Van_Trunk/Vehicle_Van_Trunk_Closing_06.wav
  artifactKey: Guid(ad25af0c7fee37f468d65241b1acaa7a) Importer(2089858483,192608db42251d675da83286b1cce702)
Start importing Assets/Vehicle_Essentials/Vehicle_Van/Vehicle_Van_Trunk/Vehicle_Van_Trunk_Closing_06.wav using Guid(ad25af0c7fee37f468d65241b1acaa7a) Importer(2089858483,192608db42251d675da83286b1cce702) (ScriptedImporter) -> (artifact id: 'd251f89e6fc8b3b5ac5ace48f6f82209') in 0.1216486 seconds
Number of updated asset objects reloaded before import = 0Number of asset objects unloaded after import = 1

========================================================================
Received Import Request.
  Time since last request: 0.000027 seconds.
  path: Assets/Vehicle_Essentials/Vehicle_Van/Vehicle_Van_Doors/Vehicle_Van_BackDoor_Closing_Exterior_03.wav
  artifactKey: Guid(88faf55718acf274e81f0a15d1ec2551) Importer(2089858483,192608db42251d675da83286b1cce702)
Start importing Assets/Vehicle_Essentials/Vehicle_Van/Vehicle_Van_Doors/Vehicle_Van_BackDoor_Closing_Exterior_03.wav using Guid(88faf55718acf274e81f0a15d1ec2551) Importer(2089858483,192608db42251d675da83286b1cce702) (ScriptedImporter) -> (artifact id: '28f5d06e1daf95e2039d7934adf583e8') in 0.0761899 seconds
Number of updated asset objects reloaded before import = 0Number of asset objects unloaded after import = 1

========================================================================
Received Import Request.
  Time since last request: 0.000032 seconds.
  path: Assets/Vehicle_Essentials/Vehicle_Car/Vehicle_Car_Keys/Vehicle_Car_Keys_02.wav
  artifactKey: Guid(964ef3671b14fe748883dddaa218f2cf) Importer(2089858483,192608db42251d675da83286b1cce702)
Start importing Assets/Vehicle_Essentials/Vehicle_Car/Vehicle_Car_Keys/Vehicle_Car_Keys_02.wav using Guid(964ef3671b14fe748883dddaa218f2cf) Importer(2089858483,192608db42251d675da83286b1cce702) (ScriptedImporter) -> (artifact id: 'f37ff53059f49542a7599c9df336d878') in 0.0806335 seconds
Number of updated asset objects reloaded before import = 0Number of asset objects unloaded after import = 1

========================================================================
Received Import Request.
  Time since last request: 0.000077 seconds.
  path: Assets/Vehicle_Essentials/Vehicle_Van/Vehicle_Van_Buttons/Vehicle_Van_Buttons_Interior_07.wav
  artifactKey: Guid(71a15859ee8342b4c8082f05e288e4dd) Importer(2089858483,192608db42251d675da83286b1cce702)
Start importing Assets/Vehicle_Essentials/Vehicle_Van/Vehicle_Van_Buttons/Vehicle_Van_Buttons_Interior_07.wav using Guid(71a15859ee8342b4c8082f05e288e4dd) Importer(2089858483,192608db42251d675da83286b1cce702) (ScriptedImporter) -> (artifact id: 'a3ed5a59e4fa0ab87b907e3ca2857760') in 0.0765221 seconds
Number of updated asset objects reloaded before import = 0Number of asset objects unloaded after import = 1

========================================================================
Received Import Request.
  Time since last request: 0.000026 seconds.
  path: Assets/Vehicle_Essentials/Vehicle_Van/Vehicle_Van_Trunk/Vehicle_Van_Trunk_Opening_04.wav
  artifactKey: Guid(02ff51e3733bed64c8081674625a7e71) Importer(2089858483,192608db42251d675da83286b1cce702)
Start importing Assets/Vehicle_Essentials/Vehicle_Van/Vehicle_Van_Trunk/Vehicle_Van_Trunk_Opening_04.wav using Guid(02ff51e3733bed64c8081674625a7e71) Importer(2089858483,192608db42251d675da83286b1cce702) (ScriptedImporter) -> (artifact id: 'edceeb4f6f14fb77e5dc95c5649003a7') in 0.1359047 seconds
Number of updated asset objects reloaded before import = 0Number of asset objects unloaded after import = 1

========================================================================
Received Import Request.
  Time since last request: 0.000110 seconds.
  path: Assets/Vehicle_Essentials/Vehicle_Van/Vehicle_Van_Trunk/Vehicle_Van_Trunk_Opening_06.wav
  artifactKey: Guid(7c89413448e56fc49b2a36d4a3519ac2) Importer(2089858483,192608db42251d675da83286b1cce702)
Start importing Assets/Vehicle_Essentials/Vehicle_Van/Vehicle_Van_Trunk/Vehicle_Van_Trunk_Opening_06.wav using Guid(7c89413448e56fc49b2a36d4a3519ac2) Importer(2089858483,192608db42251d675da83286b1cce702) (ScriptedImporter) -> (artifact id: '3f386277e394573100c37747bb228d27') in 0.0785096 seconds
Number of updated asset objects reloaded before import = 0Number of asset objects unloaded after import = 1

========================================================================
Received Import Request.
  Time since last request: 0.000108 seconds.
  path: Assets/Vehicle_Essentials/Vehicle_Van/Vehicle_Van_Trunk/Vehicle_Van_Trunk_Opening_03.wav
  artifactKey: Guid(bdaeb821e192d814db094dbcda604f2d) Importer(2089858483,192608db42251d675da83286b1cce702)
Start importing Assets/Vehicle_Essentials/Vehicle_Van/Vehicle_Van_Trunk/Vehicle_Van_Trunk_Opening_03.wav using Guid(bdaeb821e192d814db094dbcda604f2d) Importer(2089858483,192608db42251d675da83286b1cce702) (ScriptedImporter) -> (artifact id: '494bca1489278af6b9690de46d79234f') in 0.1406002 seconds
Number of updated asset objects reloaded before import = 0Number of asset objects unloaded after import = 1

========================================================================
Received Import Request.
  Time since last request: 0.000178 seconds.
  path: Assets/Vehicle_Essentials/Vehicle_Car/Vehicle_Car_Buttons/Vehicle_Car_Button_04.wav
  artifactKey: Guid(ef3be14e921ddb842865f8e374780ad9) Importer(2089858483,192608db42251d675da83286b1cce702)
Start importing Assets/Vehicle_Essentials/Vehicle_Car/Vehicle_Car_Buttons/Vehicle_Car_Button_04.wav using Guid(ef3be14e921ddb842865f8e374780ad9) Importer(2089858483,192608db42251d675da83286b1cce702) (ScriptedImporter) -> (artifact id: 'd943662530c2bcf5795f3dd069bc5e29') in 0.0745206 seconds
Number of updated asset objects reloaded before import = 0Number of asset objects unloaded after import = 1

========================================================================
Received Import Request.
  Time since last request: 0.000031 seconds.
  path: Assets/PROMETEO - Car Controller/Scripts/PrometeoTouchInput.cs
  artifactKey: Guid(4b7408ad19eb3ad44a35af48d0d2294b) Importer(2089858483,192608db42251d675da83286b1cce702)
Start importing Assets/PROMETEO - Car Controller/Scripts/PrometeoTouchInput.cs using Guid(4b7408ad19eb3ad44a35af48d0d2294b) Importer(2089858483,192608db42251d675da83286b1cce702) (ScriptedImporter) -> (artifact id: '755e011742af5b1fe1ee5609a1bcb490') in 0.0353055 seconds
Number of updated asset objects reloaded before import = 0Number of asset objects unloaded after import = 0

========================================================================
Received Import Request.
  Time since last request: 0.000364 seconds.
  path: Assets/PROMETEO - Car Controller/Sounds/CarEngine.wav
  artifactKey: Guid(771ce407ce807b74885ec23ebd1e6647) Importer(2089858483,192608db42251d675da83286b1cce702)
Start importing Assets/PROMETEO - Car Controller/Sounds/CarEngine.wav using Guid(771ce407ce807b74885ec23ebd1e6647) Importer(2089858483,192608db42251d675da83286b1cce702) (ScriptedImporter) -> (artifact id: 'aedea48b72c29f06af163a9fd4d5d464') in 0.0869113 seconds
Number of updated asset objects reloaded before import = 0Number of asset objects unloaded after import = 1

========================================================================
Received Import Request.
  Time since last request: 0.000055 seconds.
  path: Assets/TextMesh Pro/Examples & Extras/Resources/Fonts & Materials/Bangers SDF Logo - URP.mat
  artifactKey: Guid(6751ce1a4611b3940812c13a6847d94f) Importer(2089858483,192608db42251d675da83286b1cce702)
Start importing Assets/TextMesh Pro/Examples & Extras/Resources/Fonts & Materials/Bangers SDF Logo - URP.mat using Guid(6751ce1a4611b3940812c13a6847d94f) Importer(2089858483,192608db42251d675da83286b1cce702) (ScriptedImporter) -> (artifact id: '661d6501e3137e60ddadb7c8408fdd4e') in 0.06355 seconds
Number of updated asset objects reloaded before import = 0Number of asset objects unloaded after import = 1

========================================================================
Received Import Request.
  Time since last request: 0.000459 seconds.
  path: Assets/TextMesh Pro/Examples & Extras/Resources/Fonts & Materials/Anton SDF - Sunny Days.mat
  artifactKey: Guid(6522f30e342599e4e9dd4cc2cc03c830) Importer(2089858483,192608db42251d675da83286b1cce702)
Start importing Assets/TextMesh Pro/Examples & Extras/Resources/Fonts & Materials/Anton SDF - Sunny Days.mat using Guid(6522f30e342599e4e9dd4cc2cc03c830) Importer(2089858483,192608db42251d675da83286b1cce702) (ScriptedImporter) -> (artifact id: '19dd93590ace74bc25cbc25924726c45') in 0.1127158 seconds
Number of updated asset objects reloaded before import = 0Number of asset objects unloaded after import = 4

========================================================================
Received Import Request.
  Time since last request: 0.000332 seconds.
  path: Assets/PROMETEO - Car Controller/Effects/Trails/Prefabs/TireSkid.prefab
  artifactKey: Guid(ab4ea67cd9337c341af0bd7182c60f92) Importer(2089858483,192608db42251d675da83286b1cce702)
Start importing Assets/PROMETEO - Car Controller/Effects/Trails/Prefabs/TireSkid.prefab using Guid(ab4ea67cd9337c341af0bd7182c60f92) Importer(2089858483,192608db42251d675da83286b1cce702) (ScriptedImporter) -> (artifact id: 'd05ab91863ed1c94e0e690a27992f864') in 0.0689844 seconds
Number of updated asset objects reloaded before import = 0Number of asset objects unloaded after import = 5

========================================================================
Received Import Request.
  Time since last request: 0.000067 seconds.
  path: Assets/PROMETEO - Car Controller/Effects/Particle Systems/Meshes/Sphere.fbx
  artifactKey: Guid(7f2eb32a90aace349adccd6efbc6bd9b) Importer(2089858483,192608db42251d675da83286b1cce702)
Start importing Assets/PROMETEO - Car Controller/Effects/Particle Systems/Meshes/Sphere.fbx using Guid(7f2eb32a90aace349adccd6efbc6bd9b) Importer(2089858483,192608db42251d675da83286b1cce702) (ScriptedImporter) -> (artifact id: 'b7520eff275285ce67d0b456c4e4be91') in 0.1455743 seconds
Number of updated asset objects reloaded before import = 0Number of asset objects unloaded after import = 7

========================================================================
Received Import Request.
  Time since last request: 0.000037 seconds.
  path: Assets/TextMesh Pro/Examples & Extras/Resources/Color Gradient Presets/Light to Dark Green - Vertical.asset
  artifactKey: Guid(5cf8ae092ca54931b443bec5148f3c59) Importer(2089858483,192608db42251d675da83286b1cce702)
Start importing Assets/TextMesh Pro/Examples & Extras/Resources/Color Gradient Presets/Light to Dark Green - Vertical.asset using Guid(5cf8ae092ca54931b443bec5148f3c59) Importer(2089858483,192608db42251d675da83286b1cce702) (ScriptedImporter) -> (artifact id: '2d2d51fca7b9a299968fd71ea2231bd7') in 0.0399113 seconds
Number of updated asset objects reloaded before import = 0Number of asset objects unloaded after import = 1

========================================================================
Received Import Request.
  Time since last request: 0.000171 seconds.
  path: Assets/TextMesh Pro/Examples & Extras/Resources/Fonts & Materials/Bangers SDF.asset
  artifactKey: Guid(125cb55b44b24c4393181402bc6200e6) Importer(2089858483,192608db42251d675da83286b1cce702)
Start importing Assets/TextMesh Pro/Examples & Extras/Resources/Fonts & Materials/Bangers SDF.asset using Guid(125cb55b44b24c4393181402bc6200e6) Importer(2089858483,192608db42251d675da83286b1cce702) (ScriptedImporter) -> (artifact id: '2de2d14a32f12ff542d266df665f5681') in 0.0840243 seconds
Number of updated asset objects reloaded before import = 0Number of asset objects unloaded after import = 5

========================================================================
Received Import Request.
  Time since last request: 0.000030 seconds.
  path: Assets/TextMesh Pro/Examples & Extras/Resources/Fonts & Materials/Oswald Bold SDF.asset
  artifactKey: Guid(0161d805a3764c089bef00bfe00793f5) Importer(2089858483,192608db42251d675da83286b1cce702)
Start importing Assets/TextMesh Pro/Examples & Extras/Resources/Fonts & Materials/Oswald Bold SDF.asset using Guid(0161d805a3764c089bef00bfe00793f5) Importer(2089858483,192608db42251d675da83286b1cce702) (ScriptedImporter) -> (artifact id: '880a3cf73d287296d94ec57a5ba4cb72') in 0.0796164 seconds
Number of updated asset objects reloaded before import = 0Number of asset objects unloaded after import = 5

========================================================================
Received Import Request.
  Time since last request: 0.000040 seconds.
  path: Assets/TextMesh Pro/Examples & Extras/Resources/Fonts & Materials/Roboto-Bold SDF - HDRP Unlit.mat
  artifactKey: Guid(2ddca8f46aa0838419d568affb0ca6b4) Importer(2089858483,192608db42251d675da83286b1cce702)
Start importing Assets/TextMesh Pro/Examples & Extras/Resources/Fonts & Materials/Roboto-Bold SDF - HDRP Unlit.mat using Guid(2ddca8f46aa0838419d568affb0ca6b4) Importer(2089858483,192608db42251d675da83286b1cce702) (ScriptedImporter) -> (artifact id: '685915a09d4489936a55f590eb79c4bf') in 0.0356037 seconds
Number of updated asset objects reloaded before import = 0Number of asset objects unloaded after import = 1

========================================================================
Received Import Request.
  Time since last request: 0.000447 seconds.
  path: Assets/TextMesh Pro/Examples & Extras/Resources/Fonts & Materials/Roboto-Bold SDF - Surface.mat
  artifactKey: Guid(e6b276ec991f467aa14ef1f3cc665993) Importer(2089858483,192608db42251d675da83286b1cce702)
Start importing Assets/TextMesh Pro/Examples & Extras/Resources/Fonts & Materials/Roboto-Bold SDF - Surface.mat using Guid(e6b276ec991f467aa14ef1f3cc665993) Importer(2089858483,192608db42251d675da83286b1cce702) (ScriptedImporter) -> (artifact id: '019565f80a943c6e8f0f48c1a50dec79') in 0.0644805 seconds
Number of updated asset objects reloaded before import = 0Number of asset objects unloaded after import = 2

========================================================================
Received Import Request.
  Time since last request: 0.000030 seconds.
  path: Assets/TextMesh Pro/Examples & Extras/Resources/Fonts & Materials/LiberationSans SDF - Overlay.mat
  artifactKey: Guid(9ad269c99dcf42b7aedefd83dd5a7b9d) Importer(2089858483,192608db42251d675da83286b1cce702)
Start importing Assets/TextMesh Pro/Examples & Extras/Resources/Fonts & Materials/LiberationSans SDF - Overlay.mat using Guid(9ad269c99dcf42b7aedefd83dd5a7b9d) Importer(2089858483,192608db42251d675da83286b1cce702) (ScriptedImporter) -> (artifact id: '2d51adbc8b512cd1f5aa3bab3a416466') in 0.0636515 seconds
Number of updated asset objects reloaded before import = 0Number of asset objects unloaded after import = 2

========================================================================
Received Import Request.
  Time since last request: 0.000029 seconds.
  path: Assets/TextMesh Pro/Examples & Extras/Scenes/28 - HDRP Shader Example/Sky and Fog Volume Profile.asset
  artifactKey: Guid(83ba2e375bed45f48bce43e5a5f7c88a) Importer(2089858483,192608db42251d675da83286b1cce702)
Start importing Assets/TextMesh Pro/Examples & Extras/Scenes/28 - HDRP Shader Example/Sky and Fog Volume Profile.asset using Guid(83ba2e375bed45f48bce43e5a5f7c88a) Importer(2089858483,192608db42251d675da83286b1cce702) (ScriptedImporter) -> (artifact id: 'c9d4bd8c7c10ff8eeb5fb346bc897c52') in 0.0342113 seconds
Number of updated asset objects reloaded before import = 0Number of asset objects unloaded after import = 1

========================================================================
Received Import Request.
  Time since last request: 0.000063 seconds.
  path: Assets/TextMesh Pro/Examples & Extras/Resources/Fonts & Materials/Bangers SDF - Outline.mat
  artifactKey: Guid(f629c6e43dba4bf38cb74d8860150664) Importer(2089858483,192608db42251d675da83286b1cce702)
Start importing Assets/TextMesh Pro/Examples & Extras/Resources/Fonts & Materials/Bangers SDF - Outline.mat using Guid(f629c6e43dba4bf38cb74d8860150664) Importer(2089858483,192608db42251d675da83286b1cce702) (ScriptedImporter) -> (artifact id: '90f67e6348915c20c80da7650fb14ef2') in 0.0591731 seconds
Number of updated asset objects reloaded before import = 0Number of asset objects unloaded after import = 2

========================================================================
Received Import Request.
  Time since last request: 0.000233 seconds.
  path: Assets/sajat assets/Golf4_door_R.prefab
  artifactKey: Guid(4c6ec482c5fa21e4aa72e81239401e7e) Importer(2089858483,192608db42251d675da83286b1cce702)
Start importing Assets/sajat assets/Golf4_door_R.prefab using Guid(4c6ec482c5fa21e4aa72e81239401e7e) Importer(2089858483,192608db42251d675da83286b1cce702) (ScriptedImporter) -> (artifact id: '791e7a73116b131e2521f4ef42d64d3c') in 0.0580455 seconds
Number of updated asset objects reloaded before import = 0Number of asset objects unloaded after import = 14

========================================================================
Received Import Request.
  Time since last request: 0.000395 seconds.
  path: Assets/Music/Need for Speed.mp3
  artifactKey: Guid(9cc0c87d0c296774dbf960bacc6bd66d) Importer(2089858483,192608db42251d675da83286b1cce702)
Start importing Assets/Music/Need for Speed.mp3 using Guid(9cc0c87d0c296774dbf960bacc6bd66d) Importer(2089858483,192608db42251d675da83286b1cce702) (ScriptedImporter) -> (artifact id: '5077c5c34b5999c96af41f86363a0f22') in 0.1039668 seconds
Number of updated asset objects reloaded before import = 0Number of asset objects unloaded after import = 1

========================================================================
Received Import Request.
  Time since last request: 0.000348 seconds.
  path: Assets/TextMesh Pro/Examples & Extras/Textures/Small Crate_normal.jpg
  artifactKey: Guid(8878a782f4334ecbbcf683b3ac780966) Importer(2089858483,192608db42251d675da83286b1cce702)
Start importing Assets/TextMesh Pro/Examples & Extras/Textures/Small Crate_normal.jpg using Guid(8878a782f4334ecbbcf683b3ac780966) Importer(2089858483,192608db42251d675da83286b1cce702) (ScriptedImporter) -> (artifact id: '6398dc1439be87757ec6808f08340612') in 0.0644033 seconds
Number of updated asset objects reloaded before import = 0Number of asset objects unloaded after import = 1

========================================================================
Received Import Request.
  Time since last request: 0.000034 seconds.
  path: Assets/TextMesh Pro/Examples & Extras/Materials/Ground - Logo Scene.mat
  artifactKey: Guid(c719e38f25a9480abd2480ab621a2949) Importer(2089858483,192608db42251d675da83286b1cce702)
Start importing Assets/TextMesh Pro/Examples & Extras/Materials/Ground - Logo Scene.mat using Guid(c719e38f25a9480abd2480ab621a2949) Importer(2089858483,192608db42251d675da83286b1cce702) (ScriptedImporter) -> (artifact id: 'c8c0c7e3e78ad52f634db2f07619ddeb') in 0.0425492 seconds
Number of updated asset objects reloaded before import = 0Number of asset objects unloaded after import = 2

========================================================================
Received Import Request.
  Time since last request: 0.000038 seconds.
  path: Assets/Vehicle_Essentials/Vehicle_Car/Vehicle_Car_Buttons/Vehicle_Car_Button_Movement_02.wav
  artifactKey: Guid(354633765207633408b3a92dd64c2433) Importer(2089858483,192608db42251d675da83286b1cce702)
Start importing Assets/Vehicle_Essentials/Vehicle_Car/Vehicle_Car_Buttons/Vehicle_Car_Button_Movement_02.wav using Guid(354633765207633408b3a92dd64c2433) Importer(2089858483,192608db42251d675da83286b1cce702) (ScriptedImporter) -> (artifact id: '364071bb0b99be80a229fc3650465356') in 0.0948674 seconds
Number of updated asset objects reloaded before import = 0Number of asset objects unloaded after import = 1

========================================================================
Received Import Request.
  Time since last request: 0.000559 seconds.
  path: Assets/Vehicle_Essentials/Vehicle_Car/Vehicle_Car_Doors/Vehicle_Car_Door_Opening_Interior_01.wav
  artifactKey: Guid(c4becb8e1e2939d4184a337574e54491) Importer(2089858483,192608db42251d675da83286b1cce702)
Start importing Assets/Vehicle_Essentials/Vehicle_Car/Vehicle_Car_Doors/Vehicle_Car_Door_Opening_Interior_01.wav using Guid(c4becb8e1e2939d4184a337574e54491) Importer(2089858483,192608db42251d675da83286b1cce702) (ScriptedImporter) -> (artifact id: 'c957b862ef7c2e41f19b07b7df5641b6') in 0.0924034 seconds
Number of updated asset objects reloaded before import = 0Number of asset objects unloaded after import = 1

========================================================================
Received Import Request.
  Time since last request: 0.000093 seconds.
  path: Assets/TextMesh Pro/Examples & Extras/Scripts/Benchmark04.cs
  artifactKey: Guid(dc20866c0d5e413ab7559440e15333ae) Importer(2089858483,192608db42251d675da83286b1cce702)
Start importing Assets/TextMesh Pro/Examples & Extras/Scripts/Benchmark04.cs using Guid(dc20866c0d5e413ab7559440e15333ae) Importer(2089858483,192608db42251d675da83286b1cce702) (ScriptedImporter) -> (artifact id: '6763d15e0a6a1738ad97e8312980ee84') in 0.0335387 seconds
Number of updated asset objects reloaded before import = 0Number of asset objects unloaded after import = 0

========================================================================
Received Import Request.
  Time since last request: 0.000066 seconds.
  path: Assets/Vehicle_Essentials/Vehicle_Van/Vehicle_Van_Buttons/Vehicle_Van_Buttons_Interior_04.wav
  artifactKey: Guid(d7507b7ba3e25ac408bb085e721dc800) Importer(2089858483,192608db42251d675da83286b1cce702)
Start importing Assets/Vehicle_Essentials/Vehicle_Van/Vehicle_Van_Buttons/Vehicle_Van_Buttons_Interior_04.wav using Guid(d7507b7ba3e25ac408bb085e721dc800) Importer(2089858483,192608db42251d675da83286b1cce702) (ScriptedImporter) -> (artifact id: 'b6e796f3eacc693760abb89cf044e899') in 0.0756506 seconds
Number of updated asset objects reloaded before import = 0Number of asset objects unloaded after import = 1

========================================================================
Received Import Request.
  Time since last request: 0.000615 seconds.
  path: Assets/TextMesh Pro/Shaders/TMP_Bitmap-Custom-Atlas.shader
  artifactKey: Guid(48bb5f55d8670e349b6e614913f9d910) Importer(2089858483,192608db42251d675da83286b1cce702)
Start importing Assets/TextMesh Pro/Shaders/TMP_Bitmap-Custom-Atlas.shader using Guid(48bb5f55d8670e349b6e614913f9d910) Importer(2089858483,192608db42251d675da83286b1cce702) (ScriptedImporter) -> (artifact id: '5685d083ead3dfed46e8f0009eb4003e') in 0.0434002 seconds
Number of updated asset objects reloaded before import = 0Number of asset objects unloaded after import = 1

========================================================================
Received Import Request.
  Time since last request: 0.000781 seconds.
  path: Assets/TextMesh Pro/Sprites/EmojiOne.png
  artifactKey: Guid(dffef66376be4fa480fb02b19edbe903) Importer(2089858483,192608db42251d675da83286b1cce702)
Start importing Assets/TextMesh Pro/Sprites/EmojiOne.png using Guid(dffef66376be4fa480fb02b19edbe903) Importer(2089858483,192608db42251d675da83286b1cce702) (ScriptedImporter) -> (artifact id: '18342d20b786c9f2398f2dc59065702b') in 0.0628128 seconds
Number of updated asset objects reloaded before import = 0Number of asset objects unloaded after import = 1

========================================================================
Received Import Request.
  Time since last request: 0.000398 seconds.
  path: Assets/Vehicle_Essentials/Vehicle_Van/Vehicle_Van_Doors/Vehicle_Van_Door_Opening_Interior_03.wav
  artifactKey: Guid(34ac76d14b92f82438bfb5901679d599) Importer(2089858483,192608db42251d675da83286b1cce702)
Start importing Assets/Vehicle_Essentials/Vehicle_Van/Vehicle_Van_Doors/Vehicle_Van_Door_Opening_Interior_03.wav using Guid(34ac76d14b92f82438bfb5901679d599) Importer(2089858483,192608db42251d675da83286b1cce702) (ScriptedImporter) -> (artifact id: '63429c12455ca305b428e6228ff15ba4') in 0.1053327 seconds
Number of updated asset objects reloaded before import = 0Number of asset objects unloaded after import = 1

========================================================================
Received Import Request.
  Time since last request: 0.000440 seconds.
  path: Assets/Vehicle_Essentials/Vehicle_Van/Vehicle_Van_Seat_Belt/Vehicle_Van_Seat_Belt_08.wav
  artifactKey: Guid(2c7e204123eaf594fa13b9d7a17cbfc8) Importer(2089858483,192608db42251d675da83286b1cce702)
Start importing Assets/Vehicle_Essentials/Vehicle_Van/Vehicle_Van_Seat_Belt/Vehicle_Van_Seat_Belt_08.wav using Guid(2c7e204123eaf594fa13b9d7a17cbfc8) Importer(2089858483,192608db42251d675da83286b1cce702) (ScriptedImporter) -> (artifact id: '68f1051c8204c9a5823d7499295f8c30') in 0.1001899 seconds
Number of updated asset objects reloaded before import = 0Number of asset objects unloaded after import = 1

========================================================================
Received Import Request.
  Time since last request: 0.000192 seconds.
  path: Assets/Vehicle_Essentials/Vehicle_Car/Vehicle_Car_Engine/Vehicle_Car_Engine_Idle_Interior_Loop_03.wav
  artifactKey: Guid(701b37961e7d8a247920479c97974ac5) Importer(2089858483,192608db42251d675da83286b1cce702)
Start importing Assets/Vehicle_Essentials/Vehicle_Car/Vehicle_Car_Engine/Vehicle_Car_Engine_Idle_Interior_Loop_03.wav using Guid(701b37961e7d8a247920479c97974ac5) Importer(2089858483,192608db42251d675da83286b1cce702) (ScriptedImporter) -> (artifact id: 'cb76b21bab8801c985294f99afb596d0') in 0.1545056 seconds
Number of updated asset objects reloaded before import = 0Number of asset objects unloaded after import = 1

========================================================================
Received Import Request.
  Time since last request: 0.000711 seconds.
  path: Assets/TextMesh Pro/Examples & Extras/Scripts/TMP_TextEventCheck.cs
  artifactKey: Guid(d736ce056cf444ca96e424f4d9c42b76) Importer(2089858483,192608db42251d675da83286b1cce702)
Start importing Assets/TextMesh Pro/Examples & Extras/Scripts/TMP_TextEventCheck.cs using Guid(d736ce056cf444ca96e424f4d9c42b76) Importer(2089858483,192608db42251d675da83286b1cce702) (ScriptedImporter) -> (artifact id: 'c300de3bb139e6fa4ab3a1b2c72c48f6') in 0.0368767 seconds
Number of updated asset objects reloaded before import = 0Number of asset objects unloaded after import = 0

========================================================================
Received Import Request.
  Time since last request: 0.000602 seconds.
  path: Assets/Scenes/Spielberg.unity
  artifactKey: Guid(9fc0d4010bbf28b4594072e72b8655ab) Importer(2089858483,192608db42251d675da83286b1cce702)
Start importing Assets/Scenes/Spielberg.unity using Guid(9fc0d4010bbf28b4594072e72b8655ab) Importer(2089858483,192608db42251d675da83286b1cce702) (ScriptedImporter) -> (artifact id: 'f594605b5050a97c28c9cc557e69e31f') in 0.0330323 seconds
Number of updated asset objects reloaded before import = 0Number of asset objects unloaded after import = 1

========================================================================
Received Import Request.
  Time since last request: 0.000137 seconds.
  path: Assets/Vehicle_Essentials/Vehicle_Van/Vehicle_Van_Doors/Vehicle_Van_BackDoor_Closing_Exterior_01.wav
  artifactKey: Guid(1c396552ab4e5e842a24193d282cba8d) Importer(2089858483,192608db42251d675da83286b1cce702)
Start importing Assets/Vehicle_Essentials/Vehicle_Van/Vehicle_Van_Doors/Vehicle_Van_BackDoor_Closing_Exterior_01.wav using Guid(1c396552ab4e5e842a24193d282cba8d) Importer(2089858483,192608db42251d675da83286b1cce702) (ScriptedImporter) -> (artifact id: '05adfe8d01a3666f6475bba5937d21de') in 0.0727944 seconds
Number of updated asset objects reloaded before import = 0Number of asset objects unloaded after import = 1

========================================================================
Received Import Request.
  Time since last request: 0.000869 seconds.
  path: Assets/Cars/Aston Martin/93cea486f1b54bc6a37ea1b00b1c5da3_N_F2021_DETAILS_NORMAL.png
  artifactKey: Guid(015d41740c3f0b04e80dd09b97535b45) Importer(2089858483,192608db42251d675da83286b1cce702)
Start importing Assets/Cars/Aston Martin/93cea486f1b54bc6a37ea1b00b1c5da3_N_F2021_DETAILS_NORMAL.png using Guid(015d41740c3f0b04e80dd09b97535b45) Importer(2089858483,192608db42251d675da83286b1cce702) (ScriptedImporter) -> (artifact id: '73bd74ba30f57e904ee886f05432f0a4') in 0.0644337 seconds
Number of updated asset objects reloaded before import = 0Number of asset objects unloaded after import = 1

========================================================================
Received Import Request.
  Time since last request: 0.000514 seconds.
  path: Assets/Vehicle_Essentials/Vehicle_Van/Vehicle_Van_Electric_Window/Vehicle_Van_Electric_Window_Closing.wav
  artifactKey: Guid(9c39e3c207c99164c980e3012b6993f6) Importer(2089858483,192608db42251d675da83286b1cce702)
Start importing Assets/Vehicle_Essentials/Vehicle_Van/Vehicle_Van_Electric_Window/Vehicle_Van_Electric_Window_Closing.wav using Guid(9c39e3c207c99164c980e3012b6993f6) Importer(2089858483,192608db42251d675da83286b1cce702) (ScriptedImporter) -> (artifact id: '82e1cc609b7c1f049db483a24ea4dad5') in 0.0980178 seconds
Number of updated asset objects reloaded before import = 0Number of asset objects unloaded after import = 1

========================================================================
Received Import Request.
  Time since last request: 0.000220 seconds.
  path: Assets/TextMesh Pro/Examples & Extras/Resources/Fonts & Materials/LiberationSans SDF - Metalic Green.mat
  artifactKey: Guid(8b29aaa3eec7468097ff07adfcf29ac9) Importer(2089858483,192608db42251d675da83286b1cce702)
Start importing Assets/TextMesh Pro/Examples & Extras/Resources/Fonts & Materials/LiberationSans SDF - Metalic Green.mat using Guid(8b29aaa3eec7468097ff07adfcf29ac9) Importer(2089858483,192608db42251d675da83286b1cce702) (ScriptedImporter) -> (artifact id: '7a0852546bd35f4f0d049e43bc6669c8') in 0.0803011 seconds
Number of updated asset objects reloaded before import = 0Number of asset objects unloaded after import = 4

========================================================================
Received Import Request.
  Time since last request: 0.000029 seconds.
  path: Assets/Cars/Aston Martin/03517e5c9d0f447993efadb611dac556_A_F2021_DETAILS.png
  artifactKey: Guid(b1206447abfd54d439020d6a2f3fc683) Importer(2089858483,192608db42251d675da83286b1cce702)
Start importing Assets/Cars/Aston Martin/03517e5c9d0f447993efadb611dac556_A_F2021_DETAILS.png using Guid(b1206447abfd54d439020d6a2f3fc683) Importer(2089858483,192608db42251d675da83286b1cce702) (ScriptedImporter) -> (artifact id: 'ce6a8465f5318674fb6247876627ba84') in 0.0598939 seconds
Number of updated asset objects reloaded before import = 0Number of asset objects unloaded after import = 1

========================================================================
Received Import Request.
  Time since last request: 0.000298 seconds.
  path: Assets/Cars/Red Bull/sounds/f1_6000rpm.wav
  artifactKey: Guid(46fd38634f1ab7942a969bcba8cff554) Importer(2089858483,192608db42251d675da83286b1cce702)
Start importing Assets/Cars/Red Bull/sounds/f1_6000rpm.wav using Guid(46fd38634f1ab7942a969bcba8cff554) Importer(2089858483,192608db42251d675da83286b1cce702) (ScriptedImporter) -> (artifact id: '1db4a90a788fa281dc1a264ddf14701e') in 0.1054487 seconds
Number of updated asset objects reloaded before import = 0Number of asset objects unloaded after import = 1

========================================================================
Received Import Request.
  Time since last request: 0.000389 seconds.
  path: Assets/Vehicle_Essentials/Vehicle_Van/Vehicle_Van_Doors/Vehicle_Van_BackDoor_Opening_Exterior_02.wav
  artifactKey: Guid(d61787f1b8b63e6418ae03d7d9b65876) Importer(2089858483,192608db42251d675da83286b1cce702)
Start importing Assets/Vehicle_Essentials/Vehicle_Van/Vehicle_Van_Doors/Vehicle_Van_BackDoor_Opening_Exterior_02.wav using Guid(d61787f1b8b63e6418ae03d7d9b65876) Importer(2089858483,192608db42251d675da83286b1cce702) (ScriptedImporter) -> (artifact id: '43faeeef831e61239b3a2a3da7e032b7') in 0.0797326 seconds
Number of updated asset objects reloaded before import = 0Number of asset objects unloaded after import = 1

========================================================================
Received Import Request.
  Time since last request: 0.000289 seconds.
  path: Assets/Vehicle_Essentials/Vehicle_Car/Vehicle_Car_Buttons/Vehicle_Car_Button_01.wav
  artifactKey: Guid(bba74e54a0cee534d97da43d75900c10) Importer(2089858483,192608db42251d675da83286b1cce702)
Start importing Assets/Vehicle_Essentials/Vehicle_Car/Vehicle_Car_Buttons/Vehicle_Car_Button_01.wav using Guid(bba74e54a0cee534d97da43d75900c10) Importer(2089858483,192608db42251d675da83286b1cce702) (ScriptedImporter) -> (artifact id: '08c09e35183db32a32e3a51364478e14') in 0.0884458 seconds
Number of updated asset objects reloaded before import = 0Number of asset objects unloaded after import = 1

========================================================================
Received Import Request.
  Time since last request: 0.002528 seconds.
  path: Assets/Cars/Red Bull/sounds/f1_7500rpm.wav
  artifactKey: Guid(a8636f69b68540b4aad24e5743d591d3) Importer(2089858483,192608db42251d675da83286b1cce702)
Start importing Assets/Cars/Red Bull/sounds/f1_7500rpm.wav using Guid(a8636f69b68540b4aad24e5743d591d3) Importer(2089858483,192608db42251d675da83286b1cce702) (ScriptedImporter) -> (artifact id: '123610277918fa2145ccbfa4e146ba82') in 0.1104528 seconds
Number of updated asset objects reloaded before import = 0Number of asset objects unloaded after import = 1

========================================================================
Received Import Request.
  Time since last request: 0.000286 seconds.
  path: Assets/Vehicle_Essentials/Vehicle_Car/Vehicle_Car_Engine/Vehicle_Car_Engine_Idle_Interior_Loop_02.wav
  artifactKey: Guid(06ad1481583af784ea25643fd04c15bc) Importer(2089858483,192608db42251d675da83286b1cce702)
Start importing Assets/Vehicle_Essentials/Vehicle_Car/Vehicle_Car_Engine/Vehicle_Car_Engine_Idle_Interior_Loop_02.wav using Guid(06ad1481583af784ea25643fd04c15bc) Importer(2089858483,192608db42251d675da83286b1cce702) (ScriptedImporter) -> (artifact id: 'f9a4d8a440f1cde9e35c479d6a4211c2') in 0.1248364 seconds
Number of updated asset objects reloaded before import = 0Number of asset objects unloaded after import = 1

========================================================================
Received Import Request.
  Time since last request: 0.000115 seconds.
  path: Assets/Vehicle_Essentials/Vehicle_Car/Vehicle_Car_Warning/Vehicle_Car_Warning_Interior_Loop_02.wav
  artifactKey: Guid(c35610a4b59635f4a90e0c62d6891645) Importer(2089858483,192608db42251d675da83286b1cce702)
Start importing Assets/Vehicle_Essentials/Vehicle_Car/Vehicle_Car_Warning/Vehicle_Car_Warning_Interior_Loop_02.wav using Guid(c35610a4b59635f4a90e0c62d6891645) Importer(2089858483,192608db42251d675da83286b1cce702) (ScriptedImporter) -> (artifact id: 'cc67791a79f5ee0a23c5cba5ad6e5aa5') in 0.1001903 seconds
Number of updated asset objects reloaded before import = 0Number of asset objects unloaded after import = 1

========================================================================
Received Import Request.
  Time since last request: 0.000496 seconds.
  path: Assets/TextMesh Pro/Resources/Fonts & Materials/LiberationSans SDF - Outline.mat
  artifactKey: Guid(79459efec17a4d00a321bdcc27bbc385) Importer(2089858483,192608db42251d675da83286b1cce702)
Start importing Assets/TextMesh Pro/Resources/Fonts & Materials/LiberationSans SDF - Outline.mat using Guid(79459efec17a4d00a321bdcc27bbc385) Importer(2089858483,192608db42251d675da83286b1cce702) (ScriptedImporter) -> (artifact id: '14da270c7521b0fe7bf5fe112da02a62') in 0.0593665 seconds
Number of updated asset objects reloaded before import = 0Number of asset objects unloaded after import = 2

========================================================================
Received Import Request.
  Time since last request: 76.178549 seconds.
  path: Assets/Cars/Subaru/Subaru.bin
  artifactKey: Guid(042d5683c807f114a9512dda75ae94ac) Importer(815301076,1909f56bfc062723c751e8b465ee728b)
Start importing Assets/Cars/Subaru/Subaru.bin using Guid(042d5683c807f114a9512dda75ae94ac) Importer(815301076,1909f56bfc062723c751e8b465ee728b) (PreviewImporter) -> (artifact id: 'efd0d3d32210893d934d1e7b8789207c') in 0.002192 seconds
Number of updated asset objects reloaded before import = 0Number of asset objects unloaded after import = 1

========================================================================
Received Import Request.
  Time since last request: 29.136380 seconds.
  path: Assets/Cars/Subaru.prefab
  artifactKey: Guid(f8da542ab8f93464698ffe4c8bafb25d) Importer(815301076,1909f56bfc062723c751e8b465ee728b)
Start importing Assets/Cars/Subaru.prefab using Guid(f8da542ab8f93464698ffe4c8bafb25d) Importer(815301076,1909f56bfc062723c751e8b465ee728b) (PreviewImporter) -> (artifact id: 'ff3fbcd0def08612125dcd59835b0720') in 0.140678 seconds
Number of updated asset objects reloaded before import = 0Number of asset objects unloaded after import = 669

========================================================================
Received Import Request.
  Time since last request: 0.742057 seconds.
  path: Assets/Cars/Subaru.prefab
  artifactKey: Guid(f8da542ab8f93464698ffe4c8bafb25d) Importer(2089858483,192608db42251d675da83286b1cce702)
Start importing Assets/Cars/Subaru.prefab using Guid(f8da542ab8f93464698ffe4c8bafb25d) Importer(2089858483,192608db42251d675da83286b1cce702) (ScriptedImporter) -> (artifact id: 'e051ec469ec28b6650ef87c97978eee8') in 0.0865074 seconds
Number of updated asset objects reloaded before import = 0Number of asset objects unloaded after import = 650

========================================================================
Received Import Request.
  Time since last request: 5.932120 seconds.
  path: Assets/Cars/Subaru.prefab
  artifactKey: Guid(f8da542ab8f93464698ffe4c8bafb25d) Importer(815301076,1909f56bfc062723c751e8b465ee728b)
Start importing Assets/Cars/Subaru.prefab using Guid(f8da542ab8f93464698ffe4c8bafb25d) Importer(815301076,1909f56bfc062723c751e8b465ee728b) (PreviewImporter) -> (artifact id: '738741f488815ec0c9104bcf982f5321') in 0.0830408 seconds
Number of updated asset objects reloaded before import = 0Number of asset objects unloaded after import = 669

========================================================================
Received Import Request.
  Time since last request: 0.824906 seconds.
  path: Assets/Cars/Subaru.prefab
  artifactKey: Guid(f8da542ab8f93464698ffe4c8bafb25d) Importer(2089858483,192608db42251d675da83286b1cce702)
Start importing Assets/Cars/Subaru.prefab using Guid(f8da542ab8f93464698ffe4c8bafb25d) Importer(2089858483,192608db42251d675da83286b1cce702) (ScriptedImporter) -> (artifact id: '567b13c44591b93321d5eb18199b0fcd') in 0.0742589 seconds
Number of updated asset objects reloaded before import = 0Number of asset objects unloaded after import = 650

========================================================================
Received Import Request.
  Time since last request: 0.933116 seconds.
  path: Assets/Cars/Subaru.prefab
  artifactKey: Guid(f8da542ab8f93464698ffe4c8bafb25d) Importer(815301076,1909f56bfc062723c751e8b465ee728b)
Start importing Assets/Cars/Subaru.prefab using Guid(f8da542ab8f93464698ffe4c8bafb25d) Importer(815301076,1909f56bfc062723c751e8b465ee728b) (PreviewImporter) -> (artifact id: 'f42be9c1f10b07bdcc6bf9abf8b0ec77') in 0.0874473 seconds
Number of updated asset objects reloaded before import = 0Number of asset objects unloaded after import = 669

========================================================================
Received Import Request.
  Time since last request: 0.930065 seconds.
  path: Assets/Cars/Subaru.prefab
  artifactKey: Guid(f8da542ab8f93464698ffe4c8bafb25d) Importer(2089858483,192608db42251d675da83286b1cce702)
Start importing Assets/Cars/Subaru.prefab using Guid(f8da542ab8f93464698ffe4c8bafb25d) Importer(2089858483,192608db42251d675da83286b1cce702) (ScriptedImporter) -> (artifact id: 'c193f244b5669d6e6c2ba3acc0b4acad') in 0.0692599 seconds
Number of updated asset objects reloaded before import = 0Number of asset objects unloaded after import = 650

========================================================================
Received Import Request.
  Time since last request: 1.564990 seconds.
  path: Assets/Cars/Subaru.prefab
  artifactKey: Guid(f8da542ab8f93464698ffe4c8bafb25d) Importer(815301076,1909f56bfc062723c751e8b465ee728b)
Start importing Assets/Cars/Subaru.prefab using Guid(f8da542ab8f93464698ffe4c8bafb25d) Importer(815301076,1909f56bfc062723c751e8b465ee728b) (PreviewImporter) -> (artifact id: '7cf0c194e1fda3fdee2ad44eeb4cf066') in 0.092157 seconds
Number of updated asset objects reloaded before import = 0Number of asset objects unloaded after import = 669

========================================================================
Received Import Request.
  Time since last request: 0.798882 seconds.
  path: Assets/Cars/Subaru.prefab
  artifactKey: Guid(f8da542ab8f93464698ffe4c8bafb25d) Importer(2089858483,192608db42251d675da83286b1cce702)
Start importing Assets/Cars/Subaru.prefab using Guid(f8da542ab8f93464698ffe4c8bafb25d) Importer(2089858483,192608db42251d675da83286b1cce702) (ScriptedImporter) -> (artifact id: 'f1d22bb0c70d0259fe971dd7c2edac36') in 0.0870584 seconds
Number of updated asset objects reloaded before import = 0Number of asset objects unloaded after import = 650

========================================================================
Received Import Request.
  Time since last request: 1.886979 seconds.
  path: Assets/Cars/Subaru.prefab
  artifactKey: Guid(f8da542ab8f93464698ffe4c8bafb25d) Importer(815301076,1909f56bfc062723c751e8b465ee728b)
Start importing Assets/Cars/Subaru.prefab using Guid(f8da542ab8f93464698ffe4c8bafb25d) Importer(815301076,1909f56bfc062723c751e8b465ee728b) (PreviewImporter) -> (artifact id: '2060a9a8302bfc8c79ff927312f9418a') in 0.0987434 seconds
Number of updated asset objects reloaded before import = 0Number of asset objects unloaded after import = 669

========================================================================
Received Import Request.
  Time since last request: 1.645999 seconds.
  path: Assets/Cars/Subaru.prefab
  artifactKey: Guid(f8da542ab8f93464698ffe4c8bafb25d) Importer(2089858483,192608db42251d675da83286b1cce702)
Start importing Assets/Cars/Subaru.prefab using Guid(f8da542ab8f93464698ffe4c8bafb25d) Importer(2089858483,192608db42251d675da83286b1cce702) (ScriptedImporter) -> (artifact id: 'd71d5b834fe04b354d96cb54747a1b8b') in 0.0730899 seconds
Number of updated asset objects reloaded before import = 0Number of asset objects unloaded after import = 650

========================================================================
Received Import Request.
  Time since last request: 1.579878 seconds.
  path: Assets/Cars/Subaru.prefab
  artifactKey: Guid(f8da542ab8f93464698ffe4c8bafb25d) Importer(815301076,1909f56bfc062723c751e8b465ee728b)
Start importing Assets/Cars/Subaru.prefab using Guid(f8da542ab8f93464698ffe4c8bafb25d) Importer(815301076,1909f56bfc062723c751e8b465ee728b) (PreviewImporter) -> (artifact id: '32dbe71b19d441dd6edb690030396a56') in 0.1015979 seconds
Number of updated asset objects reloaded before import = 0Number of asset objects unloaded after import = 669

========================================================================
Received Import Request.
  Time since last request: 0.774058 seconds.
  path: Assets/Cars/Subaru.prefab
  artifactKey: Guid(f8da542ab8f93464698ffe4c8bafb25d) Importer(2089858483,192608db42251d675da83286b1cce702)
Start importing Assets/Cars/Subaru.prefab using Guid(f8da542ab8f93464698ffe4c8bafb25d) Importer(2089858483,192608db42251d675da83286b1cce702) (ScriptedImporter) -> (artifact id: '6ccde9fb60b88aa5ce346c871714b791') in 0.0734971 seconds
Number of updated asset objects reloaded before import = 0Number of asset objects unloaded after import = 650

========================================================================
Received Import Request.
  Time since last request: 2.107067 seconds.
  path: Assets/Cars/Subaru.prefab
  artifactKey: Guid(f8da542ab8f93464698ffe4c8bafb25d) Importer(815301076,1909f56bfc062723c751e8b465ee728b)
Start importing Assets/Cars/Subaru.prefab using Guid(f8da542ab8f93464698ffe4c8bafb25d) Importer(815301076,1909f56bfc062723c751e8b465ee728b) (PreviewImporter) -> (artifact id: '12f4225991a34b083e598d230fd33809') in 0.0965024 seconds
Number of updated asset objects reloaded before import = 0Number of asset objects unloaded after import = 669

========================================================================
Received Import Request.
  Time since last request: 0.781830 seconds.
  path: Assets/Cars/Subaru.prefab
  artifactKey: Guid(f8da542ab8f93464698ffe4c8bafb25d) Importer(2089858483,192608db42251d675da83286b1cce702)
Start importing Assets/Cars/Subaru.prefab using Guid(f8da542ab8f93464698ffe4c8bafb25d) Importer(2089858483,192608db42251d675da83286b1cce702) (ScriptedImporter) -> (artifact id: '349822b44d0f5fd0832acc22db700ac6') in 0.0759214 seconds
Number of updated asset objects reloaded before import = 0Number of asset objects unloaded after import = 650

========================================================================
Received Import Request.
  Time since last request: 3.348505 seconds.
  path: Assets/Cars/Subaru.prefab
  artifactKey: Guid(f8da542ab8f93464698ffe4c8bafb25d) Importer(815301076,1909f56bfc062723c751e8b465ee728b)
Start importing Assets/Cars/Subaru.prefab using Guid(f8da542ab8f93464698ffe4c8bafb25d) Importer(815301076,1909f56bfc062723c751e8b465ee728b) (PreviewImporter) -> (artifact id: '41b71bb1f3393f1b35355351545ca023') in 0.0757982 seconds
Number of updated asset objects reloaded before import = 0Number of asset objects unloaded after import = 669

========================================================================
Received Import Request.
  Time since last request: 0.827072 seconds.
  path: Assets/Cars/Subaru.prefab
  artifactKey: Guid(f8da542ab8f93464698ffe4c8bafb25d) Importer(2089858483,192608db42251d675da83286b1cce702)
Start importing Assets/Cars/Subaru.prefab using Guid(f8da542ab8f93464698ffe4c8bafb25d) Importer(2089858483,192608db42251d675da83286b1cce702) (ScriptedImporter) -> (artifact id: '127b797a5cccfa9eea8cba6a8bd9b3bd') in 0.0606305 seconds
Number of updated asset objects reloaded before import = 0Number of asset objects unloaded after import = 650

========================================================================
Received Import Request.
  Time since last request: 1.480621 seconds.
  path: Assets/Cars/Subaru.prefab
  artifactKey: Guid(f8da542ab8f93464698ffe4c8bafb25d) Importer(815301076,1909f56bfc062723c751e8b465ee728b)
Start importing Assets/Cars/Subaru.prefab using Guid(f8da542ab8f93464698ffe4c8bafb25d) Importer(815301076,1909f56bfc062723c751e8b465ee728b) (PreviewImporter) -> (artifact id: '3b7f34fed96167eaf51195975d67a577') in 0.0787213 seconds
Number of updated asset objects reloaded before import = 0Number of asset objects unloaded after import = 669

========================================================================
Received Import Request.
  Time since last request: 0.822202 seconds.
  path: Assets/Cars/Subaru.prefab
  artifactKey: Guid(f8da542ab8f93464698ffe4c8bafb25d) Importer(2089858483,192608db42251d675da83286b1cce702)
Start importing Assets/Cars/Subaru.prefab using Guid(f8da542ab8f93464698ffe4c8bafb25d) Importer(2089858483,192608db42251d675da83286b1cce702) (ScriptedImporter) -> (artifact id: '178f5e8fc50fe59220e3e0d5be1d5eeb') in 0.068677 seconds
Number of updated asset objects reloaded before import = 0Number of asset objects unloaded after import = 650

========================================================================
Received Import Request.
  Time since last request: 1.602048 seconds.
  path: Assets/Cars/Subaru.prefab
  artifactKey: Guid(f8da542ab8f93464698ffe4c8bafb25d) Importer(815301076,1909f56bfc062723c751e8b465ee728b)
Start importing Assets/Cars/Subaru.prefab using Guid(f8da542ab8f93464698ffe4c8bafb25d) Importer(815301076,1909f56bfc062723c751e8b465ee728b) (PreviewImporter) -> (artifact id: '68fe517c60c1e0e3a165cebe7746d4c5') in 0.097031 seconds
Number of updated asset objects reloaded before import = 0Number of asset objects unloaded after import = 669

========================================================================
Received Import Request.
  Time since last request: 0.799126 seconds.
  path: Assets/Cars/Subaru.prefab
  artifactKey: Guid(f8da542ab8f93464698ffe4c8bafb25d) Importer(2089858483,192608db42251d675da83286b1cce702)
Start importing Assets/Cars/Subaru.prefab using Guid(f8da542ab8f93464698ffe4c8bafb25d) Importer(2089858483,192608db42251d675da83286b1cce702) (ScriptedImporter) -> (artifact id: '981c4406f4cb648bcdcfe57e8e5b178b') in 0.0752752 seconds
Number of updated asset objects reloaded before import = 0Number of asset objects unloaded after import = 650

========================================================================
Received Import Request.
  Time since last request: 1.639067 seconds.
  path: Assets/Cars/Subaru.prefab
  artifactKey: Guid(f8da542ab8f93464698ffe4c8bafb25d) Importer(815301076,1909f56bfc062723c751e8b465ee728b)
Start importing Assets/Cars/Subaru.prefab using Guid(f8da542ab8f93464698ffe4c8bafb25d) Importer(815301076,1909f56bfc062723c751e8b465ee728b) (PreviewImporter) -> (artifact id: 'da7d6693bcac84638f68389711b51d16') in 0.0922475 seconds
Number of updated asset objects reloaded before import = 0Number of asset objects unloaded after import = 668

========================================================================
Received Import Request.
  Time since last request: 0.790295 seconds.
  path: Assets/Cars/Subaru.prefab
  artifactKey: Guid(f8da542ab8f93464698ffe4c8bafb25d) Importer(2089858483,192608db42251d675da83286b1cce702)
Start importing Assets/Cars/Subaru.prefab using Guid(f8da542ab8f93464698ffe4c8bafb25d) Importer(2089858483,192608db42251d675da83286b1cce702) (ScriptedImporter) -> (artifact id: '10660376f8e2ee345574d5dbe10395b0') in 0.0797413 seconds
Number of updated asset objects reloaded before import = 0Number of asset objects unloaded after import = 649

========================================================================
Received Import Request.
  Time since last request: 1.486589 seconds.
  path: Assets/Cars/Subaru.prefab
  artifactKey: Guid(f8da542ab8f93464698ffe4c8bafb25d) Importer(815301076,1909f56bfc062723c751e8b465ee728b)
Start importing Assets/Cars/Subaru.prefab using Guid(f8da542ab8f93464698ffe4c8bafb25d) Importer(815301076,1909f56bfc062723c751e8b465ee728b) (PreviewImporter) -> (artifact id: '78a5091a7602789b1a576e8a49604840') in 0.0878646 seconds
Number of updated asset objects reloaded before import = 0Number of asset objects unloaded after import = 669

========================================================================
Received Import Request.
  Time since last request: 0.802174 seconds.
  path: Assets/Cars/Subaru.prefab
  artifactKey: Guid(f8da542ab8f93464698ffe4c8bafb25d) Importer(2089858483,192608db42251d675da83286b1cce702)
Start importing Assets/Cars/Subaru.prefab using Guid(f8da542ab8f93464698ffe4c8bafb25d) Importer(2089858483,192608db42251d675da83286b1cce702) (ScriptedImporter) -> (artifact id: 'ed6f1738603e09dd761e74cf03fd910c') in 0.0907353 seconds
Number of updated asset objects reloaded before import = 0Number of asset objects unloaded after import = 650

========================================================================
Received Import Request.
  Time since last request: 1.006124 seconds.
  path: Assets/Cars/Subaru.prefab
  artifactKey: Guid(f8da542ab8f93464698ffe4c8bafb25d) Importer(815301076,1909f56bfc062723c751e8b465ee728b)
Start importing Assets/Cars/Subaru.prefab using Guid(f8da542ab8f93464698ffe4c8bafb25d) Importer(815301076,1909f56bfc062723c751e8b465ee728b) (PreviewImporter) -> (artifact id: 'bf3310f3b903304f9bddef0187368e46') in 0.0875197 seconds
Number of updated asset objects reloaded before import = 0Number of asset objects unloaded after import = 669

========================================================================
Received Import Request.
  Time since last request: 0.967742 seconds.
  path: Assets/Cars/Subaru.prefab
  artifactKey: Guid(f8da542ab8f93464698ffe4c8bafb25d) Importer(2089858483,192608db42251d675da83286b1cce702)
Start importing Assets/Cars/Subaru.prefab using Guid(f8da542ab8f93464698ffe4c8bafb25d) Importer(2089858483,192608db42251d675da83286b1cce702) (ScriptedImporter) -> (artifact id: 'a33d6bb1d75daf952e48cddb0bfc8cbd') in 0.0633661 seconds
Number of updated asset objects reloaded before import = 0Number of asset objects unloaded after import = 650

========================================================================
Received Import Request.
  Time since last request: 10.508625 seconds.
  path: Assets/Cars/Subaru.prefab
  artifactKey: Guid(f8da542ab8f93464698ffe4c8bafb25d) Importer(815301076,1909f56bfc062723c751e8b465ee728b)
Start importing Assets/Cars/Subaru.prefab using Guid(f8da542ab8f93464698ffe4c8bafb25d) Importer(815301076,1909f56bfc062723c751e8b465ee728b) (PreviewImporter) -> (artifact id: '004d99586979fe33839810b689955603') in 0.0707777 seconds
Number of updated asset objects reloaded before import = 0Number of asset objects unloaded after import = 662

========================================================================
Received Import Request.
  Time since last request: 0.844393 seconds.
  path: Assets/Cars/Subaru.prefab
  artifactKey: Guid(f8da542ab8f93464698ffe4c8bafb25d) Importer(2089858483,192608db42251d675da83286b1cce702)
Start importing Assets/Cars/Subaru.prefab using Guid(f8da542ab8f93464698ffe4c8bafb25d) Importer(2089858483,192608db42251d675da83286b1cce702) (ScriptedImporter) -> (artifact id: '42496b5e4e938739699c2b04d6d4f14a') in 0.0535894 seconds
Number of updated asset objects reloaded before import = 0Number of asset objects unloaded after import = 643

========================================================================
Received Import Request.
  Time since last request: 21.003308 seconds.
  path: Assets/Cars/Subaru.prefab
  artifactKey: Guid(f8da542ab8f93464698ffe4c8bafb25d) Importer(815301076,1909f56bfc062723c751e8b465ee728b)
Start importing Assets/Cars/Subaru.prefab using Guid(f8da542ab8f93464698ffe4c8bafb25d) Importer(815301076,1909f56bfc062723c751e8b465ee728b) (PreviewImporter) -> (artifact id: '9bf72830483706cab29862f0b1d7f986') in 0.0741706 seconds
Number of updated asset objects reloaded before import = 0Number of asset objects unloaded after import = 662

========================================================================
Received Import Request.
  Time since last request: 0.790975 seconds.
  path: Assets/Cars/Subaru.prefab
  artifactKey: Guid(f8da542ab8f93464698ffe4c8bafb25d) Importer(2089858483,192608db42251d675da83286b1cce702)
Start importing Assets/Cars/Subaru.prefab using Guid(f8da542ab8f93464698ffe4c8bafb25d) Importer(2089858483,192608db42251d675da83286b1cce702) (ScriptedImporter) -> (artifact id: '6a7c7718e8d4adbe779781c056102070') in 0.0623177 seconds
Number of updated asset objects reloaded before import = 0Number of asset objects unloaded after import = 643

========================================================================
Received Prepare
Begin MonoManager ReloadAssembly
[Licensing::Client] Successfully resolved entitlement details
Symbol file LoadedFromMemory is not a mono symbol file
- Loaded All Assemblies, in  2.311 seconds
Refreshing native plugins compatible for Editor in 2.75 ms, found 3 plugins.
Native extension for WindowsStandalone target not found
[Package Manager] Failed to launch server process. Reason: Unity was launched with the -noUpm command-line argument
[Package Manager] Unable to send message (not connected to server process).
[Package Manager] Cannot connect to Unity Package Manager local server
[Package Manager] Failed to launch server process. Reason: Unity was launched with the -noUpm command-line argument
[Package Manager] Unable to send message (not connected to server process).
[Package Manager] Cannot connect to Unity Package Manager local server
Mono: successfully reloaded assembly
- Finished resetting the current domain, in  1.439 seconds
Domain Reload Profiling: 3744ms
	BeginReloadAssembly (738ms)
		ExecutionOrderSort (0ms)
		DisableScriptedObjects (23ms)
		BackupInstance (0ms)
		ReleaseScriptingObjects (0ms)
		CreateAndSetChildDomain (186ms)
	RebuildCommonClasses (83ms)
	RebuildNativeTypeToScriptingClass (38ms)
	initialDomainReloadingComplete (77ms)
	LoadAllAssembliesAndSetupDomain (1368ms)
		LoadAssemblies (1055ms)
		RebuildTransferFunctionScriptingTraits (0ms)
		AnalyzeDomain (704ms)
			TypeCache.Refresh (16ms)
				TypeCache.ScanAssembly (0ms)
			BuildScriptInfoCaches (659ms)
			ResolveRequiredComponents (16ms)
	FinalizeReload (1440ms)
		ReleaseScriptCaches (0ms)
		RebuildScriptCaches (0ms)
		SetupLoadedEditorAssemblies (1143ms)
			LogAssemblyErrors (0ms)
			InitializePlatformSupportModulesInManaged (5ms)
			SetLoadedEditorAssemblies (21ms)
			BeforeProcessingInitializeOnLoad (297ms)
			ProcessInitializeOnLoadAttributes (680ms)
			ProcessInitializeOnLoadMethodAttributes (127ms)
			AfterProcessingInitializeOnLoad (13ms)
			EditorAssembliesLoaded (0ms)
		ExecutionOrderSort2 (0ms)
		AwakeInstancesAfterBackupRestoration (23ms)
Refreshing native plugins compatible for Editor in 3.80 ms, found 3 plugins.
Preloading 0 native plugins for Editor in 0.00 ms.
Unloading 0 Unused Serialized files (Serialized files now loaded: 0)
Unloading 4243 unused Assets / (0.6 MB). Loaded Objects now: 4753.
Memory consumption went from 100.0 MB to 99.3 MB.
Total: 15.156700 ms (FindLiveObjects: 0.814100 ms CreateObjectMapping: 0.962900 ms MarkObjects: 11.074000 ms  DeleteObjects: 2.304000 ms)

Prepare: number of updated asset objects reloaded= 0
========================================================================
Received Prepare
Begin MonoManager ReloadAssembly
[Licensing::Client] Successfully resolved entitlement details
Symbol file LoadedFromMemory is not a mono symbol file
- Loaded All Assemblies, in  2.387 seconds
Refreshing native plugins compatible for Editor in 3.25 ms, found 3 plugins.
Native extension for WindowsStandalone target not found
[Package Manager] Failed to launch server process. Reason: Unity was launched with the -noUpm command-line argument
[Package Manager] Unable to send message (not connected to server process).
[Package Manager] Cannot connect to Unity Package Manager local server
[Package Manager] Failed to launch server process. Reason: Unity was launched with the -noUpm command-line argument
[Package Manager] Unable to send message (not connected to server process).
[Package Manager] Cannot connect to Unity Package Manager local server
Mono: successfully reloaded assembly
- Finished resetting the current domain, in  1.638 seconds
Domain Reload Profiling: 4017ms
	BeginReloadAssembly (559ms)
		ExecutionOrderSort (0ms)
		DisableScriptedObjects (20ms)
		BackupInstance (0ms)
		ReleaseScriptingObjects (0ms)
		CreateAndSetChildDomain (111ms)
	RebuildCommonClasses (111ms)
	RebuildNativeTypeToScriptingClass (33ms)
	initialDomainReloadingComplete (87ms)
	LoadAllAssembliesAndSetupDomain (1587ms)
		LoadAssemblies (1087ms)
		RebuildTransferFunctionScriptingTraits (0ms)
		AnalyzeDomain (818ms)
			TypeCache.Refresh (20ms)
				TypeCache.ScanAssembly (0ms)
			BuildScriptInfoCaches (766ms)
			ResolveRequiredComponents (19ms)
	FinalizeReload (1639ms)
		ReleaseScriptCaches (0ms)
		RebuildScriptCaches (0ms)
		SetupLoadedEditorAssemblies (1318ms)
			LogAssemblyErrors (0ms)
			InitializePlatformSupportModulesInManaged (3ms)
			SetLoadedEditorAssemblies (16ms)
			BeforeProcessingInitializeOnLoad (392ms)
			ProcessInitializeOnLoadAttributes (759ms)
			ProcessInitializeOnLoadMethodAttributes (135ms)
			AfterProcessingInitializeOnLoad (12ms)
			EditorAssembliesLoaded (0ms)
		ExecutionOrderSort2 (0ms)
		AwakeInstancesAfterBackupRestoration (23ms)
Refreshing native plugins compatible for Editor in 2.51 ms, found 3 plugins.
Preloading 0 native plugins for Editor in 0.00 ms.
Unloading 0 Unused Serialized files (Serialized files now loaded: 0)
Unloading 4242 unused Assets / (1.2 MB). Loaded Objects now: 4755.
Memory consumption went from 100.0 MB to 98.7 MB.
Total: 12.923900 ms (FindLiveObjects: 0.698100 ms CreateObjectMapping: 0.892200 ms MarkObjects: 8.954000 ms  DeleteObjects: 2.377800 ms)

Prepare: number of updated asset objects reloaded= 0
========================================================================
Received Prepare
Begin MonoManager ReloadAssembly
[Licensing::Client] Successfully resolved entitlement details
Symbol file LoadedFromMemory is not a mono symbol file
- Loaded All Assemblies, in  2.057 seconds
Refreshing native plugins compatible for Editor in 3.71 ms, found 3 plugins.
Native extension for WindowsStandalone target not found
[Package Manager] Failed to launch server process. Reason: Unity was launched with the -noUpm command-line argument
[Package Manager] Unable to send message (not connected to server process).
[Package Manager] Cannot connect to Unity Package Manager local server
[Package Manager] Failed to launch server process. Reason: Unity was launched with the -noUpm command-line argument
[Package Manager] Unable to send message (not connected to server process).
[Package Manager] Cannot connect to Unity Package Manager local server
Mono: successfully reloaded assembly
- Finished resetting the current domain, in  1.498 seconds
Domain Reload Profiling: 3546ms
	BeginReloadAssembly (494ms)
		ExecutionOrderSort (0ms)
		DisableScriptedObjects (23ms)
		BackupInstance (0ms)
		ReleaseScriptingObjects (0ms)
		CreateAndSetChildDomain (107ms)
	RebuildCommonClasses (95ms)
	RebuildNativeTypeToScriptingClass (36ms)
	initialDomainReloadingComplete (76ms)
	LoadAllAssembliesAndSetupDomain (1346ms)
		LoadAssemblies (870ms)
		RebuildTransferFunctionScriptingTraits (0ms)
		AnalyzeDomain (726ms)
			TypeCache.Refresh (17ms)
				TypeCache.ScanAssembly (0ms)
			BuildScriptInfoCaches (679ms)
			ResolveRequiredComponents (16ms)
	FinalizeReload (1499ms)
		ReleaseScriptCaches (0ms)
		RebuildScriptCaches (0ms)
		SetupLoadedEditorAssemblies (1132ms)
			LogAssemblyErrors (0ms)
			InitializePlatformSupportModulesInManaged (4ms)
			SetLoadedEditorAssemblies (14ms)
			BeforeProcessingInitializeOnLoad (305ms)
			ProcessInitializeOnLoadAttributes (686ms)
			ProcessInitializeOnLoadMethodAttributes (112ms)
			AfterProcessingInitializeOnLoad (11ms)
			EditorAssembliesLoaded (0ms)
		ExecutionOrderSort2 (0ms)
		AwakeInstancesAfterBackupRestoration (26ms)
Refreshing native plugins compatible for Editor in 2.56 ms, found 3 plugins.
Preloading 0 native plugins for Editor in 0.00 ms.
Unloading 0 Unused Serialized files (Serialized files now loaded: 0)
Unloading 4242 unused Assets / (1.4 MB). Loaded Objects now: 4757.
Memory consumption went from 100.0 MB to 98.6 MB.
Total: 15.769000 ms (FindLiveObjects: 0.742100 ms CreateObjectMapping: 0.952100 ms MarkObjects: 11.279000 ms  DeleteObjects: 2.794200 ms)

Prepare: number of updated asset objects reloaded= 0
========================================================================
Received Prepare
Begin MonoManager ReloadAssembly
[Licensing::Client] Successfully resolved entitlement details
Symbol file LoadedFromMemory is not a mono symbol file
- Loaded All Assemblies, in  4.901 seconds
Refreshing native plugins compatible for Editor in 2.70 ms, found 3 plugins.
Native extension for WindowsStandalone target not found
[Package Manager] Failed to launch server process. Reason: Unity was launched with the -noUpm command-line argument
[Package Manager] Unable to send message (not connected to server process).
[Package Manager] Cannot connect to Unity Package Manager local server
[Package Manager] Failed to launch server process. Reason: Unity was launched with the -noUpm command-line argument
[Package Manager] Unable to send message (not connected to server process).
[Package Manager] Cannot connect to Unity Package Manager local server
Mono: successfully reloaded assembly
- Finished resetting the current domain, in  1.629 seconds
Domain Reload Profiling: 6498ms
	BeginReloadAssembly (1281ms)
		ExecutionOrderSort (0ms)
		DisableScriptedObjects (27ms)
		BackupInstance (0ms)
		ReleaseScriptingObjects (0ms)
		CreateAndSetChildDomain (124ms)
	RebuildCommonClasses (724ms)
	RebuildNativeTypeToScriptingClass (645ms)
	initialDomainReloadingComplete (134ms)
	LoadAllAssembliesAndSetupDomain (2085ms)
		LoadAssemblies (2133ms)
		RebuildTransferFunctionScriptingTraits (0ms)
		AnalyzeDomain (876ms)
			TypeCache.Refresh (124ms)
				TypeCache.ScanAssembly (0ms)
			BuildScriptInfoCaches (723ms)
			ResolveRequiredComponents (15ms)
	FinalizeReload (1630ms)
		ReleaseScriptCaches (0ms)
		RebuildScriptCaches (0ms)
		SetupLoadedEditorAssemblies (1326ms)
			LogAssemblyErrors (0ms)
			InitializePlatformSupportModulesInManaged (3ms)
			SetLoadedEditorAssemblies (22ms)
			BeforeProcessingInitializeOnLoad (375ms)
			ProcessInitializeOnLoadAttributes (790ms)
			ProcessInitializeOnLoadMethodAttributes (123ms)
			AfterProcessingInitializeOnLoad (13ms)
			EditorAssembliesLoaded (0ms)
		ExecutionOrderSort2 (0ms)
		AwakeInstancesAfterBackupRestoration (25ms)
Refreshing native plugins compatible for Editor in 2.96 ms, found 3 plugins.
Preloading 0 native plugins for Editor in 0.00 ms.
Unloading 0 Unused Serialized files (Serialized files now loaded: 0)
Unloading 4242 unused Assets / (1.5 MB). Loaded Objects now: 4759.
Memory consumption went from 100.0 MB to 98.5 MB.
Total: 15.304800 ms (FindLiveObjects: 0.759900 ms CreateObjectMapping: 1.068500 ms MarkObjects: 10.662500 ms  DeleteObjects: 2.812400 ms)

Prepare: number of updated asset objects reloaded= 0
========================================================================
Received Import Request.
  Time since last request: 452.198657 seconds.
  path: Assets/PROMETEO - Car Controller/Scripts/EngineSound.mixer
  artifactKey: Guid(5c4e1f7a32e0bb548b3cf8d3e8bc4a1e) Importer(815301076,1909f56bfc062723c751e8b465ee728b)
Start importing Assets/PROMETEO - Car Controller/Scripts/EngineSound.mixer using Guid(5c4e1f7a32e0bb548b3cf8d3e8bc4a1e) Importer(815301076,1909f56bfc062723c751e8b465ee728b) (PreviewImporter)Refreshing native plugins compatible for Editor in 1.87 ms, found 3 plugins.
Preloading 0 native plugins for Editor in 0.00 ms.
 -> (artifact id: 'c3fea9d299cbced5366c0dfa11e45841') in 0.0394279 seconds
Number of updated asset objects reloaded before import = 0Number of asset objects unloaded after import = 8

========================================================================
Received Prepare
Begin MonoManager ReloadAssembly
[Licensing::Client] Successfully resolved entitlement details
Symbol file LoadedFromMemory is not a mono symbol file
- Loaded All Assemblies, in  1.958 seconds
Refreshing native plugins compatible for Editor in 2.52 ms, found 3 plugins.
Native extension for WindowsStandalone target not found
[Package Manager] Failed to launch server process. Reason: Unity was launched with the -noUpm command-line argument
[Package Manager] Unable to send message (not connected to server process).
[Package Manager] Cannot connect to Unity Package Manager local server
[Package Manager] Failed to launch server process. Reason: Unity was launched with the -noUpm command-line argument
[Package Manager] Unable to send message (not connected to server process).
[Package Manager] Cannot connect to Unity Package Manager local server
Mono: successfully reloaded assembly
- Finished resetting the current domain, in  1.589 seconds
Domain Reload Profiling: 3540ms
	BeginReloadAssembly (487ms)
		ExecutionOrderSort (0ms)
		DisableScriptedObjects (32ms)
		BackupInstance (0ms)
		ReleaseScriptingObjects (0ms)
		CreateAndSetChildDomain (107ms)
	RebuildCommonClasses (92ms)
	RebuildNativeTypeToScriptingClass (34ms)
	initialDomainReloadingComplete (76ms)
	LoadAllAssembliesAndSetupDomain (1261ms)
		LoadAssemblies (860ms)
		RebuildTransferFunctionScriptingTraits (0ms)
		AnalyzeDomain (646ms)
			TypeCache.Refresh (15ms)
				TypeCache.ScanAssembly (0ms)
			BuildScriptInfoCaches (606ms)
			ResolveRequiredComponents (12ms)
	FinalizeReload (1589ms)
		ReleaseScriptCaches (0ms)
		RebuildScriptCaches (0ms)
		SetupLoadedEditorAssemblies (1299ms)
			LogAssemblyErrors (0ms)
			InitializePlatformSupportModulesInManaged (4ms)
			SetLoadedEditorAssemblies (12ms)
			BeforeProcessingInitializeOnLoad (466ms)
			ProcessInitializeOnLoadAttributes (695ms)
			ProcessInitializeOnLoadMethodAttributes (108ms)
			AfterProcessingInitializeOnLoad (12ms)
			EditorAssembliesLoaded (0ms)
		ExecutionOrderSort2 (0ms)
		AwakeInstancesAfterBackupRestoration (22ms)
Refreshing native plugins compatible for Editor in 3.31 ms, found 3 plugins.
Preloading 0 native plugins for Editor in 0.00 ms.
Unloading 0 Unused Serialized files (Serialized files now loaded: 0)
Unloading 4242 unused Assets / (1.2 MB). Loaded Objects now: 4761.
Memory consumption went from 100.2 MB to 98.9 MB.
Total: 13.943100 ms (FindLiveObjects: 0.791300 ms CreateObjectMapping: 0.900300 ms MarkObjects: 9.746600 ms  DeleteObjects: 2.503300 ms)

Prepare: number of updated asset objects reloaded= 0
========================================================================
Received Import Request.
  Time since last request: 388.635533 seconds.
  path: Assets/Cars/Race Car_brasil
  artifactKey: Guid(085df4d3dc27e95469f89e332d07870f) Importer(815301076,1909f56bfc062723c751e8b465ee728b)
Start importing Assets/Cars/Race Car_brasil using Guid(085df4d3dc27e95469f89e332d07870f) Importer(815301076,1909f56bfc062723c751e8b465ee728b) (PreviewImporter) -> (artifact id: '69ce6682ef956ff33c6a923a10a6e186') in 0.0039988 seconds
Number of updated asset objects reloaded before import = 0Number of asset objects unloaded after import = 0

========================================================================
Received Import Request.
  Time since last request: 1.395124 seconds.
  path: Assets/Cars/Race Car_brasil/0a88b6f837cd45b894554895c8560a37_N_963_WHEEL_NORMAL.png
  artifactKey: Guid(46840d844b71a6340b0a9c4d8755c83d) Importer(815301076,1909f56bfc062723c751e8b465ee728b)
Start importing Assets/Cars/Race Car_brasil/0a88b6f837cd45b894554895c8560a37_N_963_WHEEL_NORMAL.png using Guid(46840d844b71a6340b0a9c4d8755c83d) Importer(815301076,1909f56bfc062723c751e8b465ee728b) (PreviewImporter) -> (artifact id: 'b1e0251bc3bf1691f8fca77323de70db') in 0.1695164 seconds
Number of updated asset objects reloaded before import = 0Number of asset objects unloaded after import = 2

========================================================================
Received Import Request.
  Time since last request: 0.000113 seconds.
  path: Assets/Cars/Race Car_brasil/8edf057df4d140c09c69f329c0ff1099_R_963_DETAILS_SMOOTH.png
  artifactKey: Guid(c2c56d4939e4b284ea171e6d24a2c790) Importer(815301076,1909f56bfc062723c751e8b465ee728b)
Start importing Assets/Cars/Race Car_brasil/8edf057df4d140c09c69f329c0ff1099_R_963_DETAILS_SMOOTH.png using Guid(c2c56d4939e4b284ea171e6d24a2c790) Importer(815301076,1909f56bfc062723c751e8b465ee728b) (PreviewImporter) -> (artifact id: '9cfe9d7d6644080afff8c7031b06a479') in 0.0346315 seconds
Number of updated asset objects reloaded before import = 0Number of asset objects unloaded after import = 2

========================================================================
Received Import Request.
  Time since last request: 0.000023 seconds.
  path: Assets/Cars/Race Car_brasil/1f7c0d10200d40a9813fcbdf5f81ece7_A_963_DETAILS.png
  artifactKey: Guid(52a8ceba5289bf541a3a4b321074beb2) Importer(815301076,1909f56bfc062723c751e8b465ee728b)
Start importing Assets/Cars/Race Car_brasil/1f7c0d10200d40a9813fcbdf5f81ece7_A_963_DETAILS.png using Guid(52a8ceba5289bf541a3a4b321074beb2) Importer(815301076,1909f56bfc062723c751e8b465ee728b) (PreviewImporter) -> (artifact id: '2cb37c7c7e2d329c85cf88fdc8017226') in 0.0334736 seconds
Number of updated asset objects reloaded before import = 0Number of asset objects unloaded after import = 2

========================================================================
Received Import Request.
  Time since last request: 0.000026 seconds.
  path: Assets/Cars/Race Car_brasil/7ba4546a4f6b4f0895bea78dfcd0aefc_RGB_963_WHEEL.png
  artifactKey: Guid(5bc8c65abc2e70945ada792ea8fda21c) Importer(815301076,1909f56bfc062723c751e8b465ee728b)
Start importing Assets/Cars/Race Car_brasil/7ba4546a4f6b4f0895bea78dfcd0aefc_RGB_963_WHEEL.png using Guid(5bc8c65abc2e70945ada792ea8fda21c) Importer(815301076,1909f56bfc062723c751e8b465ee728b) (PreviewImporter) -> (artifact id: 'cede155040c988a4d6bd555086fcf5ab') in 0.0370666 seconds
Number of updated asset objects reloaded before import = 0Number of asset objects unloaded after import = 2

========================================================================
Received Import Request.
  Time since last request: 0.000024 seconds.
  path: Assets/Cars/Race Car_brasil/7a4a144ebe59412dad482635c5cb3aa7_A_MCRC_GLASS.png
  artifactKey: Guid(de103fc8e3210d546a6434b6a2be41e6) Importer(815301076,1909f56bfc062723c751e8b465ee728b)
Start importing Assets/Cars/Race Car_brasil/7a4a144ebe59412dad482635c5cb3aa7_A_MCRC_GLASS.png using Guid(de103fc8e3210d546a6434b6a2be41e6) Importer(815301076,1909f56bfc062723c751e8b465ee728b) (PreviewImporter) -> (artifact id: 'e70de7b9927812f67cd23f175391a099') in 0.0339205 seconds
Number of updated asset objects reloaded before import = 0Number of asset objects unloaded after import = 2

========================================================================
Received Import Request.
  Time since last request: 0.000029 seconds.
  path: Assets/Cars/Race Car_brasil/488_SHADOW_baseColor.png
  artifactKey: Guid(523a9d3524eb6ce42926fa1b7d30b566) Importer(815301076,1909f56bfc062723c751e8b465ee728b)
Start importing Assets/Cars/Race Car_brasil/488_SHADOW_baseColor.png using Guid(523a9d3524eb6ce42926fa1b7d30b566) Importer(815301076,1909f56bfc062723c751e8b465ee728b) (PreviewImporter) -> (artifact id: '2b945f132007906d07a13981d19a5382') in 0.0172613 seconds
Number of updated asset objects reloaded before import = 0Number of asset objects unloaded after import = 2

========================================================================
Received Import Request.
  Time since last request: 0.000035 seconds.
  path: Assets/Cars/Race Car_brasil/Gemini_Generated_Image_anoonyanoonyanoo.png
  artifactKey: Guid(0eb0995cb83c61244857a39eb00d1c11) Importer(815301076,1909f56bfc062723c751e8b465ee728b)
Start importing Assets/Cars/Race Car_brasil/Gemini_Generated_Image_anoonyanoonyanoo.png using Guid(0eb0995cb83c61244857a39eb00d1c11) Importer(815301076,1909f56bfc062723c751e8b465ee728b) (PreviewImporter) -> (artifact id: '43820bd3832037efde804413ec4c8f5c') in 0.0349439 seconds
Number of updated asset objects reloaded before import = 0Number of asset objects unloaded after import = 2

========================================================================
Received Import Request.
  Time since last request: 0.000039 seconds.
  path: Assets/Cars/Race Car_brasil/41f7c164f7bb49e189da025577db99f5_R_MCRC_GLASS_SMOOTH.png
  artifactKey: Guid(66d813d807a9a2c4f87e85d8a18fa42a) Importer(815301076,1909f56bfc062723c751e8b465ee728b)
Start importing Assets/Cars/Race Car_brasil/41f7c164f7bb49e189da025577db99f5_R_MCRC_GLASS_SMOOTH.png using Guid(66d813d807a9a2c4f87e85d8a18fa42a) Importer(815301076,1909f56bfc062723c751e8b465ee728b) (PreviewImporter) -> (artifact id: 'a03521cd050f22f195baafbd11d21d24') in 0.0485235 seconds
Number of updated asset objects reloaded before import = 0Number of asset objects unloaded after import = 2

========================================================================
Received Import Request.
  Time since last request: 0.000034 seconds.
  path: Assets/Cars/Race Car_brasil/1ea3b5821e7844ecbce4a8fbc79d03da_RGB_963_PAINT.png
  artifactKey: Guid(00a49836d506e554c87bf79f766ba1bd) Importer(815301076,1909f56bfc062723c751e8b465ee728b)
Start importing Assets/Cars/Race Car_brasil/1ea3b5821e7844ecbce4a8fbc79d03da_RGB_963_PAINT.png using Guid(00a49836d506e554c87bf79f766ba1bd) Importer(815301076,1909f56bfc062723c751e8b465ee728b) (PreviewImporter) -> (artifact id: '68fff541e3fb8eb469005eeb983b2830') in 0.0557834 seconds
Number of updated asset objects reloaded before import = 0Number of asset objects unloaded after import = 2

========================================================================
Received Import Request.
  Time since last request: 0.000039 seconds.
  path: Assets/Cars/Race Car_brasil/66f7ed2ca1664c4d8fa7d2dfe1cc2d88_RGB_963_CARBON.png
  artifactKey: Guid(26c95866a62b94f40b9b7e830e6d60c4) Importer(815301076,1909f56bfc062723c751e8b465ee728b)
Start importing Assets/Cars/Race Car_brasil/66f7ed2ca1664c4d8fa7d2dfe1cc2d88_RGB_963_CARBON.png using Guid(26c95866a62b94f40b9b7e830e6d60c4) Importer(815301076,1909f56bfc062723c751e8b465ee728b) (PreviewImporter) -> (artifact id: '479fa7dc05369718f322f28ce25112d8') in 0.0397518 seconds
Number of updated asset objects reloaded before import = 0Number of asset objects unloaded after import = 2

========================================================================
Received Import Request.
  Time since last request: 2.745300 seconds.
  path: Assets/Scenes/Hungaroring.unity
  artifactKey: Guid(98ccc901fc3183249af0cab076570493) Importer(2089858483,192608db42251d675da83286b1cce702)
Start importing Assets/Scenes/Hungaroring.unity using Guid(98ccc901fc3183249af0cab076570493) Importer(2089858483,192608db42251d675da83286b1cce702) (ScriptedImporter) -> (artifact id: '51a0f89bf54b7980e66ce1dd11048888') in 0.1726677 seconds
Number of updated asset objects reloaded before import = 0Number of asset objects unloaded after import = 1

========================================================================
Received Import Request.
  Time since last request: 1.981976 seconds.
  path: Assets/Cars/Race Car_brasil/hypercar
  artifactKey: Guid(d7d52dc5d60c2a44d81470886b106b4f) Importer(815301076,1909f56bfc062723c751e8b465ee728b)
Start importing Assets/Cars/Race Car_brasil/hypercar using Guid(d7d52dc5d60c2a44d81470886b106b4f) Importer(815301076,1909f56bfc062723c751e8b465ee728b) (PreviewImporter) -> (artifact id: '248c368c47bc44ebfffa3709789791f3') in 0.0011326 seconds
Number of updated asset objects reloaded before import = 0Number of asset objects unloaded after import = 0

========================================================================
Received Import Request.
  Time since last request: 0.903719 seconds.
  path: Assets/Cars/Race Car_brasil/hypercar
  artifactKey: Guid(d7d52dc5d60c2a44d81470886b106b4f) Importer(2089858483,192608db42251d675da83286b1cce702)
Start importing Assets/Cars/Race Car_brasil/hypercar using Guid(d7d52dc5d60c2a44d81470886b106b4f) Importer(2089858483,192608db42251d675da83286b1cce702) (ScriptedImporter) -> (artifact id: 'f5fad795e3af2f33c4018d333898ee4c') in 0.0272935 seconds
Number of updated asset objects reloaded before import = 0Number of asset objects unloaded after import = 1

========================================================================
Received Import Request.
  Time since last request: 1809.468757 seconds.
  path: Assets/Cars/Race Car_brasil/hypercar/hy_1500.mp3
  artifactKey: Guid(83fb4f1176eae6a43a01d2487d9764c2) Importer(815301076,1909f56bfc062723c751e8b465ee728b)
Start importing Assets/Cars/Race Car_brasil/hypercar/hy_1500.mp3 using Guid(83fb4f1176eae6a43a01d2487d9764c2) Importer(815301076,1909f56bfc062723c751e8b465ee728b) (PreviewImporter) -> (artifact id: '3cdeb0b4dcfe431b6061b5c1bb6931c3') in 0.1804224 seconds
Number of updated asset objects reloaded before import = 0Number of asset objects unloaded after import = 2

========================================================================
Received Import Request.
  Time since last request: 0.000048 seconds.
  path: Assets/Cars/Race Car_brasil/hypercar/hy_3500.mp3
  artifactKey: Guid(1d91add28bf055942aad6cc20e112e2f) Importer(815301076,1909f56bfc062723c751e8b465ee728b)
Start importing Assets/Cars/Race Car_brasil/hypercar/hy_3500.mp3 using Guid(1d91add28bf055942aad6cc20e112e2f) Importer(815301076,1909f56bfc062723c751e8b465ee728b) (PreviewImporter) -> (artifact id: '2b28e8e197f830142e0143bed0471d6a') in 0.0632626 seconds
Number of updated asset objects reloaded before import = 0Number of asset objects unloaded after import = 2

========================================================================
Received Import Request.
  Time since last request: 0.000711 seconds.
  path: Assets/Cars/Race Car_brasil/hypercar/hy_4500.mp3
  artifactKey: Guid(c48947e57d85c3c41ba23f39ec383484) Importer(815301076,1909f56bfc062723c751e8b465ee728b)
Start importing Assets/Cars/Race Car_brasil/hypercar/hy_4500.mp3 using Guid(c48947e57d85c3c41ba23f39ec383484) Importer(815301076,1909f56bfc062723c751e8b465ee728b) (PreviewImporter) -> (artifact id: '0967e475911ba4c3d7ffa124b462f159') in 0.0616136 seconds
Number of updated asset objects reloaded before import = 0Number of asset objects unloaded after import = 2

========================================================================
Received Import Request.
  Time since last request: 0.001033 seconds.
  path: Assets/Cars/Race Car_brasil/hypercar/hy_6500.mp3
  artifactKey: Guid(8e0b9fdeb758c2c4aa4881dd654a7b2e) Importer(815301076,1909f56bfc062723c751e8b465ee728b)
Start importing Assets/Cars/Race Car_brasil/hypercar/hy_6500.mp3 using Guid(8e0b9fdeb758c2c4aa4881dd654a7b2e) Importer(815301076,1909f56bfc062723c751e8b465ee728b) (PreviewImporter) -> (artifact id: '6d664833f92049d7dfffff64d80598bc') in 0.0395233 seconds
Number of updated asset objects reloaded before import = 0Number of asset objects unloaded after import = 2

========================================================================
Received Import Request.
  Time since last request: 0.000035 seconds.
  path: Assets/Cars/Race Car_brasil/hypercar/hy_6000.mp3
  artifactKey: Guid(1a20de1e98d10ae44b029f38080819bc) Importer(815301076,1909f56bfc062723c751e8b465ee728b)
Start importing Assets/Cars/Race Car_brasil/hypercar/hy_6000.mp3 using Guid(1a20de1e98d10ae44b029f38080819bc) Importer(815301076,1909f56bfc062723c751e8b465ee728b) (PreviewImporter) -> (artifact id: '06185338af7469ca3eb9d095da410089') in 0.0433781 seconds
Number of updated asset objects reloaded before import = 0Number of asset objects unloaded after import = 2

========================================================================
Received Import Request.
  Time since last request: 0.000689 seconds.
  path: Assets/Cars/Race Car_brasil/hypercar/hy_4000.mp3
  artifactKey: Guid(c700deab587150740847c2f9c85dac19) Importer(815301076,1909f56bfc062723c751e8b465ee728b)
Start importing Assets/Cars/Race Car_brasil/hypercar/hy_4000.mp3 using Guid(c700deab587150740847c2f9c85dac19) Importer(815301076,1909f56bfc062723c751e8b465ee728b) (PreviewImporter) -> (artifact id: 'd68b67397904212584263987e398192d') in 0.0359511 seconds
Number of updated asset objects reloaded before import = 0Number of asset objects unloaded after import = 2

========================================================================
Received Import Request.
  Time since last request: 0.002164 seconds.
  path: Assets/Cars/Race Car_brasil/hypercar/hy_5500.mp3
  artifactKey: Guid(2bdaf648dc81bd041a352cce5ade7206) Importer(815301076,1909f56bfc062723c751e8b465ee728b)
Start importing Assets/Cars/Race Car_brasil/hypercar/hy_5500.mp3 using Guid(2bdaf648dc81bd041a352cce5ade7206) Importer(815301076,1909f56bfc062723c751e8b465ee728b) (PreviewImporter) -> (artifact id: 'aad9dd1e1d53845144063181351268f4') in 0.0501998 seconds
Number of updated asset objects reloaded before import = 0Number of asset objects unloaded after import = 2

========================================================================
Received Import Request.
  Time since last request: 0.000065 seconds.
  path: Assets/Cars/Race Car_brasil/hypercar/hy_7500.mp3
  artifactKey: Guid(8cf0b274f9f5c4348a56c22060e17449) Importer(815301076,1909f56bfc062723c751e8b465ee728b)
Start importing Assets/Cars/Race Car_brasil/hypercar/hy_7500.mp3 using Guid(8cf0b274f9f5c4348a56c22060e17449) Importer(815301076,1909f56bfc062723c751e8b465ee728b) (PreviewImporter) -> (artifact id: 'ab26cd7f2b9121cb3e96a7d4f077d7ac') in 0.0408915 seconds
Number of updated asset objects reloaded before import = 0Number of asset objects unloaded after import = 2

========================================================================
Received Import Request.
  Time since last request: 0.000248 seconds.
  path: Assets/Cars/Race Car_brasil/hypercar/hy_7000.mp3
  artifactKey: Guid(3140be1659a03f749920e44411ae48fb) Importer(815301076,1909f56bfc062723c751e8b465ee728b)
Start importing Assets/Cars/Race Car_brasil/hypercar/hy_7000.mp3 using Guid(3140be1659a03f749920e44411ae48fb) Importer(815301076,1909f56bfc062723c751e8b465ee728b) (PreviewImporter) -> (artifact id: '2b37ec608d8bbd9ef611a430b7a16c08') in 0.0372696 seconds
Number of updated asset objects reloaded before import = 0Number of asset objects unloaded after import = 2

========================================================================
Received Import Request.
  Time since last request: 0.000040 seconds.
  path: Assets/Cars/Race Car_brasil/hypercar/hy_8000.mp3
  artifactKey: Guid(1c6a837437150324e88ef8e79063516a) Importer(815301076,1909f56bfc062723c751e8b465ee728b)
Start importing Assets/Cars/Race Car_brasil/hypercar/hy_8000.mp3 using Guid(1c6a837437150324e88ef8e79063516a) Importer(815301076,1909f56bfc062723c751e8b465ee728b) (PreviewImporter) -> (artifact id: '31e00cda85f268888a78d245faf57349') in 0.0482784 seconds
Number of updated asset objects reloaded before import = 0Number of asset objects unloaded after import = 2

========================================================================
Received Import Request.
  Time since last request: 0.000325 seconds.
  path: Assets/Cars/Race Car_brasil/hypercar/hy_2500.mp3
  artifactKey: Guid(adc76845420c39444b8c900b3a16f2c2) Importer(815301076,1909f56bfc062723c751e8b465ee728b)
Start importing Assets/Cars/Race Car_brasil/hypercar/hy_2500.mp3 using Guid(adc76845420c39444b8c900b3a16f2c2) Importer(815301076,1909f56bfc062723c751e8b465ee728b) (PreviewImporter) -> (artifact id: '21dca0194d6bf1bf23e5b728604ca3f8') in 0.0529062 seconds
Number of updated asset objects reloaded before import = 0Number of asset objects unloaded after import = 2

========================================================================
Received Import Request.
  Time since last request: 0.000980 seconds.
  path: Assets/Cars/Race Car_brasil/hypercar/hy_8500.mp3
  artifactKey: Guid(10f218663a6c87f4eb2958470fcbb29e) Importer(815301076,1909f56bfc062723c751e8b465ee728b)
Start importing Assets/Cars/Race Car_brasil/hypercar/hy_8500.mp3 using Guid(10f218663a6c87f4eb2958470fcbb29e) Importer(815301076,1909f56bfc062723c751e8b465ee728b) (PreviewImporter) -> (artifact id: '1526cd92d61e5cee6d8b927429590629') in 0.0538882 seconds
Number of updated asset objects reloaded before import = 0Number of asset objects unloaded after import = 2

========================================================================
Received Import Request.
  Time since last request: 0.000083 seconds.
  path: Assets/Cars/Race Car_brasil/hypercar/hy_5000.mp3
  artifactKey: Guid(5e6990d07a55f314dbb650254b4f9214) Importer(815301076,1909f56bfc062723c751e8b465ee728b)
Start importing Assets/Cars/Race Car_brasil/hypercar/hy_5000.mp3 using Guid(5e6990d07a55f314dbb650254b4f9214) Importer(815301076,1909f56bfc062723c751e8b465ee728b) (PreviewImporter) -> (artifact id: '157d2713a87021bc9602bbfe92fd4bf9') in 0.0558662 seconds
Number of updated asset objects reloaded before import = 0Number of asset objects unloaded after import = 2

========================================================================
Received Import Request.
  Time since last request: 0.135652 seconds.
  path: Assets/Cars/Race Car_brasil/hypercar/hy_5000.mp3
  artifactKey: Guid(5e6990d07a55f314dbb650254b4f9214) Importer(2089858483,192608db42251d675da83286b1cce702)
Start importing Assets/Cars/Race Car_brasil/hypercar/hy_5000.mp3 using Guid(5e6990d07a55f314dbb650254b4f9214) Importer(2089858483,192608db42251d675da83286b1cce702) (ScriptedImporter) -> (artifact id: '42fc201f2e494745b55423cff37de59c') in 0.2348509 seconds
Number of updated asset objects reloaded before import = 0Number of asset objects unloaded after import = 1

========================================================================
Received Import Request.
  Time since last request: 0.001303 seconds.
  path: Assets/Cars/Race Car_brasil/hypercar/hy_3000.mp3
  artifactKey: Guid(a8837c6bcc6f6ce4d940f078e1f33358) Importer(2089858483,192608db42251d675da83286b1cce702)
Start importing Assets/Cars/Race Car_brasil/hypercar/hy_3000.mp3 using Guid(a8837c6bcc6f6ce4d940f078e1f33358) Importer(2089858483,192608db42251d675da83286b1cce702) (ScriptedImporter) -> (artifact id: '640dad3778c26a53149fa35ce9e33ca1') in 0.1022784 seconds
Number of updated asset objects reloaded before import = 0Number of asset objects unloaded after import = 1

========================================================================
Received Import Request.
  Time since last request: 0.000284 seconds.
  path: Assets/Cars/Race Car_brasil/hypercar/hy_1500.mp3
  artifactKey: Guid(83fb4f1176eae6a43a01d2487d9764c2) Importer(2089858483,192608db42251d675da83286b1cce702)
Start importing Assets/Cars/Race Car_brasil/hypercar/hy_1500.mp3 using Guid(83fb4f1176eae6a43a01d2487d9764c2) Importer(2089858483,192608db42251d675da83286b1cce702) (ScriptedImporter) -> (artifact id: '16dbe582e2b187558b1bcd6955074812') in 0.0996682 seconds
Number of updated asset objects reloaded before import = 0Number of asset objects unloaded after import = 1

========================================================================
Received Import Request.
  Time since last request: 0.000090 seconds.
  path: Assets/Cars/Race Car_brasil/hypercar/hy_7000.mp3
  artifactKey: Guid(3140be1659a03f749920e44411ae48fb) Importer(2089858483,192608db42251d675da83286b1cce702)
Start importing Assets/Cars/Race Car_brasil/hypercar/hy_7000.mp3 using Guid(3140be1659a03f749920e44411ae48fb) Importer(2089858483,192608db42251d675da83286b1cce702) (ScriptedImporter) -> (artifact id: '3bb3ae710759407df2efc5ad6ed91c4a') in 0.1037502 seconds
Number of updated asset objects reloaded before import = 0Number of asset objects unloaded after import = 1

========================================================================
Received Import Request.
  Time since last request: 0.000085 seconds.
  path: Assets/Cars/Race Car_brasil/hypercar/hy_3500.mp3
  artifactKey: Guid(1d91add28bf055942aad6cc20e112e2f) Importer(2089858483,192608db42251d675da83286b1cce702)
Start importing Assets/Cars/Race Car_brasil/hypercar/hy_3500.mp3 using Guid(1d91add28bf055942aad6cc20e112e2f) Importer(2089858483,192608db42251d675da83286b1cce702) (ScriptedImporter) -> (artifact id: '2e4f6d0f70d20acc3f53e884a3bbde16') in 0.0993937 seconds
Number of updated asset objects reloaded before import = 0Number of asset objects unloaded after import = 1

========================================================================
Received Import Request.
  Time since last request: 0.000227 seconds.
  path: Assets/Cars/Race Car_brasil/hypercar/hy_4000.mp3
  artifactKey: Guid(c700deab587150740847c2f9c85dac19) Importer(2089858483,192608db42251d675da83286b1cce702)
Start importing Assets/Cars/Race Car_brasil/hypercar/hy_4000.mp3 using Guid(c700deab587150740847c2f9c85dac19) Importer(2089858483,192608db42251d675da83286b1cce702) (ScriptedImporter) -> (artifact id: '1e59cf1e0829f85bc91b08e0bf5bb3a6') in 0.0962299 seconds
Number of updated asset objects reloaded before import = 0Number of asset objects unloaded after import = 1

========================================================================
Received Import Request.
  Time since last request: 0.001199 seconds.
  path: Assets/Cars/Race Car_brasil/hypercar/hy_5500.mp3
  artifactKey: Guid(2bdaf648dc81bd041a352cce5ade7206) Importer(2089858483,192608db42251d675da83286b1cce702)
Start importing Assets/Cars/Race Car_brasil/hypercar/hy_5500.mp3 using Guid(2bdaf648dc81bd041a352cce5ade7206) Importer(2089858483,192608db42251d675da83286b1cce702) (ScriptedImporter) -> (artifact id: '188af5409a756b9492056152128fe5cc') in 0.1055268 seconds
Number of updated asset objects reloaded before import = 0Number of asset objects unloaded after import = 1

========================================================================
Received Import Request.
  Time since last request: 0.000395 seconds.
  path: Assets/Cars/Race Car_brasil/hypercar/hy_2500.mp3
  artifactKey: Guid(adc76845420c39444b8c900b3a16f2c2) Importer(2089858483,192608db42251d675da83286b1cce702)
Start importing Assets/Cars/Race Car_brasil/hypercar/hy_2500.mp3 using Guid(adc76845420c39444b8c900b3a16f2c2) Importer(2089858483,192608db42251d675da83286b1cce702) (ScriptedImporter) -> (artifact id: '2489d3298957889435251802fb59a9f1') in 0.0993236 seconds
Number of updated asset objects reloaded before import = 0Number of asset objects unloaded after import = 1

========================================================================
Received Import Request.
  Time since last request: 0.000508 seconds.
  path: Assets/Cars/Race Car_brasil/hypercar/hy_6000.mp3
  artifactKey: Guid(1a20de1e98d10ae44b029f38080819bc) Importer(2089858483,192608db42251d675da83286b1cce702)
Start importing Assets/Cars/Race Car_brasil/hypercar/hy_6000.mp3 using Guid(1a20de1e98d10ae44b029f38080819bc) Importer(2089858483,192608db42251d675da83286b1cce702) (ScriptedImporter) -> (artifact id: 'e28e484ed41b97d0a5c49d9cd8748194') in 0.0931305 seconds
Number of updated asset objects reloaded before import = 0Number of asset objects unloaded after import = 1

========================================================================
Received Import Request.
  Time since last request: 30.508623 seconds.
  path: Assets/Cars/RaceCar_GreenYellow.prefab
  artifactKey: Guid(aaaeaa1451678834da4310ce8f56eab5) Importer(815301076,1909f56bfc062723c751e8b465ee728b)
Start importing Assets/Cars/RaceCar_GreenYellow.prefab using Guid(aaaeaa1451678834da4310ce8f56eab5) Importer(815301076,1909f56bfc062723c751e8b465ee728b) (PreviewImporter) -> (artifact id: '86f1eb8821eab86d6c24daa81691e2ad') in 0.2523036 seconds
Number of updated asset objects reloaded before import = 0Number of asset objects unloaded after import = 605

========================================================================
Received Import Request.
  Time since last request: 0.662904 seconds.
  path: Assets/Cars/RaceCar_GreenYellow.prefab
  artifactKey: Guid(aaaeaa1451678834da4310ce8f56eab5) Importer(2089858483,192608db42251d675da83286b1cce702)
Start importing Assets/Cars/RaceCar_GreenYellow.prefab using Guid(aaaeaa1451678834da4310ce8f56eab5) Importer(2089858483,192608db42251d675da83286b1cce702) (ScriptedImporter) -> (artifact id: '0a81e9f60e86737de46566867e9e03bf') in 0.1777535 seconds
Number of updated asset objects reloaded before import = 0Number of asset objects unloaded after import = 579

========================================================================
Received Import Request.
  Time since last request: 1.789237 seconds.
  path: Assets/Cars/RaceCar_GreenYellow.prefab
  artifactKey: Guid(aaaeaa1451678834da4310ce8f56eab5) Importer(815301076,1909f56bfc062723c751e8b465ee728b)
Start importing Assets/Cars/RaceCar_GreenYellow.prefab using Guid(aaaeaa1451678834da4310ce8f56eab5) Importer(815301076,1909f56bfc062723c751e8b465ee728b) (PreviewImporter) -> (artifact id: '961bcd1513e3ddc3f76611b8d733e92c') in 0.110172 seconds
Number of updated asset objects reloaded before import = 0Number of asset objects unloaded after import = 605

========================================================================
Received Import Request.
  Time since last request: 0.798841 seconds.
  path: Assets/Cars/RaceCar_GreenYellow.prefab
  artifactKey: Guid(aaaeaa1451678834da4310ce8f56eab5) Importer(2089858483,192608db42251d675da83286b1cce702)
Start importing Assets/Cars/RaceCar_GreenYellow.prefab using Guid(aaaeaa1451678834da4310ce8f56eab5) Importer(2089858483,192608db42251d675da83286b1cce702) (ScriptedImporter) -> (artifact id: '80f9fe6e30784a6d16728f1d5dbd6852') in 0.0791556 seconds
Number of updated asset objects reloaded before import = 0Number of asset objects unloaded after import = 579

========================================================================
Received Import Request.
  Time since last request: 1.724295 seconds.
  path: Assets/Cars/RaceCar_GreenYellow.prefab
  artifactKey: Guid(aaaeaa1451678834da4310ce8f56eab5) Importer(815301076,1909f56bfc062723c751e8b465ee728b)
Start importing Assets/Cars/RaceCar_GreenYellow.prefab using Guid(aaaeaa1451678834da4310ce8f56eab5) Importer(815301076,1909f56bfc062723c751e8b465ee728b) (PreviewImporter) -> (artifact id: '3fe9af0e167997eb92adbfbe317867c5') in 0.0958861 seconds
Number of updated asset objects reloaded before import = 0Number of asset objects unloaded after import = 605

========================================================================
Received Import Request.
  Time since last request: 1.696718 seconds.
  path: Assets/Cars/RaceCar_GreenYellow.prefab
  artifactKey: Guid(aaaeaa1451678834da4310ce8f56eab5) Importer(2089858483,192608db42251d675da83286b1cce702)
Start importing Assets/Cars/RaceCar_GreenYellow.prefab using Guid(aaaeaa1451678834da4310ce8f56eab5) Importer(2089858483,192608db42251d675da83286b1cce702) (ScriptedImporter) -> (artifact id: '78c48d8224ad6e1e13c4a221f5a23c0d') in 0.0879426 seconds
Number of updated asset objects reloaded before import = 0Number of asset objects unloaded after import = 579

========================================================================
Received Import Request.
  Time since last request: 0.374525 seconds.
  path: Assets/Cars/RaceCar_GreenYellow.prefab
  artifactKey: Guid(aaaeaa1451678834da4310ce8f56eab5) Importer(815301076,1909f56bfc062723c751e8b465ee728b)
Start importing Assets/Cars/RaceCar_GreenYellow.prefab using Guid(aaaeaa1451678834da4310ce8f56eab5) Importer(815301076,1909f56bfc062723c751e8b465ee728b) (PreviewImporter) -> (artifact id: 'c792a0081b97d6a310cde86d2efa77b4') in 0.0826082 seconds
Number of updated asset objects reloaded before import = 0Number of asset objects unloaded after import = 605

========================================================================
Received Import Request.
  Time since last request: 2.307840 seconds.
  path: Assets/Cars/RaceCar_GreenYellow.prefab
  artifactKey: Guid(aaaeaa1451678834da4310ce8f56eab5) Importer(815301076,1909f56bfc062723c751e8b465ee728b)
Start importing Assets/Cars/RaceCar_GreenYellow.prefab using Guid(aaaeaa1451678834da4310ce8f56eab5) Importer(815301076,1909f56bfc062723c751e8b465ee728b) (PreviewImporter) -> (artifact id: '5f41c0732c3b4851b889de4a77591d22') in 0.0763959 seconds
Number of updated asset objects reloaded before import = 0Number of asset objects unloaded after import = 605

========================================================================
Received Import Request.
  Time since last request: 2.626622 seconds.
  path: Assets/Cars/RaceCar_GreenYellow.prefab
  artifactKey: Guid(aaaeaa1451678834da4310ce8f56eab5) Importer(815301076,1909f56bfc062723c751e8b465ee728b)
Start importing Assets/Cars/RaceCar_GreenYellow.prefab using Guid(aaaeaa1451678834da4310ce8f56eab5) Importer(815301076,1909f56bfc062723c751e8b465ee728b) (PreviewImporter) -> (artifact id: 'b72674bdd8247d621c983f5ac654cf34') in 0.0827955 seconds
Number of updated asset objects reloaded before import = 0Number of asset objects unloaded after import = 605

========================================================================
Received Import Request.
  Time since last request: 2.145751 seconds.
  path: Assets/Cars/RaceCar_GreenYellow.prefab
  artifactKey: Guid(aaaeaa1451678834da4310ce8f56eab5) Importer(815301076,1909f56bfc062723c751e8b465ee728b)
Start importing Assets/Cars/RaceCar_GreenYellow.prefab using Guid(aaaeaa1451678834da4310ce8f56eab5) Importer(815301076,1909f56bfc062723c751e8b465ee728b) (PreviewImporter) -> (artifact id: '342203a4c46a66721075d4a779692891') in 0.0835006 seconds
Number of updated asset objects reloaded before import = 0Number of asset objects unloaded after import = 605

========================================================================
Received Import Request.
  Time since last request: 2.117539 seconds.
  path: Assets/Cars/RaceCar_GreenYellow.prefab
  artifactKey: Guid(aaaeaa1451678834da4310ce8f56eab5) Importer(2089858483,192608db42251d675da83286b1cce702)
Start importing Assets/Cars/RaceCar_GreenYellow.prefab using Guid(aaaeaa1451678834da4310ce8f56eab5) Importer(2089858483,192608db42251d675da83286b1cce702) (ScriptedImporter) -> (artifact id: '62bde5271c25bf3f718734045f009326') in 0.0799801 seconds
Number of updated asset objects reloaded before import = 0Number of asset objects unloaded after import = 579

========================================================================
Received Import Request.
  Time since last request: 0.082333 seconds.
  path: Assets/Cars/RaceCar_GreenYellow.prefab
  artifactKey: Guid(aaaeaa1451678834da4310ce8f56eab5) Importer(815301076,1909f56bfc062723c751e8b465ee728b)
Start importing Assets/Cars/RaceCar_GreenYellow.prefab using Guid(aaaeaa1451678834da4310ce8f56eab5) Importer(815301076,1909f56bfc062723c751e8b465ee728b) (PreviewImporter) -> (artifact id: 'cc4ad93a247bda8d66283e3d031b12f8') in 0.0858167 seconds
Number of updated asset objects reloaded before import = 0Number of asset objects unloaded after import = 605

========================================================================
Received Import Request.
  Time since last request: 3.409597 seconds.
  path: Assets/Cars/RaceCar_GreenYellow.prefab
  artifactKey: Guid(aaaeaa1451678834da4310ce8f56eab5) Importer(815301076,1909f56bfc062723c751e8b465ee728b)
Start importing Assets/Cars/RaceCar_GreenYellow.prefab using Guid(aaaeaa1451678834da4310ce8f56eab5) Importer(815301076,1909f56bfc062723c751e8b465ee728b) (PreviewImporter) -> (artifact id: 'a8071807279d57c438ec0f84ce04e600') in 0.1038839 seconds
Number of updated asset objects reloaded before import = 0Number of asset objects unloaded after import = 605

========================================================================
Received Import Request.
  Time since last request: 0.744680 seconds.
  path: Assets/Cars/RaceCar_GreenYellow.prefab
  artifactKey: Guid(aaaeaa1451678834da4310ce8f56eab5) Importer(2089858483,192608db42251d675da83286b1cce702)
Start importing Assets/Cars/RaceCar_GreenYellow.prefab using Guid(aaaeaa1451678834da4310ce8f56eab5) Importer(2089858483,192608db42251d675da83286b1cce702) (ScriptedImporter) -> (artifact id: '29738cb1dd5d1642dd15df8d030eac9f') in 0.0853902 seconds
Number of updated asset objects reloaded before import = 0Number of asset objects unloaded after import = 579

========================================================================
Received Import Request.
  Time since last request: 2.321405 seconds.
  path: Assets/Cars/RaceCar_GreenYellow.prefab
  artifactKey: Guid(aaaeaa1451678834da4310ce8f56eab5) Importer(815301076,1909f56bfc062723c751e8b465ee728b)
Start importing Assets/Cars/RaceCar_GreenYellow.prefab using Guid(aaaeaa1451678834da4310ce8f56eab5) Importer(815301076,1909f56bfc062723c751e8b465ee728b) (PreviewImporter) -> (artifact id: '842dee4550ed01a4f1059205fdb2010f') in 0.0924177 seconds
Number of updated asset objects reloaded before import = 0Number of asset objects unloaded after import = 605

========================================================================
Received Import Request.
  Time since last request: 0.046449 seconds.
  path: Assets/Cars/RaceCar_GreenYellow.prefab
  artifactKey: Guid(aaaeaa1451678834da4310ce8f56eab5) Importer(2089858483,192608db42251d675da83286b1cce702)
Start importing Assets/Cars/RaceCar_GreenYellow.prefab using Guid(aaaeaa1451678834da4310ce8f56eab5) Importer(2089858483,192608db42251d675da83286b1cce702) (ScriptedImporter) -> (artifact id: '66aab08699bc440b56efb4a420c016f0') in 0.0728163 seconds
Number of updated asset objects reloaded before import = 0Number of asset objects unloaded after import = 579

========================================================================
Received Import Request.
  Time since last request: 2.916330 seconds.
  path: Assets/Cars/RaceCar_GreenYellow.prefab
  artifactKey: Guid(aaaeaa1451678834da4310ce8f56eab5) Importer(815301076,1909f56bfc062723c751e8b465ee728b)
Start importing Assets/Cars/RaceCar_GreenYellow.prefab using Guid(aaaeaa1451678834da4310ce8f56eab5) Importer(815301076,1909f56bfc062723c751e8b465ee728b) (PreviewImporter) -> (artifact id: '8344ef337fb8337bbadfb62fdab10bcf') in 0.0987033 seconds
Number of updated asset objects reloaded before import = 0Number of asset objects unloaded after import = 605

========================================================================
Received Import Request.
  Time since last request: 2.133319 seconds.
  path: Assets/Cars/RaceCar_GreenYellow.prefab
  artifactKey: Guid(aaaeaa1451678834da4310ce8f56eab5) Importer(2089858483,192608db42251d675da83286b1cce702)
Start importing Assets/Cars/RaceCar_GreenYellow.prefab using Guid(aaaeaa1451678834da4310ce8f56eab5) Importer(2089858483,192608db42251d675da83286b1cce702) (ScriptedImporter) -> (artifact id: 'd71c309288bd3503bb861681a5a28a11') in 0.1019663 seconds
Number of updated asset objects reloaded before import = 0Number of asset objects unloaded after import = 579

========================================================================
Received Import Request.
  Time since last request: 1.139080 seconds.
  path: Assets/Cars/RaceCar_GreenYellow.prefab
  artifactKey: Guid(aaaeaa1451678834da4310ce8f56eab5) Importer(815301076,1909f56bfc062723c751e8b465ee728b)
Start importing Assets/Cars/RaceCar_GreenYellow.prefab using Guid(aaaeaa1451678834da4310ce8f56eab5) Importer(815301076,1909f56bfc062723c751e8b465ee728b) (PreviewImporter) -> (artifact id: 'dbb98fe9415b0efb0123e6f1b70dafb5') in 0.0978464 seconds
Number of updated asset objects reloaded before import = 0Number of asset objects unloaded after import = 605

========================================================================
Received Import Request.
  Time since last request: 1.471915 seconds.
  path: Assets/Cars/RaceCar_GreenYellow.prefab
  artifactKey: Guid(aaaeaa1451678834da4310ce8f56eab5) Importer(2089858483,192608db42251d675da83286b1cce702)
Start importing Assets/Cars/RaceCar_GreenYellow.prefab using Guid(aaaeaa1451678834da4310ce8f56eab5) Importer(2089858483,192608db42251d675da83286b1cce702) (ScriptedImporter) -> (artifact id: 'a0798f3517ec77b5dbf10b927784472b') in 0.073092 seconds
Number of updated asset objects reloaded before import = 0Number of asset objects unloaded after import = 579

========================================================================
Received Import Request.
  Time since last request: 0.523311 seconds.
  path: Assets/Cars/RaceCar_GreenYellow.prefab
  artifactKey: Guid(aaaeaa1451678834da4310ce8f56eab5) Importer(815301076,1909f56bfc062723c751e8b465ee728b)
Start importing Assets/Cars/RaceCar_GreenYellow.prefab using Guid(aaaeaa1451678834da4310ce8f56eab5) Importer(815301076,1909f56bfc062723c751e8b465ee728b) (PreviewImporter) -> (artifact id: 'b354b824a2c69703d73a45fcea5b292c') in 0.089759 seconds
Number of updated asset objects reloaded before import = 0Number of asset objects unloaded after import = 605

========================================================================
Received Import Request.
  Time since last request: 2.325226 seconds.
  path: Assets/Cars/RaceCar_GreenYellow.prefab
  artifactKey: Guid(aaaeaa1451678834da4310ce8f56eab5) Importer(815301076,1909f56bfc062723c751e8b465ee728b)
Start importing Assets/Cars/RaceCar_GreenYellow.prefab using Guid(aaaeaa1451678834da4310ce8f56eab5) Importer(815301076,1909f56bfc062723c751e8b465ee728b) (PreviewImporter) -> (artifact id: '7090ccce2f2f677c55213b02325bbf41') in 0.0799153 seconds
Number of updated asset objects reloaded before import = 0Number of asset objects unloaded after import = 605

========================================================================
Received Import Request.
  Time since last request: 1.614117 seconds.
  path: Assets/Cars/RaceCar_GreenYellow.prefab
  artifactKey: Guid(aaaeaa1451678834da4310ce8f56eab5) Importer(815301076,1909f56bfc062723c751e8b465ee728b)
Start importing Assets/Cars/RaceCar_GreenYellow.prefab using Guid(aaaeaa1451678834da4310ce8f56eab5) Importer(815301076,1909f56bfc062723c751e8b465ee728b) (PreviewImporter) -> (artifact id: '3bc84ed5a8ecbf995f224d2d5b9e08cd') in 0.0788983 seconds
Number of updated asset objects reloaded before import = 0Number of asset objects unloaded after import = 605

========================================================================
Received Import Request.
  Time since last request: 2.533891 seconds.
  path: Assets/Cars/RaceCar_GreenYellow.prefab
  artifactKey: Guid(aaaeaa1451678834da4310ce8f56eab5) Importer(815301076,1909f56bfc062723c751e8b465ee728b)
Start importing Assets/Cars/RaceCar_GreenYellow.prefab using Guid(aaaeaa1451678834da4310ce8f56eab5) Importer(815301076,1909f56bfc062723c751e8b465ee728b) (PreviewImporter) -> (artifact id: 'f0e73cad94f548361e421f877dbe50da') in 0.0748751 seconds
Number of updated asset objects reloaded before import = 0Number of asset objects unloaded after import = 605

========================================================================
Received Import Request.
  Time since last request: 2.582520 seconds.
  path: Assets/Cars/RaceCar_GreenYellow.prefab
  artifactKey: Guid(aaaeaa1451678834da4310ce8f56eab5) Importer(2089858483,192608db42251d675da83286b1cce702)
Start importing Assets/Cars/RaceCar_GreenYellow.prefab using Guid(aaaeaa1451678834da4310ce8f56eab5) Importer(2089858483,192608db42251d675da83286b1cce702) (ScriptedImporter) -> (artifact id: '417e7e1bfe583307b0dcc489ed812a30') in 0.0702899 seconds
Number of updated asset objects reloaded before import = 0Number of asset objects unloaded after import = 579

========================================================================
Received Import Request.
  Time since last request: 2.863218 seconds.
  path: Assets/Cars/RaceCar_GreenYellow.prefab
  artifactKey: Guid(aaaeaa1451678834da4310ce8f56eab5) Importer(815301076,1909f56bfc062723c751e8b465ee728b)
Start importing Assets/Cars/RaceCar_GreenYellow.prefab using Guid(aaaeaa1451678834da4310ce8f56eab5) Importer(815301076,1909f56bfc062723c751e8b465ee728b) (PreviewImporter) -> (artifact id: 'c8e1f79c633e92dbbde2c475917d3237') in 0.1106878 seconds
Number of updated asset objects reloaded before import = 0Number of asset objects unloaded after import = 603

========================================================================
Received Import Request.
  Time since last request: 1.365970 seconds.
  path: Assets/Cars/RaceCar_GreenYellow.prefab
  artifactKey: Guid(aaaeaa1451678834da4310ce8f56eab5) Importer(2089858483,192608db42251d675da83286b1cce702)
Start importing Assets/Cars/RaceCar_GreenYellow.prefab using Guid(aaaeaa1451678834da4310ce8f56eab5) Importer(2089858483,192608db42251d675da83286b1cce702) (ScriptedImporter) -> (artifact id: 'dcd3469a4792991fae998ab2c43e173e') in 0.0902889 seconds
Number of updated asset objects reloaded before import = 0Number of asset objects unloaded after import = 577

========================================================================
Received Prepare
Begin MonoManager ReloadAssembly
[Licensing::Client] Successfully resolved entitlement details
Symbol file LoadedFromMemory is not a mono symbol file
- Loaded All Assemblies, in  2.687 seconds
Refreshing native plugins compatible for Editor in 3.05 ms, found 3 plugins.
Native extension for WindowsStandalone target not found
[Package Manager] Failed to launch server process. Reason: Unity was launched with the -noUpm command-line argument
[Package Manager] Unable to send message (not connected to server process).
[Package Manager] Cannot connect to Unity Package Manager local server
[Package Manager] Failed to launch server process. Reason: Unity was launched with the -noUpm command-line argument
[Package Manager] Unable to send message (not connected to server process).
[Package Manager] Cannot connect to Unity Package Manager local server
Mono: successfully reloaded assembly
- Finished resetting the current domain, in  1.330 seconds
Domain Reload Profiling: 4011ms
	BeginReloadAssembly (747ms)
		ExecutionOrderSort (0ms)
		DisableScriptedObjects (20ms)
		BackupInstance (0ms)
		ReleaseScriptingObjects (1ms)
		CreateAndSetChildDomain (223ms)
	RebuildCommonClasses (130ms)
	RebuildNativeTypeToScriptingClass (42ms)
	initialDomainReloadingComplete (91ms)
	LoadAllAssembliesAndSetupDomain (1670ms)
		LoadAssemblies (1327ms)
		RebuildTransferFunctionScriptingTraits (0ms)
		AnalyzeDomain (695ms)
			TypeCache.Refresh (16ms)
				TypeCache.ScanAssembly (0ms)
			BuildScriptInfoCaches (648ms)
			ResolveRequiredComponents (18ms)
	FinalizeReload (1331ms)
		ReleaseScriptCaches (0ms)
		RebuildScriptCaches (0ms)
		SetupLoadedEditorAssemblies (1035ms)
			LogAssemblyErrors (0ms)
			InitializePlatformSupportModulesInManaged (3ms)
			SetLoadedEditorAssemblies (14ms)
			BeforeProcessingInitializeOnLoad (282ms)
			ProcessInitializeOnLoadAttributes (623ms)
			ProcessInitializeOnLoadMethodAttributes (104ms)
			AfterProcessingInitializeOnLoad (9ms)
			EditorAssembliesLoaded (0ms)
		ExecutionOrderSort2 (0ms)
		AwakeInstancesAfterBackupRestoration (19ms)
Refreshing native plugins compatible for Editor in 2.32 ms, found 3 plugins.
Preloading 0 native plugins for Editor in 0.00 ms.
Unloading 0 Unused Serialized files (Serialized files now loaded: 0)
Unloading 4242 unused Assets / (1.5 MB). Loaded Objects now: 4765.
Memory consumption went from 100.1 MB to 98.5 MB.
Total: 12.853800 ms (FindLiveObjects: 0.607100 ms CreateObjectMapping: 0.705600 ms MarkObjects: 8.664300 ms  DeleteObjects: 2.874700 ms)

Prepare: number of updated asset objects reloaded= 0
========================================================================
Received Import Request.
  Time since last request: 119.429190 seconds.
  path: Assets/Cars/Subaru.prefab
  artifactKey: Guid(f8da542ab8f93464698ffe4c8bafb25d) Importer(815301076,1909f56bfc062723c751e8b465ee728b)
Start importing Assets/Cars/Subaru.prefab using Guid(f8da542ab8f93464698ffe4c8bafb25d) Importer(815301076,1909f56bfc062723c751e8b465ee728b) (PreviewImporter) -> (artifact id: '53de31c1a02a035e38e8f36b9bff8afa') in 0.2719623 seconds
Number of updated asset objects reloaded before import = 0Number of asset objects unloaded after import = 662

========================================================================
Received Import Request.
  Time since last request: 9.723136 seconds.
  path: Assets/Cars/Subaru.prefab
  artifactKey: Guid(f8da542ab8f93464698ffe4c8bafb25d) Importer(815301076,1909f56bfc062723c751e8b465ee728b)
Start importing Assets/Cars/Subaru.prefab using Guid(f8da542ab8f93464698ffe4c8bafb25d) Importer(815301076,1909f56bfc062723c751e8b465ee728b) (PreviewImporter) -> (artifact id: '778f668c63904d7f3200cd7bf78154d7') in 0.0716003 seconds
Number of updated asset objects reloaded before import = 0Number of asset objects unloaded after import = 662

========================================================================
Received Import Request.
  Time since last request: 14.929835 seconds.
  path: Assets/Cars/Subaru.prefab
  artifactKey: Guid(f8da542ab8f93464698ffe4c8bafb25d) Importer(815301076,1909f56bfc062723c751e8b465ee728b)
Start importing Assets/Cars/Subaru.prefab using Guid(f8da542ab8f93464698ffe4c8bafb25d) Importer(815301076,1909f56bfc062723c751e8b465ee728b) (PreviewImporter) -> (artifact id: 'd9987b3a84feb1461096fb07ee66874f') in 0.0792622 seconds
Number of updated asset objects reloaded before import = 0Number of asset objects unloaded after import = 662

========================================================================
Received Import Request.
  Time since last request: 125.385759 seconds.
  path: Assets/Cars/RaceCar_RedWhite.prefab
  artifactKey: Guid(df22c835874d44940909070a1145af00) Importer(815301076,1909f56bfc062723c751e8b465ee728b)
Start importing Assets/Cars/RaceCar_RedWhite.prefab using Guid(df22c835874d44940909070a1145af00) Importer(815301076,1909f56bfc062723c751e8b465ee728b) (PreviewImporter) -> (artifact id: '71d6d8855ff33805ec3231a0623f8354') in 0.0799129 seconds
Number of updated asset objects reloaded before import = 0Number of asset objects unloaded after import = 602

========================================================================
Received Import Request.
  Time since last request: 1.986659 seconds.
  path: Assets/Cars/RaceCar_RedWhite.prefab
  artifactKey: Guid(df22c835874d44940909070a1145af00) Importer(815301076,1909f56bfc062723c751e8b465ee728b)
Start importing Assets/Cars/RaceCar_RedWhite.prefab using Guid(df22c835874d44940909070a1145af00) Importer(815301076,1909f56bfc062723c751e8b465ee728b) (PreviewImporter) -> (artifact id: '20e321ea293c97d5000ec79a8804a23f') in 0.0816482 seconds
Number of updated asset objects reloaded before import = 0Number of asset objects unloaded after import = 602

========================================================================
Received Import Request.
  Time since last request: 1.996091 seconds.
  path: Assets/Cars/RaceCar_RedWhite.prefab
  artifactKey: Guid(df22c835874d44940909070a1145af00) Importer(815301076,1909f56bfc062723c751e8b465ee728b)
Start importing Assets/Cars/RaceCar_RedWhite.prefab using Guid(df22c835874d44940909070a1145af00) Importer(815301076,1909f56bfc062723c751e8b465ee728b) (PreviewImporter) -> (artifact id: '56f07b6ad01f18586912bf8c4d3831d3') in 0.0689155 seconds
Number of updated asset objects reloaded before import = 0Number of asset objects unloaded after import = 602

========================================================================
Received Import Request.
  Time since last request: 3.245282 seconds.
  path: Assets/Cars/RaceCar_RedWhite.prefab
  artifactKey: Guid(df22c835874d44940909070a1145af00) Importer(815301076,1909f56bfc062723c751e8b465ee728b)
Start importing Assets/Cars/RaceCar_RedWhite.prefab using Guid(df22c835874d44940909070a1145af00) Importer(815301076,1909f56bfc062723c751e8b465ee728b) (PreviewImporter) -> (artifact id: 'a465db3833c2596f0effb63e7cd71ed5') in 0.0747043 seconds
Number of updated asset objects reloaded before import = 0Number of asset objects unloaded after import = 602

========================================================================
Received Import Request.
  Time since last request: 2.585068 seconds.
  path: Assets/Cars/RaceCar_RedWhite.prefab
  artifactKey: Guid(df22c835874d44940909070a1145af00) Importer(815301076,1909f56bfc062723c751e8b465ee728b)
Start importing Assets/Cars/RaceCar_RedWhite.prefab using Guid(df22c835874d44940909070a1145af00) Importer(815301076,1909f56bfc062723c751e8b465ee728b) (PreviewImporter) -> (artifact id: '9790319d4438b33070e35c543f3e242b') in 0.0709572 seconds
Number of updated asset objects reloaded before import = 0Number of asset objects unloaded after import = 602

========================================================================
Received Import Request.
  Time since last request: 2.173230 seconds.
  path: Assets/Cars/RaceCar_RedWhite.prefab
  artifactKey: Guid(df22c835874d44940909070a1145af00) Importer(815301076,1909f56bfc062723c751e8b465ee728b)
Start importing Assets/Cars/RaceCar_RedWhite.prefab using Guid(df22c835874d44940909070a1145af00) Importer(815301076,1909f56bfc062723c751e8b465ee728b) (PreviewImporter) -> (artifact id: '141caa8878c00184d012843479ebd1c1') in 0.0771996 seconds
Number of updated asset objects reloaded before import = 0Number of asset objects unloaded after import = 602

========================================================================
Received Import Request.
  Time since last request: 2.213898 seconds.
  path: Assets/Cars/RaceCar_RedWhite.prefab
  artifactKey: Guid(df22c835874d44940909070a1145af00) Importer(815301076,1909f56bfc062723c751e8b465ee728b)
Start importing Assets/Cars/RaceCar_RedWhite.prefab using Guid(df22c835874d44940909070a1145af00) Importer(815301076,1909f56bfc062723c751e8b465ee728b) (PreviewImporter) -> (artifact id: '2366b0a56f95e8985ac230d4ab64f6e1') in 0.0786844 seconds
Number of updated asset objects reloaded before import = 0Number of asset objects unloaded after import = 602

========================================================================
Received Import Request.
  Time since last request: 2.301436 seconds.
  path: Assets/Cars/RaceCar_RedWhite.prefab
  artifactKey: Guid(df22c835874d44940909070a1145af00) Importer(815301076,1909f56bfc062723c751e8b465ee728b)
Start importing Assets/Cars/RaceCar_RedWhite.prefab using Guid(df22c835874d44940909070a1145af00) Importer(815301076,1909f56bfc062723c751e8b465ee728b) (PreviewImporter) -> (artifact id: '2db0c2564b08f965939aee12970d8419') in 0.0717515 seconds
Number of updated asset objects reloaded before import = 0Number of asset objects unloaded after import = 602

========================================================================
Received Import Request.
  Time since last request: 2.361575 seconds.
  path: Assets/Cars/RaceCar_RedWhite.prefab
  artifactKey: Guid(df22c835874d44940909070a1145af00) Importer(815301076,1909f56bfc062723c751e8b465ee728b)
Start importing Assets/Cars/RaceCar_RedWhite.prefab using Guid(df22c835874d44940909070a1145af00) Importer(815301076,1909f56bfc062723c751e8b465ee728b) (PreviewImporter) -> (artifact id: 'd91937fee233ba5f57e60424ace0e7a3') in 0.0706905 seconds
Number of updated asset objects reloaded before import = 0Number of asset objects unloaded after import = 602

========================================================================
Received Import Request.
  Time since last request: 2.601133 seconds.
  path: Assets/Cars/RaceCar_RedWhite.prefab
  artifactKey: Guid(df22c835874d44940909070a1145af00) Importer(815301076,1909f56bfc062723c751e8b465ee728b)
Start importing Assets/Cars/RaceCar_RedWhite.prefab using Guid(df22c835874d44940909070a1145af00) Importer(815301076,1909f56bfc062723c751e8b465ee728b) (PreviewImporter) -> (artifact id: '0b4e4cc66032e80e8a1f4fe0864d58a9') in 0.0715279 seconds
Number of updated asset objects reloaded before import = 0Number of asset objects unloaded after import = 602

========================================================================
Received Import Request.
  Time since last request: 4.428432 seconds.
  path: Assets/Cars/RaceCar_RedWhite.prefab
  artifactKey: Guid(df22c835874d44940909070a1145af00) Importer(815301076,1909f56bfc062723c751e8b465ee728b)
Start importing Assets/Cars/RaceCar_RedWhite.prefab using Guid(df22c835874d44940909070a1145af00) Importer(815301076,1909f56bfc062723c751e8b465ee728b) (PreviewImporter) -> (artifact id: '44b3c655d29e265d80f3f626e06852ce') in 0.0765783 seconds
Number of updated asset objects reloaded before import = 0Number of asset objects unloaded after import = 602

========================================================================
Received Import Request.
  Time since last request: 2.874890 seconds.
  path: Assets/Cars/RaceCar_RedWhite.prefab
  artifactKey: Guid(df22c835874d44940909070a1145af00) Importer(815301076,1909f56bfc062723c751e8b465ee728b)
Start importing Assets/Cars/RaceCar_RedWhite.prefab using Guid(df22c835874d44940909070a1145af00) Importer(815301076,1909f56bfc062723c751e8b465ee728b) (PreviewImporter) -> (artifact id: 'b575d47a2535d8c58ab294ebc2e9f887') in 0.0788403 seconds
Number of updated asset objects reloaded before import = 0Number of asset objects unloaded after import = 602

========================================================================
Received Import Request.
  Time since last request: 2.565158 seconds.
  path: Assets/Cars/RaceCar_RedWhite.prefab
  artifactKey: Guid(df22c835874d44940909070a1145af00) Importer(815301076,1909f56bfc062723c751e8b465ee728b)
Start importing Assets/Cars/RaceCar_RedWhite.prefab using Guid(df22c835874d44940909070a1145af00) Importer(815301076,1909f56bfc062723c751e8b465ee728b) (PreviewImporter) -> (artifact id: '80835b9400b39aa1288a9c6a0d10c543') in 0.0723368 seconds
Number of updated asset objects reloaded before import = 0Number of asset objects unloaded after import = 602

========================================================================
Received Import Request.
  Time since last request: 2.551582 seconds.
  path: Assets/Cars/RaceCar_RedWhite.prefab
  artifactKey: Guid(df22c835874d44940909070a1145af00) Importer(815301076,1909f56bfc062723c751e8b465ee728b)
Start importing Assets/Cars/RaceCar_RedWhite.prefab using Guid(df22c835874d44940909070a1145af00) Importer(815301076,1909f56bfc062723c751e8b465ee728b) (PreviewImporter) -> (artifact id: 'f6a25194b9f728acfbe8044d82a1ccd1') in 0.0772404 seconds
Number of updated asset objects reloaded before import = 0Number of asset objects unloaded after import = 602

========================================================================
Received Import Request.
  Time since last request: 1.906358 seconds.
  path: Assets/Cars/RaceCar_RedWhite.prefab
  artifactKey: Guid(df22c835874d44940909070a1145af00) Importer(815301076,1909f56bfc062723c751e8b465ee728b)
Start importing Assets/Cars/RaceCar_RedWhite.prefab using Guid(df22c835874d44940909070a1145af00) Importer(815301076,1909f56bfc062723c751e8b465ee728b) (PreviewImporter) -> (artifact id: '3802c260db577b00759d7f75d1eb77bb') in 0.0775601 seconds
Number of updated asset objects reloaded before import = 0Number of asset objects unloaded after import = 602

========================================================================
Received Import Request.
  Time since last request: 2.694551 seconds.
  path: Assets/Cars/RaceCar_RedWhite.prefab
  artifactKey: Guid(df22c835874d44940909070a1145af00) Importer(815301076,1909f56bfc062723c751e8b465ee728b)
Start importing Assets/Cars/RaceCar_RedWhite.prefab using Guid(df22c835874d44940909070a1145af00) Importer(815301076,1909f56bfc062723c751e8b465ee728b) (PreviewImporter) -> (artifact id: 'b5be1103d8adafc33cebbb7f4e324850') in 0.0802776 seconds
Number of updated asset objects reloaded before import = 0Number of asset objects unloaded after import = 602

========================================================================
Received Import Request.
  Time since last request: 3.444345 seconds.
  path: Assets/Cars/RaceCar_RedWhite.prefab
  artifactKey: Guid(df22c835874d44940909070a1145af00) Importer(815301076,1909f56bfc062723c751e8b465ee728b)
Start importing Assets/Cars/RaceCar_RedWhite.prefab using Guid(df22c835874d44940909070a1145af00) Importer(815301076,1909f56bfc062723c751e8b465ee728b) (PreviewImporter) -> (artifact id: 'ee66adf6f98f51b042051f8348d248ef') in 0.0758047 seconds
Number of updated asset objects reloaded before import = 0Number of asset objects unloaded after import = 600

========================================================================
Received Prepare
Begin MonoManager ReloadAssembly
[Licensing::Client] Successfully resolved entitlement details
Symbol file LoadedFromMemory is not a mono symbol file
- Loaded All Assemblies, in  2.413 seconds
Refreshing native plugins compatible for Editor in 2.27 ms, found 3 plugins.
Native extension for WindowsStandalone target not found
[Package Manager] Failed to launch server process. Reason: Unity was launched with the -noUpm command-line argument
[Package Manager] Unable to send message (not connected to server process).
[Package Manager] Cannot connect to Unity Package Manager local server
[Package Manager] Failed to launch server process. Reason: Unity was launched with the -noUpm command-line argument
[Package Manager] Unable to send message (not connected to server process).
[Package Manager] Cannot connect to Unity Package Manager local server
Mono: successfully reloaded assembly
- Finished resetting the current domain, in  1.400 seconds
Domain Reload Profiling: 3805ms
	BeginReloadAssembly (554ms)
		ExecutionOrderSort (0ms)
		DisableScriptedObjects (30ms)
		BackupInstance (0ms)
		ReleaseScriptingObjects (0ms)
		CreateAndSetChildDomain (122ms)
	RebuildCommonClasses (123ms)
	RebuildNativeTypeToScriptingClass (43ms)
	initialDomainReloadingComplete (97ms)
	LoadAllAssembliesAndSetupDomain (1588ms)
		LoadAssemblies (1063ms)
		RebuildTransferFunctionScriptingTraits (0ms)
		AnalyzeDomain (818ms)
			TypeCache.Refresh (17ms)
				TypeCache.ScanAssembly (0ms)
			BuildScriptInfoCaches (767ms)
			ResolveRequiredComponents (20ms)
	FinalizeReload (1401ms)
		ReleaseScriptCaches (0ms)
		RebuildScriptCaches (0ms)
		SetupLoadedEditorAssemblies (1110ms)
			LogAssemblyErrors (0ms)
			InitializePlatformSupportModulesInManaged (5ms)
			SetLoadedEditorAssemblies (15ms)
			BeforeProcessingInitializeOnLoad (320ms)
			ProcessInitializeOnLoadAttributes (638ms)
			ProcessInitializeOnLoadMethodAttributes (119ms)
			AfterProcessingInitializeOnLoad (12ms)
			EditorAssembliesLoaded (0ms)
		ExecutionOrderSort2 (0ms)
		AwakeInstancesAfterBackupRestoration (23ms)
Refreshing native plugins compatible for Editor in 1.92 ms, found 3 plugins.
Preloading 0 native plugins for Editor in 0.00 ms.
Unloading 0 Unused Serialized files (Serialized files now loaded: 0)
Unloading 4242 unused Assets / (1.2 MB). Loaded Objects now: 4767.
Memory consumption went from 100.4 MB to 99.3 MB.
Total: 13.136600 ms (FindLiveObjects: 0.681700 ms CreateObjectMapping: 0.736900 ms MarkObjects: 9.510600 ms  DeleteObjects: 2.205400 ms)

Prepare: number of updated asset objects reloaded= 0
========================================================================
Received Import Request.
  Time since last request: 215.655635 seconds.
  path: Assets/Cars/RaceCar_RedWhite.prefab
  artifactKey: Guid(df22c835874d44940909070a1145af00) Importer(815301076,1909f56bfc062723c751e8b465ee728b)
Start importing Assets/Cars/RaceCar_RedWhite.prefab using Guid(df22c835874d44940909070a1145af00) Importer(815301076,1909f56bfc062723c751e8b465ee728b) (PreviewImporter) -> (artifact id: '01414d1aa7d46846835e2858eb1de13a') in 0.2336102 seconds
Number of updated asset objects reloaded before import = 0Number of asset objects unloaded after import = 600

========================================================================
Received Import Request.
  Time since last request: 0.195307 seconds.
  path: Assets/Cars/RaceCar_GreenYellow.prefab
  artifactKey: Guid(aaaeaa1451678834da4310ce8f56eab5) Importer(815301076,1909f56bfc062723c751e8b465ee728b)
Start importing Assets/Cars/RaceCar_GreenYellow.prefab using Guid(aaaeaa1451678834da4310ce8f56eab5) Importer(815301076,1909f56bfc062723c751e8b465ee728b) (PreviewImporter) -> (artifact id: '4e271b84213c623c537607dcb1968236') in 0.086287 seconds
Number of updated asset objects reloaded before import = 0Number of asset objects unloaded after import = 603

========================================================================
Received Prepare
Begin MonoManager ReloadAssembly
[Licensing::Client] Successfully resolved entitlement details
Symbol file LoadedFromMemory is not a mono symbol file
- Loaded All Assemblies, in  2.020 seconds
Refreshing native plugins compatible for Editor in 2.30 ms, found 3 plugins.
Native extension for WindowsStandalone target not found
[Package Manager] Failed to launch server process. Reason: Unity was launched with the -noUpm command-line argument
[Package Manager] Unable to send message (not connected to server process).
[Package Manager] Cannot connect to Unity Package Manager local server
[Package Manager] Failed to launch server process. Reason: Unity was launched with the -noUpm command-line argument
[Package Manager] Unable to send message (not connected to server process).
[Package Manager] Cannot connect to Unity Package Manager local server
Mono: successfully reloaded assembly
- Finished resetting the current domain, in  1.434 seconds
Domain Reload Profiling: 3447ms
	BeginReloadAssembly (524ms)
		ExecutionOrderSort (0ms)
		DisableScriptedObjects (41ms)
		BackupInstance (0ms)
		ReleaseScriptingObjects (0ms)
		CreateAndSetChildDomain (103ms)
	RebuildCommonClasses (89ms)
	RebuildNativeTypeToScriptingClass (30ms)
	initialDomainReloadingComplete (69ms)
	LoadAllAssembliesAndSetupDomain (1300ms)
		LoadAssemblies (896ms)
		RebuildTransferFunctionScriptingTraits (0ms)
		AnalyzeDomain (653ms)
			TypeCache.Refresh (16ms)
				TypeCache.ScanAssembly (0ms)
			BuildScriptInfoCaches (612ms)
			ResolveRequiredComponents (14ms)
	FinalizeReload (1434ms)
		ReleaseScriptCaches (0ms)
		RebuildScriptCaches (0ms)
		SetupLoadedEditorAssemblies (1140ms)
			LogAssemblyErrors (0ms)
			InitializePlatformSupportModulesInManaged (3ms)
			SetLoadedEditorAssemblies (13ms)
			BeforeProcessingInitializeOnLoad (321ms)
			ProcessInitializeOnLoadAttributes (681ms)
			ProcessInitializeOnLoadMethodAttributes (113ms)
			AfterProcessingInitializeOnLoad (9ms)
			EditorAssembliesLoaded (0ms)
		ExecutionOrderSort2 (0ms)
		AwakeInstancesAfterBackupRestoration (20ms)
Refreshing native plugins compatible for Editor in 2.88 ms, found 3 plugins.
Preloading 0 native plugins for Editor in 0.00 ms.
Unloading 0 Unused Serialized files (Serialized files now loaded: 0)
Unloading 4242 unused Assets / (1.0 MB). Loaded Objects now: 4769.
Memory consumption went from 100.4 MB to 99.4 MB.
Total: 16.101800 ms (FindLiveObjects: 0.798900 ms CreateObjectMapping: 0.987400 ms MarkObjects: 12.515400 ms  DeleteObjects: 1.798600 ms)

Prepare: number of updated asset objects reloaded= 0
========================================================================
Received Import Request.
  Time since last request: 265.261838 seconds.
  path: Assets/Cars/RaceCar_RedWhite.prefab
  artifactKey: Guid(df22c835874d44940909070a1145af00) Importer(815301076,1909f56bfc062723c751e8b465ee728b)
Start importing Assets/Cars/RaceCar_RedWhite.prefab using Guid(df22c835874d44940909070a1145af00) Importer(815301076,1909f56bfc062723c751e8b465ee728b) (PreviewImporter) -> (artifact id: 'e9a24b3c368f3c125eec086398822445') in 0.2446229 seconds
Number of updated asset objects reloaded before import = 0Number of asset objects unloaded after import = 600

========================================================================
Received Import Request.
  Time since last request: 4.667359 seconds.
  path: Assets/Cars/RaceCar_RedWhite.prefab
  artifactKey: Guid(df22c835874d44940909070a1145af00) Importer(815301076,1909f56bfc062723c751e8b465ee728b)
Start importing Assets/Cars/RaceCar_RedWhite.prefab using Guid(df22c835874d44940909070a1145af00) Importer(815301076,1909f56bfc062723c751e8b465ee728b) (PreviewImporter) -> (artifact id: 'e7134ba50a8fefdf6642ce89288adedc') in 0.0670227 seconds
Number of updated asset objects reloaded before import = 0Number of asset objects unloaded after import = 600

========================================================================
Received Import Request.
  Time since last request: 0.054778 seconds.
  path: Assets/Cars/RaceCar_GreenYellow.prefab
  artifactKey: Guid(aaaeaa1451678834da4310ce8f56eab5) Importer(815301076,1909f56bfc062723c751e8b465ee728b)
Start importing Assets/Cars/RaceCar_GreenYellow.prefab using Guid(aaaeaa1451678834da4310ce8f56eab5) Importer(815301076,1909f56bfc062723c751e8b465ee728b) (PreviewImporter) -> (artifact id: '1776bff7d0a9190acab35858363f5131') in 0.0655089 seconds
Number of updated asset objects reloaded before import = 0Number of asset objects unloaded after import = 603

========================================================================
Received Import Request.
  Time since last request: 956.367806 seconds.
  path: Assets/Cars/Mini
  artifactKey: Guid(1a4e58f6ff518224fa84e2fe067d327d) Importer(815301076,1909f56bfc062723c751e8b465ee728b)
Start importing Assets/Cars/Mini using Guid(1a4e58f6ff518224fa84e2fe067d327d) Importer(815301076,1909f56bfc062723c751e8b465ee728b) (PreviewImporter) -> (artifact id: '2760207077862ce37a0da9589bd3482d') in 0.0012654 seconds
Number of updated asset objects reloaded before import = 0Number of asset objects unloaded after import = 0

========================================================================
Received Import Request.
  Time since last request: 0.064875 seconds.
  path: Assets/Cars/Mini/f5de413faf2a4f05bf44142c703545ec_RGB_FROG_4096.jpg
  artifactKey: Guid(f4d65f055910e1d45ac567173bfcc468) Importer(815301076,1909f56bfc062723c751e8b465ee728b)
Start importing Assets/Cars/Mini/f5de413faf2a4f05bf44142c703545ec_RGB_FROG_4096.jpg using Guid(f4d65f055910e1d45ac567173bfcc468) Importer(815301076,1909f56bfc062723c751e8b465ee728b) (PreviewImporter) -> (artifact id: '816abf9344ce62833d7f798a6dd7bd49') in 0.0789 seconds
Number of updated asset objects reloaded before import = 0Number of asset objects unloaded after import = 2

========================================================================
Received Import Request.
  Time since last request: 2.609455 seconds.
  path: Assets/Cars/Subaru.prefab
  artifactKey: Guid(f8da542ab8f93464698ffe4c8bafb25d) Importer(2089858483,192608db42251d675da83286b1cce702)
Start importing Assets/Cars/Subaru.prefab using Guid(f8da542ab8f93464698ffe4c8bafb25d) Importer(2089858483,192608db42251d675da83286b1cce702) (ScriptedImporter) -> (artifact id: '91a746edcbe75bbf30bf443938a7ad3a') in 0.5192537 seconds
Number of updated asset objects reloaded before import = 0Number of asset objects unloaded after import = 643

========================================================================
Received Import Request.
  Time since last request: 0.000037 seconds.
  path: Assets/Cars/RaceCar_GreenYellow.prefab
  artifactKey: Guid(aaaeaa1451678834da4310ce8f56eab5) Importer(2089858483,192608db42251d675da83286b1cce702)
Start importing Assets/Cars/RaceCar_GreenYellow.prefab using Guid(aaaeaa1451678834da4310ce8f56eab5) Importer(2089858483,192608db42251d675da83286b1cce702) (ScriptedImporter) -> (artifact id: '05ee22a4d70d275b8c6c8b135d396a94') in 0.1212914 seconds
Number of updated asset objects reloaded before import = 0Number of asset objects unloaded after import = 577

========================================================================
Received Import Request.
  Time since last request: 3.107628 seconds.
  path: Assets/Cars/Mini/mini sound
  artifactKey: Guid(a2eab74ec202e20469dc4fee25c3468d) Importer(815301076,1909f56bfc062723c751e8b465ee728b)
Start importing Assets/Cars/Mini/mini sound using Guid(a2eab74ec202e20469dc4fee25c3468d) Importer(815301076,1909f56bfc062723c751e8b465ee728b) (PreviewImporter) -> (artifact id: 'c147dd1ca03d0497f4819f156972fc41') in 0.0009534 seconds
Number of updated asset objects reloaded before import = 0Number of asset objects unloaded after import = 0

========================================================================
Received Import Request.
  Time since last request: 0.842057 seconds.
  path: Assets/Cars/Mini/mini sound
  artifactKey: Guid(a2eab74ec202e20469dc4fee25c3468d) Importer(2089858483,192608db42251d675da83286b1cce702)
Start importing Assets/Cars/Mini/mini sound using Guid(a2eab74ec202e20469dc4fee25c3468d) Importer(2089858483,192608db42251d675da83286b1cce702) (ScriptedImporter) -> (artifact id: 'e643676063385f32fe426ddca41f5caf') in 0.018519 seconds
Number of updated asset objects reloaded before import = 0Number of asset objects unloaded after import = 1

========================================================================
Received Import Request.
  Time since last request: 7.981029 seconds.
  path: Assets/Cars/Mini/mini sound/mini_1000.mp3
  artifactKey: Guid(56107581d1ba7bd48956e40f946daf2c) Importer(815301076,1909f56bfc062723c751e8b465ee728b)
Start importing Assets/Cars/Mini/mini sound/mini_1000.mp3 using Guid(56107581d1ba7bd48956e40f946daf2c) Importer(815301076,1909f56bfc062723c751e8b465ee728b) (PreviewImporter) -> (artifact id: '3cce07c0764cf72f2c0e66ded45b4e8a') in 0.0505732 seconds
Number of updated asset objects reloaded before import = 0Number of asset objects unloaded after import = 2

========================================================================
Received Import Request.
  Time since last request: 0.038862 seconds.
  path: Assets/Cars/Mini/mini sound/mini_3000.mp3
  artifactKey: Guid(1a35f708d26f8a848b20dbfb699b3125) Importer(815301076,1909f56bfc062723c751e8b465ee728b)
Start importing Assets/Cars/Mini/mini sound/mini_3000.mp3 using Guid(1a35f708d26f8a848b20dbfb699b3125) Importer(815301076,1909f56bfc062723c751e8b465ee728b) (PreviewImporter) -> (artifact id: '0d4a97a9e259579e7759236a80b81bb8') in 0.0418337 seconds
Number of updated asset objects reloaded before import = 0Number of asset objects unloaded after import = 2

========================================================================
Received Import Request.
  Time since last request: 0.000042 seconds.
  path: Assets/Cars/Mini/mini sound/mini_3500.mp3
  artifactKey: Guid(456bc85fa82613046aa9f8b399854607) Importer(815301076,1909f56bfc062723c751e8b465ee728b)
Start importing Assets/Cars/Mini/mini sound/mini_3500.mp3 using Guid(456bc85fa82613046aa9f8b399854607) Importer(815301076,1909f56bfc062723c751e8b465ee728b) (PreviewImporter) -> (artifact id: '8bfd3176ab6117feca518c74f32bef63') in 0.034475 seconds
Number of updated asset objects reloaded before import = 0Number of asset objects unloaded after import = 2

========================================================================
Received Import Request.
  Time since last request: 0.000212 seconds.
  path: Assets/Cars/Mini/mini sound/mini_2500.mp3
  artifactKey: Guid(70d022b1e450c7047b634356c84af07a) Importer(815301076,1909f56bfc062723c751e8b465ee728b)
Start importing Assets/Cars/Mini/mini sound/mini_2500.mp3 using Guid(70d022b1e450c7047b634356c84af07a) Importer(815301076,1909f56bfc062723c751e8b465ee728b) (PreviewImporter) -> (artifact id: '9ee0d0c894ad084967782e4b7a7f335f') in 0.0393724 seconds
Number of updated asset objects reloaded before import = 0Number of asset objects unloaded after import = 2

========================================================================
Received Import Request.
  Time since last request: 0.774887 seconds.
  path: Assets/Cars/Mini/mini sound/mini_3500.mp3
  artifactKey: Guid(456bc85fa82613046aa9f8b399854607) Importer(2089858483,192608db42251d675da83286b1cce702)
Start importing Assets/Cars/Mini/mini sound/mini_3500.mp3 using Guid(456bc85fa82613046aa9f8b399854607) Importer(2089858483,192608db42251d675da83286b1cce702) (ScriptedImporter) -> (artifact id: 'fb2123e0696ad7d80782e72800292f61') in 0.1115908 seconds
Number of updated asset objects reloaded before import = 0Number of asset objects unloaded after import = 1

========================================================================
Received Import Request.
  Time since last request: 0.000102 seconds.
  path: Assets/Cars/Mini/mini sound/mini_3000.mp3
  artifactKey: Guid(1a35f708d26f8a848b20dbfb699b3125) Importer(2089858483,192608db42251d675da83286b1cce702)
Start importing Assets/Cars/Mini/mini sound/mini_3000.mp3 using Guid(1a35f708d26f8a848b20dbfb699b3125) Importer(2089858483,192608db42251d675da83286b1cce702) (ScriptedImporter) -> (artifact id: '479a1c8094d1734c1b0dbb960f5c697d') in 0.0874837 seconds
Number of updated asset objects reloaded before import = 0Number of asset objects unloaded after import = 1

========================================================================
Received Import Request.
  Time since last request: 0.000522 seconds.
  path: Assets/Cars/Mini/mini sound/mini_2000.mp3
  artifactKey: Guid(f34619b0dd5d30743b43d6abd25647aa) Importer(2089858483,192608db42251d675da83286b1cce702)
Start importing Assets/Cars/Mini/mini sound/mini_2000.mp3 using Guid(f34619b0dd5d30743b43d6abd25647aa) Importer(2089858483,192608db42251d675da83286b1cce702) (ScriptedImporter) -> (artifact id: 'ec2d5359cd1a9fc192ae56200950ae6e') in 0.0913656 seconds
Number of updated asset objects reloaded before import = 0Number of asset objects unloaded after import = 1

========================================================================
Received Import Request.
  Time since last request: 0.000180 seconds.
  path: Assets/Cars/Mini/mini sound/mini_base.mp3
  artifactKey: Guid(cbf39e5ecbfb57543b75e2373a643712) Importer(2089858483,192608db42251d675da83286b1cce702)
Start importing Assets/Cars/Mini/mini sound/mini_base.mp3 using Guid(cbf39e5ecbfb57543b75e2373a643712) Importer(2089858483,192608db42251d675da83286b1cce702) (ScriptedImporter) -> (artifact id: '038e621a57e57704954149a3f970d2e6') in 0.1019024 seconds
Number of updated asset objects reloaded before import = 0Number of asset objects unloaded after import = 1

========================================================================
Received Import Request.
  Time since last request: 38.405090 seconds.
  path: Assets/Cars/Mini.prefab
  artifactKey: Guid(5e4110f3b6000714790a74c2e68bb06b) Importer(815301076,1909f56bfc062723c751e8b465ee728b)
Start importing Assets/Cars/Mini.prefab using Guid(5e4110f3b6000714790a74c2e68bb06b) Importer(815301076,1909f56bfc062723c751e8b465ee728b) (PreviewImporter) -> (artifact id: 'af83c6dc611a3326e82ea830d50129aa') in 0.2752707 seconds
Number of updated asset objects reloaded before import = 0Number of asset objects unloaded after import = 375

========================================================================
Received Import Request.
  Time since last request: 0.637512 seconds.
  path: Assets/Cars/Mini.prefab
  artifactKey: Guid(5e4110f3b6000714790a74c2e68bb06b) Importer(2089858483,192608db42251d675da83286b1cce702)
Start importing Assets/Cars/Mini.prefab using Guid(5e4110f3b6000714790a74c2e68bb06b) Importer(2089858483,192608db42251d675da83286b1cce702) (ScriptedImporter) -> (artifact id: '1e71fd4992beb08b0945e107a9fa1388') in 0.0689214 seconds
Number of updated asset objects reloaded before import = 0Number of asset objects unloaded after import = 370

========================================================================
Received Import Request.
  Time since last request: 3.846169 seconds.
  path: Assets/Cars/Mini.prefab
  artifactKey: Guid(5e4110f3b6000714790a74c2e68bb06b) Importer(815301076,1909f56bfc062723c751e8b465ee728b)
Start importing Assets/Cars/Mini.prefab using Guid(5e4110f3b6000714790a74c2e68bb06b) Importer(815301076,1909f56bfc062723c751e8b465ee728b) (PreviewImporter) -> (artifact id: '3ad8b144012bae4b328f26581889fcad') in 0.0491925 seconds
Number of updated asset objects reloaded before import = 0Number of asset objects unloaded after import = 375

========================================================================
Received Import Request.
  Time since last request: 0.856439 seconds.
  path: Assets/Cars/Mini.prefab
  artifactKey: Guid(5e4110f3b6000714790a74c2e68bb06b) Importer(2089858483,192608db42251d675da83286b1cce702)
Start importing Assets/Cars/Mini.prefab using Guid(5e4110f3b6000714790a74c2e68bb06b) Importer(2089858483,192608db42251d675da83286b1cce702) (ScriptedImporter) -> (artifact id: 'e990cd673bd33d7cf6283b305a73d6c9') in 0.0566374 seconds
Number of updated asset objects reloaded before import = 0Number of asset objects unloaded after import = 370

========================================================================
Received Import Request.
  Time since last request: 1.672981 seconds.
  path: Assets/Cars/Mini.prefab
  artifactKey: Guid(5e4110f3b6000714790a74c2e68bb06b) Importer(815301076,1909f56bfc062723c751e8b465ee728b)
Start importing Assets/Cars/Mini.prefab using Guid(5e4110f3b6000714790a74c2e68bb06b) Importer(815301076,1909f56bfc062723c751e8b465ee728b) (PreviewImporter) -> (artifact id: 'ba5fc8e5f5228eefb2154e20a57ae07d') in 0.0511698 seconds
Number of updated asset objects reloaded before import = 0Number of asset objects unloaded after import = 375

========================================================================
Received Import Request.
  Time since last request: 0.862288 seconds.
  path: Assets/Cars/Mini.prefab
  artifactKey: Guid(5e4110f3b6000714790a74c2e68bb06b) Importer(2089858483,192608db42251d675da83286b1cce702)
Start importing Assets/Cars/Mini.prefab using Guid(5e4110f3b6000714790a74c2e68bb06b) Importer(2089858483,192608db42251d675da83286b1cce702) (ScriptedImporter) -> (artifact id: '615f4a0abda61f01acc786dc544b6cdd') in 0.0617674 seconds
Number of updated asset objects reloaded before import = 0Number of asset objects unloaded after import = 370

========================================================================
Received Import Request.
  Time since last request: 1.128151 seconds.
  path: Assets/Cars/Mini.prefab
  artifactKey: Guid(5e4110f3b6000714790a74c2e68bb06b) Importer(815301076,1909f56bfc062723c751e8b465ee728b)
Start importing Assets/Cars/Mini.prefab using Guid(5e4110f3b6000714790a74c2e68bb06b) Importer(815301076,1909f56bfc062723c751e8b465ee728b) (PreviewImporter) -> (artifact id: '0025d3eb9bef4bb1f160aa38eb17e654') in 0.0469126 seconds
Number of updated asset objects reloaded before import = 0Number of asset objects unloaded after import = 375

========================================================================
Received Import Request.
  Time since last request: 1.028866 seconds.
  path: Assets/Cars/Mini.prefab
  artifactKey: Guid(5e4110f3b6000714790a74c2e68bb06b) Importer(2089858483,192608db42251d675da83286b1cce702)
Start importing Assets/Cars/Mini.prefab using Guid(5e4110f3b6000714790a74c2e68bb06b) Importer(2089858483,192608db42251d675da83286b1cce702) (ScriptedImporter) -> (artifact id: 'b63a2a587b0d89d1dfdbf3638e8feb97') in 0.0735381 seconds
Number of updated asset objects reloaded before import = 0Number of asset objects unloaded after import = 370

========================================================================
Received Import Request.
  Time since last request: 1.328621 seconds.
  path: Assets/Cars/Mini.prefab
  artifactKey: Guid(5e4110f3b6000714790a74c2e68bb06b) Importer(815301076,1909f56bfc062723c751e8b465ee728b)
Start importing Assets/Cars/Mini.prefab using Guid(5e4110f3b6000714790a74c2e68bb06b) Importer(815301076,1909f56bfc062723c751e8b465ee728b) (PreviewImporter) -> (artifact id: 'b0748e7eb088e346dca674e2d2718321') in 0.0541804 seconds
Number of updated asset objects reloaded before import = 0Number of asset objects unloaded after import = 375

========================================================================
Received Import Request.
  Time since last request: 1.254876 seconds.
  path: Assets/Cars/Mini.prefab
  artifactKey: Guid(5e4110f3b6000714790a74c2e68bb06b) Importer(2089858483,192608db42251d675da83286b1cce702)
Start importing Assets/Cars/Mini.prefab using Guid(5e4110f3b6000714790a74c2e68bb06b) Importer(2089858483,192608db42251d675da83286b1cce702) (ScriptedImporter) -> (artifact id: '2c195e073378c28fd8272923b0ea9057') in 0.0672286 seconds
Number of updated asset objects reloaded before import = 0Number of asset objects unloaded after import = 370

========================================================================
Received Import Request.
  Time since last request: 0.547513 seconds.
  path: Assets/Cars/Mini.prefab
  artifactKey: Guid(5e4110f3b6000714790a74c2e68bb06b) Importer(815301076,1909f56bfc062723c751e8b465ee728b)
Start importing Assets/Cars/Mini.prefab using Guid(5e4110f3b6000714790a74c2e68bb06b) Importer(815301076,1909f56bfc062723c751e8b465ee728b) (PreviewImporter) -> (artifact id: '04a0c4dc4eb64519b8ddef5dc453d910') in 0.0491838 seconds
Number of updated asset objects reloaded before import = 0Number of asset objects unloaded after import = 375

========================================================================
Received Import Request.
  Time since last request: 2.009508 seconds.
  path: Assets/Cars/Mini.prefab
  artifactKey: Guid(5e4110f3b6000714790a74c2e68bb06b) Importer(815301076,1909f56bfc062723c751e8b465ee728b)
Start importing Assets/Cars/Mini.prefab using Guid(5e4110f3b6000714790a74c2e68bb06b) Importer(815301076,1909f56bfc062723c751e8b465ee728b) (PreviewImporter) -> (artifact id: 'c1d9f2f5e6181bf1b56e9d1d01615c76') in 0.0499023 seconds
Number of updated asset objects reloaded before import = 0Number of asset objects unloaded after import = 375

========================================================================
Received Import Request.
  Time since last request: 2.278168 seconds.
  path: Assets/Cars/Mini.prefab
  artifactKey: Guid(5e4110f3b6000714790a74c2e68bb06b) Importer(815301076,1909f56bfc062723c751e8b465ee728b)
Start importing Assets/Cars/Mini.prefab using Guid(5e4110f3b6000714790a74c2e68bb06b) Importer(815301076,1909f56bfc062723c751e8b465ee728b) (PreviewImporter) -> (artifact id: 'e4de5698f6d2ca98aecb230c3a8fd679') in 0.0490949 seconds
Number of updated asset objects reloaded before import = 0Number of asset objects unloaded after import = 375

========================================================================
Received Import Request.
  Time since last request: 1.770209 seconds.
  path: Assets/Cars/Mini.prefab
  artifactKey: Guid(5e4110f3b6000714790a74c2e68bb06b) Importer(815301076,1909f56bfc062723c751e8b465ee728b)
Start importing Assets/Cars/Mini.prefab using Guid(5e4110f3b6000714790a74c2e68bb06b) Importer(815301076,1909f56bfc062723c751e8b465ee728b) (PreviewImporter) -> (artifact id: '15f2f2ec350d664f932c8bc576d25e83') in 0.0442166 seconds
Number of updated asset objects reloaded before import = 0Number of asset objects unloaded after import = 375

========================================================================
Received Import Request.
  Time since last request: 3.299610 seconds.
  path: Assets/Cars/Mini.prefab
  artifactKey: Guid(5e4110f3b6000714790a74c2e68bb06b) Importer(2089858483,192608db42251d675da83286b1cce702)
Start importing Assets/Cars/Mini.prefab using Guid(5e4110f3b6000714790a74c2e68bb06b) Importer(2089858483,192608db42251d675da83286b1cce702) (ScriptedImporter) -> (artifact id: '0e710337036e01b54561c6dd8240d769') in 0.0555196 seconds
Number of updated asset objects reloaded before import = 0Number of asset objects unloaded after import = 370

========================================================================
Received Import Request.
  Time since last request: 3.660866 seconds.
  path: Assets/Cars/Mini.prefab
  artifactKey: Guid(5e4110f3b6000714790a74c2e68bb06b) Importer(815301076,1909f56bfc062723c751e8b465ee728b)
Start importing Assets/Cars/Mini.prefab using Guid(5e4110f3b6000714790a74c2e68bb06b) Importer(815301076,1909f56bfc062723c751e8b465ee728b) (PreviewImporter) -> (artifact id: 'ea12a96e7808a63c5cbc6d990c7a28a1') in 0.0622774 seconds
Number of updated asset objects reloaded before import = 0Number of asset objects unloaded after import = 366

========================================================================
Received Import Request.
  Time since last request: 0.144931 seconds.
  path: Assets/Cars/Mini.prefab
  artifactKey: Guid(5e4110f3b6000714790a74c2e68bb06b) Importer(2089858483,192608db42251d675da83286b1cce702)
Start importing Assets/Cars/Mini.prefab using Guid(5e4110f3b6000714790a74c2e68bb06b) Importer(2089858483,192608db42251d675da83286b1cce702) (ScriptedImporter) -> (artifact id: 'de7e8898c6c7c053283558017aad4bd3') in 0.0583228 seconds
Number of updated asset objects reloaded before import = 0Number of asset objects unloaded after import = 361

========================================================================
Received Import Request.
  Time since last request: 10.055847 seconds.
  path: Assets/Cars/Mini.prefab
  artifactKey: Guid(5e4110f3b6000714790a74c2e68bb06b) Importer(815301076,1909f56bfc062723c751e8b465ee728b)
Start importing Assets/Cars/Mini.prefab using Guid(5e4110f3b6000714790a74c2e68bb06b) Importer(815301076,1909f56bfc062723c751e8b465ee728b) (PreviewImporter) -> (artifact id: 'b3ee3f8e5d3268ebd43a1cb24798f9ef') in 0.0468184 seconds
Number of updated asset objects reloaded before import = 0Number of asset objects unloaded after import = 365

========================================================================
Received Import Request.
  Time since last request: 0.869718 seconds.
  path: Assets/Cars/Mini.prefab
  artifactKey: Guid(5e4110f3b6000714790a74c2e68bb06b) Importer(2089858483,192608db42251d675da83286b1cce702)
Start importing Assets/Cars/Mini.prefab using Guid(5e4110f3b6000714790a74c2e68bb06b) Importer(2089858483,192608db42251d675da83286b1cce702) (ScriptedImporter) -> (artifact id: '368b014f94d3a0c4cb8c22bc84b1421a') in 0.0531109 seconds
Number of updated asset objects reloaded before import = 0Number of asset objects unloaded after import = 360

========================================================================
Received Prepare
Begin MonoManager ReloadAssembly
[Licensing::Client] Successfully resolved entitlement details
Symbol file LoadedFromMemory is not a mono symbol file
- Loaded All Assemblies, in  1.696 seconds
Refreshing native plugins compatible for Editor in 2.58 ms, found 3 plugins.
Native extension for WindowsStandalone target not found
[Package Manager] Failed to launch server process. Reason: Unity was launched with the -noUpm command-line argument
[Package Manager] Unable to send message (not connected to server process).
[Package Manager] Cannot connect to Unity Package Manager local server
[Package Manager] Failed to launch server process. Reason: Unity was launched with the -noUpm command-line argument
[Package Manager] Unable to send message (not connected to server process).
[Package Manager] Cannot connect to Unity Package Manager local server
Mono: successfully reloaded assembly
- Finished resetting the current domain, in  1.379 seconds
Domain Reload Profiling: 3070ms
	BeginReloadAssembly (470ms)
		ExecutionOrderSort (0ms)
		DisableScriptedObjects (17ms)
		BackupInstance (0ms)
		ReleaseScriptingObjects (0ms)
		CreateAndSetChildDomain (140ms)
	RebuildCommonClasses (87ms)
	RebuildNativeTypeToScriptingClass (34ms)
	initialDomainReloadingComplete (69ms)
	LoadAllAssembliesAndSetupDomain (1030ms)
		LoadAssemblies (766ms)
		RebuildTransferFunctionScriptingTraits (0ms)
		AnalyzeDomain (468ms)
			TypeCache.Refresh (14ms)
				TypeCache.ScanAssembly (0ms)
			BuildScriptInfoCaches (432ms)
			ResolveRequiredComponents (11ms)
	FinalizeReload (1380ms)
		ReleaseScriptCaches (0ms)
		RebuildScriptCaches (0ms)
		SetupLoadedEditorAssemblies (1096ms)
			LogAssemblyErrors (0ms)
			InitializePlatformSupportModulesInManaged (4ms)
			SetLoadedEditorAssemblies (14ms)
			BeforeProcessingInitializeOnLoad (309ms)
			ProcessInitializeOnLoadAttributes (655ms)
			ProcessInitializeOnLoadMethodAttributes (102ms)
			AfterProcessingInitializeOnLoad (11ms)
			EditorAssembliesLoaded (0ms)
		ExecutionOrderSort2 (0ms)
		AwakeInstancesAfterBackupRestoration (20ms)
Refreshing native plugins compatible for Editor in 2.79 ms, found 3 plugins.
Preloading 0 native plugins for Editor in 0.00 ms.
Unloading 0 Unused Serialized files (Serialized files now loaded: 0)
Unloading 4242 unused Assets / (1.3 MB). Loaded Objects now: 4771.
Memory consumption went from 100.5 MB to 99.1 MB.
Total: 12.107200 ms (FindLiveObjects: 0.820000 ms CreateObjectMapping: 1.052000 ms MarkObjects: 7.931400 ms  DeleteObjects: 2.302100 ms)

Prepare: number of updated asset objects reloaded= 0
========================================================================
Received Import Request.
  Time since last request: 86.028503 seconds.
  path: Assets/Cars/Mini.prefab
  artifactKey: Guid(5e4110f3b6000714790a74c2e68bb06b) Importer(815301076,1909f56bfc062723c751e8b465ee728b)
Start importing Assets/Cars/Mini.prefab using Guid(5e4110f3b6000714790a74c2e68bb06b) Importer(815301076,1909f56bfc062723c751e8b465ee728b) (PreviewImporter) -> (artifact id: 'ceb5a36afa4e233bbf06004da29078d2') in 0.2454658 seconds
Number of updated asset objects reloaded before import = 0Number of asset objects unloaded after import = 365

========================================================================
Received Import Request.
  Time since last request: 3.297970 seconds.
  path: Assets/Cars/Mini.prefab
  artifactKey: Guid(5e4110f3b6000714790a74c2e68bb06b) Importer(815301076,1909f56bfc062723c751e8b465ee728b)
Start importing Assets/Cars/Mini.prefab using Guid(5e4110f3b6000714790a74c2e68bb06b) Importer(815301076,1909f56bfc062723c751e8b465ee728b) (PreviewImporter) -> (artifact id: '496aa7c85d90a4a5ef295981f9ce8457') in 0.0452312 seconds
Number of updated asset objects reloaded before import = 0Number of asset objects unloaded after import = 365

========================================================================
Received Prepare
Begin MonoManager ReloadAssembly
[Licensing::Client] Successfully resolved entitlement details
Symbol file LoadedFromMemory is not a mono symbol file
- Loaded All Assemblies, in  4.097 seconds
Refreshing native plugins compatible for Editor in 13.86 ms, found 3 plugins.
Native extension for WindowsStandalone target not found
[Package Manager] Failed to launch server process. Reason: Unity was launched with the -noUpm command-line argument
[Package Manager] Unable to send message (not connected to server process).
[Package Manager] Cannot connect to Unity Package Manager local server
[Package Manager] Failed to launch server process. Reason: Unity was launched with the -noUpm command-line argument
[Package Manager] Unable to send message (not connected to server process).
[Package Manager] Cannot connect to Unity Package Manager local server
Mono: successfully reloaded assembly
- Finished resetting the current domain, in  2.420 seconds
Domain Reload Profiling: 6438ms
	BeginReloadAssembly (662ms)
		ExecutionOrderSort (0ms)
		DisableScriptedObjects (23ms)
		BackupInstance (0ms)
		ReleaseScriptingObjects (0ms)
		CreateAndSetChildDomain (107ms)
	RebuildCommonClasses (246ms)
	RebuildNativeTypeToScriptingClass (53ms)
	initialDomainReloadingComplete (221ms)
	LoadAllAssembliesAndSetupDomain (2834ms)
		LoadAssemblies (2150ms)
		RebuildTransferFunctionScriptingTraits (0ms)
		AnalyzeDomain (1099ms)
			TypeCache.Refresh (31ms)
				TypeCache.ScanAssembly (0ms)
			BuildScriptInfoCaches (1021ms)
			ResolveRequiredComponents (22ms)
	FinalizeReload (2421ms)
		ReleaseScriptCaches (0ms)
		RebuildScriptCaches (0ms)
		SetupLoadedEditorAssemblies (1936ms)
			LogAssemblyErrors (0ms)
			InitializePlatformSupportModulesInManaged (8ms)
			SetLoadedEditorAssemblies (11ms)
			BeforeProcessingInitializeOnLoad (587ms)
			ProcessInitializeOnLoadAttributes (1136ms)
			ProcessInitializeOnLoadMethodAttributes (177ms)
			AfterProcessingInitializeOnLoad (18ms)
			EditorAssembliesLoaded (0ms)
		ExecutionOrderSort2 (0ms)
		AwakeInstancesAfterBackupRestoration (36ms)
Refreshing native plugins compatible for Editor in 3.83 ms, found 3 plugins.
Preloading 0 native plugins for Editor in 0.00 ms.
Unloading 0 Unused Serialized files (Serialized files now loaded: 0)
Unloading 4242 unused Assets / (1.7 MB). Loaded Objects now: 4773.
Memory consumption went from 100.5 MB to 98.7 MB.
Total: 23.028800 ms (FindLiveObjects: 1.114600 ms CreateObjectMapping: 1.159300 ms MarkObjects: 17.351500 ms  DeleteObjects: 3.401000 ms)

Prepare: number of updated asset objects reloaded= 0
========================================================================
Received Import Request.
  Time since last request: 145.288221 seconds.
  path: Assets/Cars/Mini.prefab
  artifactKey: Guid(5e4110f3b6000714790a74c2e68bb06b) Importer(815301076,1909f56bfc062723c751e8b465ee728b)
Start importing Assets/Cars/Mini.prefab using Guid(5e4110f3b6000714790a74c2e68bb06b) Importer(815301076,1909f56bfc062723c751e8b465ee728b) (PreviewImporter) -> (artifact id: '04a37ea309d1790172f31eb18bdf71b5') in 0.2409958 seconds
Number of updated asset objects reloaded before import = 0Number of asset objects unloaded after import = 365

========================================================================
Received Prepare
Begin MonoManager ReloadAssembly
[Licensing::Client] Successfully resolved entitlement details
Symbol file LoadedFromMemory is not a mono symbol file
- Loaded All Assemblies, in  2.269 seconds
Refreshing native plugins compatible for Editor in 2.23 ms, found 3 plugins.
Native extension for WindowsStandalone target not found
[Package Manager] Failed to launch server process. Reason: Unity was launched with the -noUpm command-line argument
[Package Manager] Unable to send message (not connected to server process).
[Package Manager] Cannot connect to Unity Package Manager local server
[Package Manager] Failed to launch server process. Reason: Unity was launched with the -noUpm command-line argument
[Package Manager] Unable to send message (not connected to server process).
[Package Manager] Cannot connect to Unity Package Manager local server
Mono: successfully reloaded assembly
- Finished resetting the current domain, in  1.368 seconds
Domain Reload Profiling: 3631ms
	BeginReloadAssembly (500ms)
		ExecutionOrderSort (0ms)
		DisableScriptedObjects (22ms)
		BackupInstance (0ms)
		ReleaseScriptingObjects (0ms)
		CreateAndSetChildDomain (95ms)
	RebuildCommonClasses (101ms)
	RebuildNativeTypeToScriptingClass (32ms)
	initialDomainReloadingComplete (72ms)
	LoadAllAssembliesAndSetupDomain (1557ms)
		LoadAssemblies (1001ms)
		RebuildTransferFunctionScriptingTraits (0ms)
		AnalyzeDomain (787ms)
			TypeCache.Refresh (22ms)
				TypeCache.ScanAssembly (0ms)
			BuildScriptInfoCaches (739ms)
			ResolveRequiredComponents (13ms)
	FinalizeReload (1368ms)
		ReleaseScriptCaches (0ms)
		RebuildScriptCaches (0ms)
		SetupLoadedEditorAssemblies (1097ms)
			LogAssemblyErrors (0ms)
			InitializePlatformSupportModulesInManaged (3ms)
			SetLoadedEditorAssemblies (12ms)
			BeforeProcessingInitializeOnLoad (306ms)
			ProcessInitializeOnLoadAttributes (656ms)
			ProcessInitializeOnLoadMethodAttributes (109ms)
			AfterProcessingInitializeOnLoad (11ms)
			EditorAssembliesLoaded (0ms)
		ExecutionOrderSort2 (0ms)
		AwakeInstancesAfterBackupRestoration (21ms)
Refreshing native plugins compatible for Editor in 2.59 ms, found 3 plugins.
Preloading 0 native plugins for Editor in 0.00 ms.
Unloading 0 Unused Serialized files (Serialized files now loaded: 0)
Unloading 4242 unused Assets / (1.9 MB). Loaded Objects now: 4775.
Memory consumption went from 100.5 MB to 98.6 MB.
Total: 15.688800 ms (FindLiveObjects: 0.944800 ms CreateObjectMapping: 1.023300 ms MarkObjects: 10.179700 ms  DeleteObjects: 3.538100 ms)

Prepare: number of updated asset objects reloaded= 0
========================================================================
Received Import Request.
  Time since last request: 68.914284 seconds.
  path: Assets/PROMETEO - Car Controller
  artifactKey: Guid(8120b0a6e3ecd924cb24f14630a93e1a) Importer(815301076,1909f56bfc062723c751e8b465ee728b)
Start importing Assets/PROMETEO - Car Controller using Guid(8120b0a6e3ecd924cb24f14630a93e1a) Importer(815301076,1909f56bfc062723c751e8b465ee728b) (PreviewImporter) -> (artifact id: 'fb67ecc28cedf74b43f1eed7649dc037') in 0.0039735 seconds
Number of updated asset objects reloaded before import = 0Number of asset objects unloaded after import = 0

========================================================================
Received Import Request.
  Time since last request: 5.196583 seconds.
  path: Assets/PROMETEO - Car Controller/Sounds
  artifactKey: Guid(be63cff6316308747abbcbe03b87cbd8) Importer(815301076,1909f56bfc062723c751e8b465ee728b)
Start importing Assets/PROMETEO - Car Controller/Sounds using Guid(be63cff6316308747abbcbe03b87cbd8) Importer(815301076,1909f56bfc062723c751e8b465ee728b) (PreviewImporter) -> (artifact id: '0c723e1af8b8c10247fb89055da55fe2') in 0.0014199 seconds
Number of updated asset objects reloaded before import = 0Number of asset objects unloaded after import = 0

========================================================================
Received Import Request.
  Time since last request: 0.200857 seconds.
  path: Assets/PROMETEO - Car Controller/Sounds/CarEngine.wav
  artifactKey: Guid(771ce407ce807b74885ec23ebd1e6647) Importer(815301076,1909f56bfc062723c751e8b465ee728b)
Start importing Assets/PROMETEO - Car Controller/Sounds/CarEngine.wav using Guid(771ce407ce807b74885ec23ebd1e6647) Importer(815301076,1909f56bfc062723c751e8b465ee728b) (PreviewImporter) -> (artifact id: 'd383392223b05c7925f775574ee3f03f') in 0.1613483 seconds
Number of updated asset objects reloaded before import = 0Number of asset objects unloaded after import = 2

========================================================================
Received Import Request.
  Time since last request: 4.746161 seconds.
  path: Assets/PROMETEO - Car Controller/Scripts
  artifactKey: Guid(649d92e8f4c0cb84fbcf9897c7b84c6f) Importer(815301076,1909f56bfc062723c751e8b465ee728b)
Start importing Assets/PROMETEO - Car Controller/Scripts using Guid(649d92e8f4c0cb84fbcf9897c7b84c6f) Importer(815301076,1909f56bfc062723c751e8b465ee728b) (PreviewImporter) -> (artifact id: 'f522b29cbfb55a90d8c9e80580c0d2cd') in 0.000911 seconds
Number of updated asset objects reloaded before import = 0Number of asset objects unloaded after import = 0

========================================================================
Received Import Request.
  Time since last request: 0.047336 seconds.
  path: Assets/PROMETEO - Car Controller/Scripts/AudioRef_2D.prefab
  artifactKey: Guid(a285bafc8df988b4bb1cacde70cd76ce) Importer(815301076,1909f56bfc062723c751e8b465ee728b)
Start importing Assets/PROMETEO - Car Controller/Scripts/AudioRef_2D.prefab using Guid(a285bafc8df988b4bb1cacde70cd76ce) Importer(815301076,1909f56bfc062723c751e8b465ee728b) (PreviewImporter) -> (artifact id: '568000683566b19d6d16e72433426417') in 0.0393162 seconds
Number of updated asset objects reloaded before import = 0Number of asset objects unloaded after import = 5

========================================================================
Received Import Request.
  Time since last request: 1.608938 seconds.
  path: Assets/PROMETEO - Car Controller/Scripts/PrometeoCarController.cs
  artifactKey: Guid(c0fefceefe666bb4682b272ec8c5bdd0) Importer(815301076,1909f56bfc062723c751e8b465ee728b)
Start importing Assets/PROMETEO - Car Controller/Scripts/PrometeoCarController.cs using Guid(c0fefceefe666bb4682b272ec8c5bdd0) Importer(815301076,1909f56bfc062723c751e8b465ee728b) (PreviewImporter) -> (artifact id: '64bf99ce37345917a2eb7821124707d4') in 0.001049 seconds
Number of updated asset objects reloaded before import = 0Number of asset objects unloaded after import = 0

========================================================================
Received Import Request.
  Time since last request: 32.910198 seconds.
  path: Assets
  artifactKey: Guid(00000000000000001000000000000000) Importer(815301076,1909f56bfc062723c751e8b465ee728b)
Start importing Assets using Guid(00000000000000001000000000000000) Importer(815301076,1909f56bfc062723c751e8b465ee728b) (PreviewImporter) -> (artifact id: 'c391582d739b6e62a5220f35cbb167ac') in 0.0015879 seconds
Number of updated asset objects reloaded before import = 0Number of asset objects unloaded after import = 0

========================================================================
Received Import Request.
  Time since last request: 7.175016 seconds.
  path: Assets/Cars/Mini.prefab
  artifactKey: Guid(5e4110f3b6000714790a74c2e68bb06b) Importer(2089858483,192608db42251d675da83286b1cce702)
Start importing Assets/Cars/Mini.prefab using Guid(5e4110f3b6000714790a74c2e68bb06b) Importer(2089858483,192608db42251d675da83286b1cce702) (ScriptedImporter) -> (artifact id: '6bd82c099a30b07c769348876a68f9be') in 0.3193616 seconds
Number of updated asset objects reloaded before import = 0Number of asset objects unloaded after import = 360

========================================================================
Received Import Request.
  Time since last request: 1.143656 seconds.
  path: Assets/Sound
  artifactKey: Guid(e9e62173a12d56444b7857053a1633cf) Importer(815301076,1909f56bfc062723c751e8b465ee728b)
Start importing Assets/Sound using Guid(e9e62173a12d56444b7857053a1633cf) Importer(815301076,1909f56bfc062723c751e8b465ee728b) (PreviewImporter) -> (artifact id: '69e6b3dd243409c32f5ca441b6cb8c7d') in 0.0011156 seconds
Number of updated asset objects reloaded before import = 0Number of asset objects unloaded after import = 0

========================================================================
Received Prepare
Refreshing native plugins compatible for Editor in 2.25 ms, found 3 plugins.
Preloading 0 native plugins for Editor in 0.00 ms.
Unloading 0 Unused Serialized files (Serialized files now loaded: 0)
Unloading 4235 unused Assets / (2.5 MB). Loaded Objects now: 4776.
Memory consumption went from 100.8 MB to 98.3 MB.
Total: 19.446200 ms (FindLiveObjects: 0.760300 ms CreateObjectMapping: 1.031300 ms MarkObjects: 12.988900 ms  DeleteObjects: 4.663800 ms)

Prepare: number of updated asset objects reloaded= 0
========================================================================
Received Import Request.
  Time since last request: 2.034128 seconds.
  path: Assets/Sound
  artifactKey: Guid(e9e62173a12d56444b7857053a1633cf) Importer(2089858483,192608db42251d675da83286b1cce702)
Start importing Assets/Sound using Guid(e9e62173a12d56444b7857053a1633cf) Importer(2089858483,192608db42251d675da83286b1cce702) (ScriptedImporter) -> (artifact id: '2e4c8f3d37a88acc20a5331fb54c3fa4') in 0.0548716 seconds
Number of updated asset objects reloaded before import = 0Number of asset objects unloaded after import = 1

========================================================================
Received Import Request.
  Time since last request: 0.003180 seconds.
  path: Assets/Sound/AudioRef_3D.prefab
  artifactKey: Guid(622ba1d59bf68ff45b0d0e8354bec6e6) Importer(2089858483,192608db42251d675da83286b1cce702)
Start importing Assets/Sound/AudioRef_3D.prefab using Guid(622ba1d59bf68ff45b0d0e8354bec6e6) Importer(2089858483,192608db42251d675da83286b1cce702) (ScriptedImporter) -> (artifact id: '20827265acfedacb75cac35c5706b635') in 0.4417167 seconds
Number of updated asset objects reloaded before import = 0Number of asset objects unloaded after import = 5

========================================================================
Received Import Request.
  Time since last request: 0.002411 seconds.
  path: Assets/Sound/AudioController.cs
  artifactKey: Guid(d1fbd765edd9d9a4ab902257d01ce17c) Importer(2089858483,192608db42251d675da83286b1cce702)
Start importing Assets/Sound/AudioController.cs using Guid(d1fbd765edd9d9a4ab902257d01ce17c) Importer(2089858483,192608db42251d675da83286b1cce702) (ScriptedImporter) -> (artifact id: '1e6b3f5575d40a8306fd68f1ebd28c79') in 0.0687899 seconds
Number of updated asset objects reloaded before import = 0Number of asset objects unloaded after import = 0

========================================================================
Received Import Request.
  Time since last request: 0.006718 seconds.
  path: Assets/Sound/EngineSound.mixer
  artifactKey: Guid(5c4e1f7a32e0bb548b3cf8d3e8bc4a1e) Importer(2089858483,192608db42251d675da83286b1cce702)
Start importing Assets/Sound/EngineSound.mixer using Guid(5c4e1f7a32e0bb548b3cf8d3e8bc4a1e) Importer(2089858483,192608db42251d675da83286b1cce702) (ScriptedImporter)Refreshing native plugins compatible for Editor in 5.98 ms, found 3 plugins.
Preloading 0 native plugins for Editor in 0.00 ms.
 -> (artifact id: 'e3c45a8142a82f589ae0437d3cdfb728') in 0.1853052 seconds
Number of updated asset objects reloaded before import = 0Number of asset objects unloaded after import = 9

========================================================================
Received Prepare
Refreshing native plugins compatible for Editor in 2.83 ms, found 3 plugins.
Preloading 0 native plugins for Editor in 0.00 ms.
Unloading 0 Unused Serialized files (Serialized files now loaded: 0)
Unloading 4235 unused Assets / (1.2 MB). Loaded Objects now: 4776.
Memory consumption went from 100.9 MB to 99.7 MB.
Total: 18.703600 ms (FindLiveObjects: 1.241200 ms CreateObjectMapping: 1.352800 ms MarkObjects: 13.305600 ms  DeleteObjects: 2.802400 ms)

Prepare: number of updated asset objects reloaded= 0
========================================================================
Received Import Request.
  Time since last request: 16.629532 seconds.
  path: Assets/PROMETEO - Car Controller/Scripts/PrometeoCarController.cs
  artifactKey: Guid(c0fefceefe666bb4682b272ec8c5bdd0) Importer(2089858483,192608db42251d675da83286b1cce702)
Start importing Assets/PROMETEO - Car Controller/Scripts/PrometeoCarController.cs using Guid(c0fefceefe666bb4682b272ec8c5bdd0) Importer(2089858483,192608db42251d675da83286b1cce702) (ScriptedImporter) -> (artifact id: 'f74ef132c3b70176afaf5e99d6f45a16') in 0.0469228 seconds
Number of updated asset objects reloaded before import = 0Number of asset objects unloaded after import = 0

========================================================================
Received Prepare
Begin MonoManager ReloadAssembly
[Licensing::Client] Successfully resolved entitlement details
Symbol file LoadedFromMemory is not a mono symbol file
- Loaded All Assemblies, in  2.440 seconds
Refreshing native plugins compatible for Editor in 4.88 ms, found 3 plugins.
Native extension for WindowsStandalone target not found
[Package Manager] Failed to launch server process. Reason: Unity was launched with the -noUpm command-line argument
[Package Manager] Unable to send message (not connected to server process).
[Package Manager] Cannot connect to Unity Package Manager local server
[Package Manager] Failed to launch server process. Reason: Unity was launched with the -noUpm command-line argument
[Package Manager] Unable to send message (not connected to server process).
[Package Manager] Cannot connect to Unity Package Manager local server
Mono: successfully reloaded assembly
- Finished resetting the current domain, in  1.782 seconds
Domain Reload Profiling: 4216ms
	BeginReloadAssembly (551ms)
		ExecutionOrderSort (0ms)
		DisableScriptedObjects (28ms)
		BackupInstance (0ms)
		ReleaseScriptingObjects (0ms)
		CreateAndSetChildDomain (130ms)
	RebuildCommonClasses (103ms)
	RebuildNativeTypeToScriptingClass (38ms)
	initialDomainReloadingComplete (85ms)
	LoadAllAssembliesAndSetupDomain (1656ms)
		LoadAssemblies (1082ms)
		RebuildTransferFunctionScriptingTraits (0ms)
		AnalyzeDomain (841ms)
			TypeCache.Refresh (39ms)
				TypeCache.ScanAssembly (3ms)
			BuildScriptInfoCaches (766ms)
			ResolveRequiredComponents (17ms)
	FinalizeReload (1783ms)
		ReleaseScriptCaches (0ms)
		RebuildScriptCaches (0ms)
		SetupLoadedEditorAssemblies (1458ms)
			LogAssemblyErrors (0ms)
			InitializePlatformSupportModulesInManaged (4ms)
			SetLoadedEditorAssemblies (16ms)
			BeforeProcessingInitializeOnLoad (514ms)
			ProcessInitializeOnLoadAttributes (768ms)
			ProcessInitializeOnLoadMethodAttributes (143ms)
			AfterProcessingInitializeOnLoad (13ms)
			EditorAssembliesLoaded (0ms)
		ExecutionOrderSort2 (0ms)
		AwakeInstancesAfterBackupRestoration (23ms)
Refreshing native plugins compatible for Editor in 2.80 ms, found 3 plugins.
Preloading 0 native plugins for Editor in 0.00 ms.
Unloading 0 Unused Serialized files (Serialized files now loaded: 0)
Unloading 4242 unused Assets / (1.8 MB). Loaded Objects now: 4777.
Memory consumption went from 100.5 MB to 98.8 MB.
Total: 12.668900 ms (FindLiveObjects: 0.763100 ms CreateObjectMapping: 0.892100 ms MarkObjects: 7.960400 ms  DeleteObjects: 3.050800 ms)

Prepare: number of updated asset objects reloaded= 0
========================================================================
Received Prepare
Begin MonoManager ReloadAssembly
Symbol file LoadedFromMemory is not a mono symbol file
- Loaded All Assemblies, in  2.305 seconds
Refreshing native plugins compatible for Editor in 3.06 ms, found 3 plugins.
Native extension for WindowsStandalone target not found
[Package Manager] Failed to launch server process. Reason: Unity was launched with the -noUpm command-line argument
[Package Manager] Unable to send message (not connected to server process).
[Package Manager] Cannot connect to Unity Package Manager local server
[Package Manager] Failed to launch server process. Reason: Unity was launched with the -noUpm command-line argument
[Package Manager] Unable to send message (not connected to server process).
[Package Manager] Cannot connect to Unity Package Manager local server
Mono: successfully reloaded assembly
- Finished resetting the current domain, in  1.808 seconds
Domain Reload Profiling: 4109ms
	BeginReloadAssembly (415ms)
		ExecutionOrderSort (0ms)
		DisableScriptedObjects (11ms)
		BackupInstance (0ms)
		ReleaseScriptingObjects (0ms)
		CreateAndSetChildDomain (106ms)
	RebuildCommonClasses (211ms)
	RebuildNativeTypeToScriptingClass (40ms)
	initialDomainReloadingComplete (81ms)
	LoadAllAssembliesAndSetupDomain (1554ms)
		LoadAssemblies (939ms)
		RebuildTransferFunctionScriptingTraits (0ms)
		AnalyzeDomain (827ms)
			TypeCache.Refresh (22ms)
				TypeCache.ScanAssembly (0ms)
			BuildScriptInfoCaches (773ms)
			ResolveRequiredComponents (17ms)
	FinalizeReload (1809ms)
		ReleaseScriptCaches (0ms)
		RebuildScriptCaches (0ms)
		SetupLoadedEditorAssemblies (1499ms)
			LogAssemblyErrors (0ms)
			InitializePlatformSupportModulesInManaged (4ms)
			SetLoadedEditorAssemblies (15ms)
			BeforeProcessingInitializeOnLoad (564ms)
			ProcessInitializeOnLoadAttributes (770ms)
			ProcessInitializeOnLoadMethodAttributes (131ms)
			AfterProcessingInitializeOnLoad (16ms)
			EditorAssembliesLoaded (0ms)
		ExecutionOrderSort2 (0ms)
		AwakeInstancesAfterBackupRestoration (23ms)
Refreshing native plugins compatible for Editor in 2.82 ms, found 3 plugins.
Preloading 0 native plugins for Editor in 0.00 ms.
Unloading 0 Unused Serialized files (Serialized files now loaded: 0)
Unloading 4242 unused Assets / (1.4 MB). Loaded Objects now: 4779.
Memory consumption went from 100.5 MB to 99.1 MB.
Total: 12.034900 ms (FindLiveObjects: 0.648200 ms CreateObjectMapping: 0.874900 ms MarkObjects: 8.456100 ms  DeleteObjects: 2.054200 ms)

Prepare: number of updated asset objects reloaded= 0
========================================================================
Received Import Request.
  Time since last request: 131.482388 seconds.
  path: Assets/Cars/Aston Martin.prefab
  artifactKey: Guid(1393895e5638a0c468386a6426f409aa) Importer(815301076,1909f56bfc062723c751e8b465ee728b)
Start importing Assets/Cars/Aston Martin.prefab using Guid(1393895e5638a0c468386a6426f409aa) Importer(815301076,1909f56bfc062723c751e8b465ee728b) (PreviewImporter) -> (artifact id: 'f17952593b762b6113802141a491c133') in 1.0100368 seconds
Number of updated asset objects reloaded before import = 0Number of asset objects unloaded after import = 742

========================================================================
Received Import Request.
  Time since last request: 0.000053 seconds.
  path: Assets/Cars/Mercedes Variant.prefab
  artifactKey: Guid(4bed59296ba5d0347a6f900511c21111) Importer(815301076,1909f56bfc062723c751e8b465ee728b)
Start importing Assets/Cars/Mercedes Variant.prefab using Guid(4bed59296ba5d0347a6f900511c21111) Importer(815301076,1909f56bfc062723c751e8b465ee728b) (PreviewImporter) -> (artifact id: 'e31e94f9d8de92948722ea1e6efdead8') in 0.3142647 seconds
Number of updated asset objects reloaded before import = 0Number of asset objects unloaded after import = 749

========================================================================
Received Import Request.
  Time since last request: 0.000053 seconds.
  path: Assets/Cars/Mini.prefab
  artifactKey: Guid(5e4110f3b6000714790a74c2e68bb06b) Importer(815301076,1909f56bfc062723c751e8b465ee728b)
Start importing Assets/Cars/Mini.prefab using Guid(5e4110f3b6000714790a74c2e68bb06b) Importer(815301076,1909f56bfc062723c751e8b465ee728b) (PreviewImporter) -> (artifact id: '322a479939533b3df827e37e82460bd4') in 0.096967 seconds
Number of updated asset objects reloaded before import = 0Number of asset objects unloaded after import = 365

========================================================================
Received Import Request.
  Time since last request: 0.000186 seconds.
  path: Assets/Cars/Williams.prefab
  artifactKey: Guid(680097894f6c17f4db57da9de713796e) Importer(815301076,1909f56bfc062723c751e8b465ee728b)
Start importing Assets/Cars/Williams.prefab using Guid(680097894f6c17f4db57da9de713796e) Importer(815301076,1909f56bfc062723c751e8b465ee728b) (PreviewImporter) -> (artifact id: '82b936edaade478325069c1ad56e230b') in 0.2603715 seconds
Number of updated asset objects reloaded before import = 0Number of asset objects unloaded after import = 749

========================================================================
Received Import Request.
  Time since last request: 0.000045 seconds.
  path: Assets/Cars/RaceCar_GreenYellow.prefab
  artifactKey: Guid(aaaeaa1451678834da4310ce8f56eab5) Importer(815301076,1909f56bfc062723c751e8b465ee728b)
Start importing Assets/Cars/RaceCar_GreenYellow.prefab using Guid(aaaeaa1451678834da4310ce8f56eab5) Importer(815301076,1909f56bfc062723c751e8b465ee728b) (PreviewImporter) -> (artifact id: 'adba1daae20768812ac9bec4ef6d965c') in 0.1175698 seconds
Number of updated asset objects reloaded before import = 0Number of asset objects unloaded after import = 603

========================================================================
Received Import Request.
  Time since last request: 0.000050 seconds.
  path: Assets/Cars/Haas.prefab
  artifactKey: Guid(f0e710c66b4141047a76ac1f04ee5a75) Importer(815301076,1909f56bfc062723c751e8b465ee728b)
Start importing Assets/Cars/Haas.prefab using Guid(f0e710c66b4141047a76ac1f04ee5a75) Importer(815301076,1909f56bfc062723c751e8b465ee728b) (PreviewImporter) -> (artifact id: '94a18d0500c77d898294220c267d332f') in 0.2551218 seconds
Number of updated asset objects reloaded before import = 0Number of asset objects unloaded after import = 749

========================================================================
Received Import Request.
  Time since last request: 0.000073 seconds.
  path: Assets/Cars/Racing Bulls.prefab
  artifactKey: Guid(d60d3a8c5a4bf5d47ae681b9f285fef8) Importer(815301076,1909f56bfc062723c751e8b465ee728b)
Start importing Assets/Cars/Racing Bulls.prefab using Guid(d60d3a8c5a4bf5d47ae681b9f285fef8) Importer(815301076,1909f56bfc062723c751e8b465ee728b) (PreviewImporter) -> (artifact id: 'ff85865548da9f7d7686af669d137c47') in 0.2559753 seconds
Number of updated asset objects reloaded before import = 0Number of asset objects unloaded after import = 749

========================================================================
Received Import Request.
  Time since last request: 0.000054 seconds.
  path: Assets/Cars/mclaren_old.prefab
  artifactKey: Guid(dfe28870a00e345418c61fae01f272b4) Importer(815301076,1909f56bfc062723c751e8b465ee728b)
Start importing Assets/Cars/mclaren_old.prefab using Guid(dfe28870a00e345418c61fae01f272b4) Importer(815301076,1909f56bfc062723c751e8b465ee728b) (PreviewImporter) -> (artifact id: 'd2800d47c5ed2a41c345383d8123aa50') in 0.2763329 seconds
Number of updated asset objects reloaded before import = 0Number of asset objects unloaded after import = 1323

========================================================================
Received Import Request.
  Time since last request: 0.000052 seconds.
  path: Assets/Cars/ferrari_old.prefab
  artifactKey: Guid(ca61dfd311870ba468dba5c1c0c17d09) Importer(815301076,1909f56bfc062723c751e8b465ee728b)
Start importing Assets/Cars/ferrari_old.prefab using Guid(ca61dfd311870ba468dba5c1c0c17d09) Importer(815301076,1909f56bfc062723c751e8b465ee728b) (PreviewImporter) -> (artifact id: '18f63078d38ed7dd0976e4a59d712b77') in 0.235053 seconds
Number of updated asset objects reloaded before import = 0Number of asset objects unloaded after import = 1320

========================================================================
Received Import Request.
  Time since last request: 2.269308 seconds.
  path: Assets/Cars/Mini.prefab
  artifactKey: Guid(5e4110f3b6000714790a74c2e68bb06b) Importer(815301076,1909f56bfc062723c751e8b465ee728b)
Start importing Assets/Cars/Mini.prefab using Guid(5e4110f3b6000714790a74c2e68bb06b) Importer(815301076,1909f56bfc062723c751e8b465ee728b) (PreviewImporter) -> (artifact id: 'bf831066e4acaa48f77f49a7d28771df') in 0.0614612 seconds
Number of updated asset objects reloaded before import = 0Number of asset objects unloaded after import = 365

========================================================================
Received Import Request.
  Time since last request: 4.603488 seconds.
  path: Assets/Cars/Mini.prefab
  artifactKey: Guid(5e4110f3b6000714790a74c2e68bb06b) Importer(815301076,1909f56bfc062723c751e8b465ee728b)
Start importing Assets/Cars/Mini.prefab using Guid(5e4110f3b6000714790a74c2e68bb06b) Importer(815301076,1909f56bfc062723c751e8b465ee728b) (PreviewImporter) -> (artifact id: '6282a876569d2aef2ca92e0cede49c28') in 0.0390785 seconds
Number of updated asset objects reloaded before import = 0Number of asset objects unloaded after import = 365

========================================================================
Received Import Request.
  Time since last request: 3.552899 seconds.
  path: Assets/Cars/Mini.prefab
  artifactKey: Guid(5e4110f3b6000714790a74c2e68bb06b) Importer(815301076,1909f56bfc062723c751e8b465ee728b)
Start importing Assets/Cars/Mini.prefab using Guid(5e4110f3b6000714790a74c2e68bb06b) Importer(815301076,1909f56bfc062723c751e8b465ee728b) (PreviewImporter) -> (artifact id: 'dbf9bdb85023dbbbbace122c6132b6bf') in 0.038023 seconds
Number of updated asset objects reloaded before import = 0Number of asset objects unloaded after import = 365

========================================================================
Received Import Request.
  Time since last request: 2141.490583 seconds.
  path: Assets/Cars/mclaren_old
  artifactKey: Guid(5c60df7131b8d464faffadffbd88bafc) Importer(815301076,1909f56bfc062723c751e8b465ee728b)
Start importing Assets/Cars/mclaren_old using Guid(5c60df7131b8d464faffadffbd88bafc) Importer(815301076,1909f56bfc062723c751e8b465ee728b) (PreviewImporter) -> (artifact id: '89358ab3e0efe0032c0a37d7255c9410') in 0.003888 seconds
Number of updated asset objects reloaded before import = 0Number of asset objects unloaded after import = 0

========================================================================
Received Import Request.
  Time since last request: 0.029076 seconds.
  path: Assets/Cars/mclaren_old/5e5267f4193c40fd8d22a78d67061ffb_N_FW26_WHEEL_NORMAL.png
  artifactKey: Guid(c11473f70fe0f4d4d8d0a813c497bf20) Importer(815301076,1909f56bfc062723c751e8b465ee728b)
Start importing Assets/Cars/mclaren_old/5e5267f4193c40fd8d22a78d67061ffb_N_FW26_WHEEL_NORMAL.png using Guid(c11473f70fe0f4d4d8d0a813c497bf20) Importer(815301076,1909f56bfc062723c751e8b465ee728b) (PreviewImporter) -> (artifact id: '3888d172bf985824be7d508eb391b6a8') in 0.0941078 seconds
Number of updated asset objects reloaded before import = 0Number of asset objects unloaded after import = 2

========================================================================
Received Import Request.
  Time since last request: 0.000187 seconds.
  path: Assets/Cars/mclaren_old/61a557afcd3c4f19997e48233ab1e4b1_RGB_FW26_WHEEL.png
  artifactKey: Guid(a4085f4082f405843a27620c5612fc5e) Importer(815301076,1909f56bfc062723c751e8b465ee728b)
Start importing Assets/Cars/mclaren_old/61a557afcd3c4f19997e48233ab1e4b1_RGB_FW26_WHEEL.png using Guid(a4085f4082f405843a27620c5612fc5e) Importer(815301076,1909f56bfc062723c751e8b465ee728b) (PreviewImporter) -> (artifact id: '03c6ebecef34bd721cb9e769f3c2fd42') in 0.0533496 seconds
Number of updated asset objects reloaded before import = 0Number of asset objects unloaded after import = 2

========================================================================
Received Import Request.
  Time since last request: 0.000038 seconds.
  path: Assets/Cars/mclaren_old/2006mclaren másolata.png
  artifactKey: Guid(14820fa7729f4d544b20cfa93b793262) Importer(815301076,1909f56bfc062723c751e8b465ee728b)
Start importing Assets/Cars/mclaren_old/2006mclaren másolata.png using Guid(14820fa7729f4d544b20cfa93b793262) Importer(815301076,1909f56bfc062723c751e8b465ee728b) (PreviewImporter) -> (artifact id: '0c1a3d3238e4c69ff5712d3fd07cf289') in 0.0503825 seconds
Number of updated asset objects reloaded before import = 0Number of asset objects unloaded after import = 2

========================================================================
Received Import Request.
  Time since last request: 0.000025 seconds.
  path: Assets/Cars/mclaren_old/b707870558be4e33a5d224de2508d93a_R_FW26_DETAILS_SMOOTH.png
  artifactKey: Guid(40b862767c5fde141af75a6e9effbb9f) Importer(815301076,1909f56bfc062723c751e8b465ee728b)
Start importing Assets/Cars/mclaren_old/b707870558be4e33a5d224de2508d93a_R_FW26_DETAILS_SMOOTH.png using Guid(40b862767c5fde141af75a6e9effbb9f) Importer(815301076,1909f56bfc062723c751e8b465ee728b) (PreviewImporter) -> (artifact id: '9efc3a17e37e3b997ef1bfbb53dc453f') in 0.0404666 seconds
Number of updated asset objects reloaded before import = 0Number of asset objects unloaded after import = 2

========================================================================
Received Import Request.
  Time since last request: 0.000030 seconds.
  path: Assets/Cars/mclaren_old/d5173caad37b40148cce32a8072fa697_R_FW26_WHEEL_SMOOTH.png
  artifactKey: Guid(70d8c6a2bb19ff745b3366a78e107696) Importer(815301076,1909f56bfc062723c751e8b465ee728b)
Start importing Assets/Cars/mclaren_old/d5173caad37b40148cce32a8072fa697_R_FW26_WHEEL_SMOOTH.png using Guid(70d8c6a2bb19ff745b3366a78e107696) Importer(815301076,1909f56bfc062723c751e8b465ee728b) (PreviewImporter) -> (artifact id: 'd15b50508a4aa2c2a76c9f529c5461e1') in 0.0353084 seconds
Number of updated asset objects reloaded before import = 0Number of asset objects unloaded after import = 2

========================================================================
Received Import Request.
  Time since last request: 0.000030 seconds.
  path: Assets/Cars/mclaren_old/2006mclaren.png
  artifactKey: Guid(fb36d3a3baf6dff4087508199868f15b) Importer(815301076,1909f56bfc062723c751e8b465ee728b)
Start importing Assets/Cars/mclaren_old/2006mclaren.png using Guid(fb36d3a3baf6dff4087508199868f15b) Importer(815301076,1909f56bfc062723c751e8b465ee728b) (PreviewImporter) -> (artifact id: '208ccb05bd5a61d0709b46c02517298a') in 0.0432327 seconds
Number of updated asset objects reloaded before import = 0Number of asset objects unloaded after import = 2

========================================================================
Received Import Request.
  Time since last request: 0.000025 seconds.
  path: Assets/Cars/mclaren_old/07f4e95458f949ea96d56b9d624b8ab7_RGB_FW26_CARBON.png
  artifactKey: Guid(e14a201f3ab8ef54ab3ccca140d6538f) Importer(815301076,1909f56bfc062723c751e8b465ee728b)
Start importing Assets/Cars/mclaren_old/07f4e95458f949ea96d56b9d624b8ab7_RGB_FW26_CARBON.png using Guid(e14a201f3ab8ef54ab3ccca140d6538f) Importer(815301076,1909f56bfc062723c751e8b465ee728b) (PreviewImporter) -> (artifact id: 'b24291a91bf53f0d1804afd5b1158655') in 0.049885 seconds
Number of updated asset objects reloaded before import = 0Number of asset objects unloaded after import = 2

========================================================================
Received Import Request.
  Time since last request: 0.000036 seconds.
  path: Assets/Cars/mclaren_old/f12c12b6e16e41b2bbe2e276849013a7_RGB_FW26_SEAT.png
  artifactKey: Guid(1180e1b3475129d4690008c1af33b44e) Importer(815301076,1909f56bfc062723c751e8b465ee728b)
Start importing Assets/Cars/mclaren_old/f12c12b6e16e41b2bbe2e276849013a7_RGB_FW26_SEAT.png using Guid(1180e1b3475129d4690008c1af33b44e) Importer(815301076,1909f56bfc062723c751e8b465ee728b) (PreviewImporter) -> (artifact id: 'e7e9369f87af96ac27535e629a8a43fc') in 0.0620191 seconds
Number of updated asset objects reloaded before import = 0Number of asset objects unloaded after import = 2

========================================================================
Received Import Request.
  Time since last request: 0.000119 seconds.
  path: Assets/Cars/mclaren_old/d79ed8595ae84d76a12da5917a81b281_RGB_FW26_PAINT.png
  artifactKey: Guid(bbe0bdd3a7f6516468229f74b2ce86fe) Importer(815301076,1909f56bfc062723c751e8b465ee728b)
Start importing Assets/Cars/mclaren_old/d79ed8595ae84d76a12da5917a81b281_RGB_FW26_PAINT.png using Guid(bbe0bdd3a7f6516468229f74b2ce86fe) Importer(815301076,1909f56bfc062723c751e8b465ee728b) (PreviewImporter) -> (artifact id: 'fd29cf0662294027f5e1ab8ce70bf6eb') in 0.0405762 seconds
Number of updated asset objects reloaded before import = 0Number of asset objects unloaded after import = 2

========================================================================
Received Import Request.
  Time since last request: 0.000032 seconds.
  path: Assets/Cars/mclaren_old/mclaren_old.gltf
  artifactKey: Guid(53a1bc2e506f7c64a9fa8613a9572876) Importer(815301076,1909f56bfc062723c751e8b465ee728b)
Start importing Assets/Cars/mclaren_old/mclaren_old.gltf using Guid(53a1bc2e506f7c64a9fa8613a9572876) Importer(815301076,1909f56bfc062723c751e8b465ee728b) (PreviewImporter) -> (artifact id: '2137674f517bf3e3fcf160b4f3fffa22') in 1.1577382 seconds
Number of updated asset objects reloaded before import = 0Number of asset objects unloaded after import = 693

========================================================================
Received Import Request.
  Time since last request: 1.347257 seconds.
  path: Assets/Cars/Mini.prefab
  artifactKey: Guid(5e4110f3b6000714790a74c2e68bb06b) Importer(2089858483,192608db42251d675da83286b1cce702)
Start importing Assets/Cars/Mini.prefab using Guid(5e4110f3b6000714790a74c2e68bb06b) Importer(2089858483,192608db42251d675da83286b1cce702) (ScriptedImporter) -> (artifact id: '2b6c66fefb22a915b3a73351da3317d4') in 0.4238995 seconds
Number of updated asset objects reloaded before import = 0Number of asset objects unloaded after import = 360

========================================================================
Received Import Request.
  Time since last request: 3.353744 seconds.
  path: Assets/Cars/mclaren_old/old f1
  artifactKey: Guid(e136e4248680dcb42ad163e1b762f878) Importer(815301076,1909f56bfc062723c751e8b465ee728b)
Start importing Assets/Cars/mclaren_old/old f1 using Guid(e136e4248680dcb42ad163e1b762f878) Importer(815301076,1909f56bfc062723c751e8b465ee728b) (PreviewImporter) -> (artifact id: '895abba1f8ada1b84ec687071ca78be3') in 0.002837 seconds
Number of updated asset objects reloaded before import = 0Number of asset objects unloaded after import = 0

========================================================================
Received Import Request.
  Time since last request: 0.913907 seconds.
  path: Assets/Cars/mclaren_old/old f1
  artifactKey: Guid(e136e4248680dcb42ad163e1b762f878) Importer(2089858483,192608db42251d675da83286b1cce702)
Start importing Assets/Cars/mclaren_old/old f1 using Guid(e136e4248680dcb42ad163e1b762f878) Importer(2089858483,192608db42251d675da83286b1cce702) (ScriptedImporter) -> (artifact id: '006a7fdc8d741d75546e3d457387d198') in 0.0271614 seconds
Number of updated asset objects reloaded before import = 0Number of asset objects unloaded after import = 1

========================================================================
Received Import Request.
  Time since last request: 10.506640 seconds.
  path: Assets/Cars/mclaren_old/old f1/f12008_5000.mp3
  artifactKey: Guid(d08328c0e360c0d4a80e17b717c9f2d9) Importer(815301076,1909f56bfc062723c751e8b465ee728b)
Start importing Assets/Cars/mclaren_old/old f1/f12008_5000.mp3 using Guid(d08328c0e360c0d4a80e17b717c9f2d9) Importer(815301076,1909f56bfc062723c751e8b465ee728b) (PreviewImporter) -> (artifact id: 'a9a501cc53d7f14384f0dc60c0ac4b85') in 0.0598964 seconds
Number of updated asset objects reloaded before import = 0Number of asset objects unloaded after import = 2

========================================================================
Received Import Request.
  Time since last request: 0.000034 seconds.
  path: Assets/Cars/mclaren_old/old f1/f12008_9000.mp3
  artifactKey: Guid(9f5d1af484130464c9ecc739fd11fac5) Importer(815301076,1909f56bfc062723c751e8b465ee728b)
Start importing Assets/Cars/mclaren_old/old f1/f12008_9000.mp3 using Guid(9f5d1af484130464c9ecc739fd11fac5) Importer(815301076,1909f56bfc062723c751e8b465ee728b) (PreviewImporter) -> (artifact id: '62187006987c872bf0ef5bd668c22a7b') in 0.0420819 seconds
Number of updated asset objects reloaded before import = 0Number of asset objects unloaded after import = 2

========================================================================
Received Import Request.
  Time since last request: 0.000031 seconds.
  path: Assets/Cars/mclaren_old/old f1/f12008_12000.mp3
  artifactKey: Guid(b008075b7e6267b49ac9c51d3567706e) Importer(815301076,1909f56bfc062723c751e8b465ee728b)
Start importing Assets/Cars/mclaren_old/old f1/f12008_12000.mp3 using Guid(b008075b7e6267b49ac9c51d3567706e) Importer(815301076,1909f56bfc062723c751e8b465ee728b) (PreviewImporter) -> (artifact id: '8515243171427b8497af0f891f7eac9a') in 0.0404771 seconds
Number of updated asset objects reloaded before import = 0Number of asset objects unloaded after import = 2

========================================================================
Received Import Request.
  Time since last request: 0.000174 seconds.
  path: Assets/Cars/mclaren_old/old f1/f12008_11000.mp3
  artifactKey: Guid(5dabab3793de04b4b87299bc2f6ebdb6) Importer(815301076,1909f56bfc062723c751e8b465ee728b)
Start importing Assets/Cars/mclaren_old/old f1/f12008_11000.mp3 using Guid(5dabab3793de04b4b87299bc2f6ebdb6) Importer(815301076,1909f56bfc062723c751e8b465ee728b) (PreviewImporter) -> (artifact id: '9e1a732658370f352df793ea5fe3ce43') in 0.0406955 seconds
Number of updated asset objects reloaded before import = 0Number of asset objects unloaded after import = 2

========================================================================
Received Import Request.
  Time since last request: 0.000031 seconds.
  path: Assets/Cars/mclaren_old/old f1/f12008_13000.mp3
  artifactKey: Guid(c1e5c6f106d6d924e9c73feb8d03e464) Importer(815301076,1909f56bfc062723c751e8b465ee728b)
Start importing Assets/Cars/mclaren_old/old f1/f12008_13000.mp3 using Guid(c1e5c6f106d6d924e9c73feb8d03e464) Importer(815301076,1909f56bfc062723c751e8b465ee728b) (PreviewImporter) -> (artifact id: '11c81e26c2a84b52d17520755ce8485f') in 0.0400499 seconds
Number of updated asset objects reloaded before import = 0Number of asset objects unloaded after import = 2

========================================================================
Received Import Request.
  Time since last request: 0.000063 seconds.
  path: Assets/Cars/mclaren_old/old f1/f12008_8000.mp3
  artifactKey: Guid(205562bc31d0bfb468c6df4e941761ad) Importer(815301076,1909f56bfc062723c751e8b465ee728b)
Start importing Assets/Cars/mclaren_old/old f1/f12008_8000.mp3 using Guid(205562bc31d0bfb468c6df4e941761ad) Importer(815301076,1909f56bfc062723c751e8b465ee728b) (PreviewImporter) -> (artifact id: '3b0a2b6704f59f73e6d1b4cdf46a1dcf') in 0.0387245 seconds
Number of updated asset objects reloaded before import = 0Number of asset objects unloaded after import = 2

========================================================================
Received Import Request.
  Time since last request: 0.000053 seconds.
  path: Assets/Cars/mclaren_old/old f1/f12008_17000.mp3
  artifactKey: Guid(5dfc9760e844e624787f911c4e1f3490) Importer(815301076,1909f56bfc062723c751e8b465ee728b)
Start importing Assets/Cars/mclaren_old/old f1/f12008_17000.mp3 using Guid(5dfc9760e844e624787f911c4e1f3490) Importer(815301076,1909f56bfc062723c751e8b465ee728b) (PreviewImporter) -> (artifact id: '1afcdc948bdad22119c751cfe96a61a6') in 0.0425981 seconds
Number of updated asset objects reloaded before import = 0Number of asset objects unloaded after import = 2

========================================================================
Received Import Request.
  Time since last request: 0.000141 seconds.
  path: Assets/Cars/mclaren_old/old f1/f12008_15000.mp3
  artifactKey: Guid(3cd5d4aa14e5e274295774fd6f59a834) Importer(815301076,1909f56bfc062723c751e8b465ee728b)
Start importing Assets/Cars/mclaren_old/old f1/f12008_15000.mp3 using Guid(3cd5d4aa14e5e274295774fd6f59a834) Importer(815301076,1909f56bfc062723c751e8b465ee728b) (PreviewImporter) -> (artifact id: '5a898fa2e9de8f13e231bd740d6332cb') in 0.0398595 seconds
Number of updated asset objects reloaded before import = 0Number of asset objects unloaded after import = 2

========================================================================
Received Import Request.
  Time since last request: 0.000093 seconds.
  path: Assets/Cars/mclaren_old/old f1/f12008_10000.mp3
  artifactKey: Guid(6fb6cc7b196593243b21831d4394fabb) Importer(815301076,1909f56bfc062723c751e8b465ee728b)
Start importing Assets/Cars/mclaren_old/old f1/f12008_10000.mp3 using Guid(6fb6cc7b196593243b21831d4394fabb) Importer(815301076,1909f56bfc062723c751e8b465ee728b) (PreviewImporter) -> (artifact id: 'c2f399c40e543b43d080c77c579a6832') in 0.0360248 seconds
Number of updated asset objects reloaded before import = 0Number of asset objects unloaded after import = 2

========================================================================
Received Import Request.
  Time since last request: 0.549413 seconds.
  path: Assets/Cars/mclaren_old/old f1/f12008_10000.mp3
  artifactKey: Guid(6fb6cc7b196593243b21831d4394fabb) Importer(2089858483,192608db42251d675da83286b1cce702)
Start importing Assets/Cars/mclaren_old/old f1/f12008_10000.mp3 using Guid(6fb6cc7b196593243b21831d4394fabb) Importer(2089858483,192608db42251d675da83286b1cce702) (ScriptedImporter) -> (artifact id: '6cd9cb173d3b8b837b9ca94da9e1a72c') in 0.1192399 seconds
Number of updated asset objects reloaded before import = 0Number of asset objects unloaded after import = 1

========================================================================
Received Import Request.
  Time since last request: 0.000092 seconds.
  path: Assets/Cars/mclaren_old/old f1/f12008_5000.mp3
  artifactKey: Guid(d08328c0e360c0d4a80e17b717c9f2d9) Importer(2089858483,192608db42251d675da83286b1cce702)
Start importing Assets/Cars/mclaren_old/old f1/f12008_5000.mp3 using Guid(d08328c0e360c0d4a80e17b717c9f2d9) Importer(2089858483,192608db42251d675da83286b1cce702) (ScriptedImporter) -> (artifact id: '2edb68e915cf85f1d97afe9d71dde2f2') in 0.1122879 seconds
Number of updated asset objects reloaded before import = 0Number of asset objects unloaded after import = 1

========================================================================
Received Import Request.
  Time since last request: 0.000112 seconds.
  path: Assets/Cars/mclaren_old/old f1/f12008_17000.mp3
  artifactKey: Guid(5dfc9760e844e624787f911c4e1f3490) Importer(2089858483,192608db42251d675da83286b1cce702)
Start importing Assets/Cars/mclaren_old/old f1/f12008_17000.mp3 using Guid(5dfc9760e844e624787f911c4e1f3490) Importer(2089858483,192608db42251d675da83286b1cce702) (ScriptedImporter) -> (artifact id: '78082bae817d4a7c7c32fdfa39a0ca5f') in 0.1030093 seconds
Number of updated asset objects reloaded before import = 0Number of asset objects unloaded after import = 1

========================================================================
Received Import Request.
  Time since last request: 0.000160 seconds.
  path: Assets/Cars/mclaren_old/old f1/f12008_15000.mp3
  artifactKey: Guid(3cd5d4aa14e5e274295774fd6f59a834) Importer(2089858483,192608db42251d675da83286b1cce702)
Start importing Assets/Cars/mclaren_old/old f1/f12008_15000.mp3 using Guid(3cd5d4aa14e5e274295774fd6f59a834) Importer(2089858483,192608db42251d675da83286b1cce702) (ScriptedImporter) -> (artifact id: '1257171e9ed6ff68ca6120957892c7eb') in 0.0951896 seconds
Number of updated asset objects reloaded before import = 0Number of asset objects unloaded after import = 1

========================================================================
Received Import Request.
  Time since last request: 0.000286 seconds.
  path: Assets/Cars/mclaren_old/old f1/f12008_16000.mp3
  artifactKey: Guid(ce08179f69468544b95d44728c825960) Importer(2089858483,192608db42251d675da83286b1cce702)
Start importing Assets/Cars/mclaren_old/old f1/f12008_16000.mp3 using Guid(ce08179f69468544b95d44728c825960) Importer(2089858483,192608db42251d675da83286b1cce702) (ScriptedImporter) -> (artifact id: 'd347f7efbcac163623567cb4b606ab71') in 0.1131146 seconds
Number of updated asset objects reloaded before import = 0Number of asset objects unloaded after import = 1

========================================================================
Received Import Request.
  Time since last request: 0.000037 seconds.
  path: Assets/Cars/mclaren_old/old f1/f12008_11000.mp3
  artifactKey: Guid(5dabab3793de04b4b87299bc2f6ebdb6) Importer(2089858483,192608db42251d675da83286b1cce702)
Start importing Assets/Cars/mclaren_old/old f1/f12008_11000.mp3 using Guid(5dabab3793de04b4b87299bc2f6ebdb6) Importer(2089858483,192608db42251d675da83286b1cce702) (ScriptedImporter) -> (artifact id: '5faf10a43db0ce1e23f9a96fd61ec3c4') in 0.0986196 seconds
Number of updated asset objects reloaded before import = 0Number of asset objects unloaded after import = 1

========================================================================
Received Import Request.
  Time since last request: 27.394499 seconds.
  path: Assets/Cars/williams_old.prefab
  artifactKey: Guid(09d0729634a6c5c4c923d9b6d26056b5) Importer(815301076,1909f56bfc062723c751e8b465ee728b)
Start importing Assets/Cars/williams_old.prefab using Guid(09d0729634a6c5c4c923d9b6d26056b5) Importer(815301076,1909f56bfc062723c751e8b465ee728b) (PreviewImporter) -> (artifact id: '137f0f8f13839de2b68224635a4290d0') in 0.1450484 seconds
Number of updated asset objects reloaded before import = 0Number of asset objects unloaded after import = 1323

========================================================================
Received Import Request.
  Time since last request: 0.786291 seconds.
  path: Assets/Cars/mclaren_old.prefab
  artifactKey: Guid(dfe28870a00e345418c61fae01f272b4) Importer(2089858483,192608db42251d675da83286b1cce702)
Start importing Assets/Cars/mclaren_old.prefab using Guid(dfe28870a00e345418c61fae01f272b4) Importer(2089858483,192608db42251d675da83286b1cce702) (ScriptedImporter) -> (artifact id: 'c9b850a30efd2c94e7aa835d849c0fb4') in 0.1333941 seconds
Number of updated asset objects reloaded before import = 0Number of asset objects unloaded after import = 1291

========================================================================
Received Import Request.
  Time since last request: 1.494171 seconds.
  path: Assets/Cars/williams_old.prefab
  artifactKey: Guid(09d0729634a6c5c4c923d9b6d26056b5) Importer(815301076,1909f56bfc062723c751e8b465ee728b)
Start importing Assets/Cars/williams_old.prefab using Guid(09d0729634a6c5c4c923d9b6d26056b5) Importer(815301076,1909f56bfc062723c751e8b465ee728b) (PreviewImporter) -> (artifact id: '8c2c78dea40dd82f3a573e8caffab210') in 0.200765 seconds
Number of updated asset objects reloaded before import = 0Number of asset objects unloaded after import = 1323

========================================================================
Received Import Request.
  Time since last request: 0.715580 seconds.
  path: Assets/Cars/mclaren_old.prefab
  artifactKey: Guid(dfe28870a00e345418c61fae01f272b4) Importer(2089858483,192608db42251d675da83286b1cce702)
Start importing Assets/Cars/mclaren_old.prefab using Guid(dfe28870a00e345418c61fae01f272b4) Importer(2089858483,192608db42251d675da83286b1cce702) (ScriptedImporter) -> (artifact id: '89614b9acb2880575ad7e8272953edf8') in 0.1569574 seconds
Number of updated asset objects reloaded before import = 0Number of asset objects unloaded after import = 1291

========================================================================
Received Import Request.
  Time since last request: 0.748604 seconds.
  path: Assets/Cars/williams_old.prefab
  artifactKey: Guid(09d0729634a6c5c4c923d9b6d26056b5) Importer(815301076,1909f56bfc062723c751e8b465ee728b)
Start importing Assets/Cars/williams_old.prefab using Guid(09d0729634a6c5c4c923d9b6d26056b5) Importer(815301076,1909f56bfc062723c751e8b465ee728b) (PreviewImporter) -> (artifact id: '14f9d6e22dceed7c79a810a7f0748ac3') in 0.1658291 seconds
Number of updated asset objects reloaded before import = 0Number of asset objects unloaded after import = 1323

========================================================================
Received Import Request.
  Time since last request: 1.565908 seconds.
  path: Assets/Cars/mclaren_old.prefab
  artifactKey: Guid(dfe28870a00e345418c61fae01f272b4) Importer(2089858483,192608db42251d675da83286b1cce702)
Start importing Assets/Cars/mclaren_old.prefab using Guid(dfe28870a00e345418c61fae01f272b4) Importer(2089858483,192608db42251d675da83286b1cce702) (ScriptedImporter) -> (artifact id: 'f96035ac8d26910fe55ff2f887665bc5') in 0.1575805 seconds
Number of updated asset objects reloaded before import = 0Number of asset objects unloaded after import = 1291

========================================================================
Received Import Request.
  Time since last request: 1.191531 seconds.
  path: Assets/Cars/williams_old.prefab
  artifactKey: Guid(09d0729634a6c5c4c923d9b6d26056b5) Importer(815301076,1909f56bfc062723c751e8b465ee728b)
Start importing Assets/Cars/williams_old.prefab using Guid(09d0729634a6c5c4c923d9b6d26056b5) Importer(815301076,1909f56bfc062723c751e8b465ee728b) (PreviewImporter) -> (artifact id: 'c5d4145e06bd9a1d75e19036511d9786') in 0.1669277 seconds
Number of updated asset objects reloaded before import = 0Number of asset objects unloaded after import = 1323

========================================================================
Received Import Request.
  Time since last request: 0.920675 seconds.
  path: Assets/Cars/mclaren_old.prefab
  artifactKey: Guid(dfe28870a00e345418c61fae01f272b4) Importer(2089858483,192608db42251d675da83286b1cce702)
Start importing Assets/Cars/mclaren_old.prefab using Guid(dfe28870a00e345418c61fae01f272b4) Importer(2089858483,192608db42251d675da83286b1cce702) (ScriptedImporter) -> (artifact id: 'dbc22c4fa0b0980c55a781c8040d31ae') in 0.1385709 seconds
Number of updated asset objects reloaded before import = 0Number of asset objects unloaded after import = 1291

========================================================================
Received Import Request.
  Time since last request: 1.547878 seconds.
  path: Assets/Cars/williams_old.prefab
  artifactKey: Guid(09d0729634a6c5c4c923d9b6d26056b5) Importer(815301076,1909f56bfc062723c751e8b465ee728b)
Start importing Assets/Cars/williams_old.prefab using Guid(09d0729634a6c5c4c923d9b6d26056b5) Importer(815301076,1909f56bfc062723c751e8b465ee728b) (PreviewImporter) -> (artifact id: 'e08bf38da8c5af7c813934c9caf2c5da') in 0.1656041 seconds
Number of updated asset objects reloaded before import = 0Number of asset objects unloaded after import = 1323

========================================================================
Received Import Request.
  Time since last request: 0.844926 seconds.
  path: Assets/Cars/mclaren_old.prefab
  artifactKey: Guid(dfe28870a00e345418c61fae01f272b4) Importer(2089858483,192608db42251d675da83286b1cce702)
Start importing Assets/Cars/mclaren_old.prefab using Guid(dfe28870a00e345418c61fae01f272b4) Importer(2089858483,192608db42251d675da83286b1cce702) (ScriptedImporter) -> (artifact id: 'e137efe48b1fc0de341b86984f3dcd63') in 0.1514223 seconds
Number of updated asset objects reloaded before import = 0Number of asset objects unloaded after import = 1291

========================================================================
Received Import Request.
  Time since last request: 1.470796 seconds.
  path: Assets/Cars/williams_old.prefab
  artifactKey: Guid(09d0729634a6c5c4c923d9b6d26056b5) Importer(815301076,1909f56bfc062723c751e8b465ee728b)
Start importing Assets/Cars/williams_old.prefab using Guid(09d0729634a6c5c4c923d9b6d26056b5) Importer(815301076,1909f56bfc062723c751e8b465ee728b) (PreviewImporter) -> (artifact id: 'f4fb65a0e20e27094c16cee0c9d31ae9') in 0.1598989 seconds
Number of updated asset objects reloaded before import = 0Number of asset objects unloaded after import = 1323

========================================================================
Received Import Request.
  Time since last request: 0.714117 seconds.
  path: Assets/Cars/mclaren_old.prefab
  artifactKey: Guid(dfe28870a00e345418c61fae01f272b4) Importer(2089858483,192608db42251d675da83286b1cce702)
Start importing Assets/Cars/mclaren_old.prefab using Guid(dfe28870a00e345418c61fae01f272b4) Importer(2089858483,192608db42251d675da83286b1cce702) (ScriptedImporter) -> (artifact id: 'b082957714e139ae84290c6a96d1760b') in 0.1576206 seconds
Number of updated asset objects reloaded before import = 0Number of asset objects unloaded after import = 1291

========================================================================
Received Import Request.
  Time since last request: 1.727642 seconds.
  path: Assets/Cars/williams_old.prefab
  artifactKey: Guid(09d0729634a6c5c4c923d9b6d26056b5) Importer(815301076,1909f56bfc062723c751e8b465ee728b)
Start importing Assets/Cars/williams_old.prefab using Guid(09d0729634a6c5c4c923d9b6d26056b5) Importer(815301076,1909f56bfc062723c751e8b465ee728b) (PreviewImporter) -> (artifact id: '30554e7adec1e5961e1a432c215bc5e0') in 0.1529728 seconds
Number of updated asset objects reloaded before import = 0Number of asset objects unloaded after import = 1323

========================================================================
Received Import Request.
  Time since last request: 0.714631 seconds.
  path: Assets/Cars/mclaren_old.prefab
  artifactKey: Guid(dfe28870a00e345418c61fae01f272b4) Importer(2089858483,192608db42251d675da83286b1cce702)
Start importing Assets/Cars/mclaren_old.prefab using Guid(dfe28870a00e345418c61fae01f272b4) Importer(2089858483,192608db42251d675da83286b1cce702) (ScriptedImporter) -> (artifact id: '4e980b2e1001d489a6b038729405b423') in 0.1279569 seconds
Number of updated asset objects reloaded before import = 0Number of asset objects unloaded after import = 1291

========================================================================
Received Import Request.
  Time since last request: 2.616767 seconds.
  path: Assets/Cars/williams_old.prefab
  artifactKey: Guid(09d0729634a6c5c4c923d9b6d26056b5) Importer(815301076,1909f56bfc062723c751e8b465ee728b)
Start importing Assets/Cars/williams_old.prefab using Guid(09d0729634a6c5c4c923d9b6d26056b5) Importer(815301076,1909f56bfc062723c751e8b465ee728b) (PreviewImporter) -> (artifact id: 'b83c4e831429bd527c79102aeb539fdd') in 0.1473096 seconds
Number of updated asset objects reloaded before import = 0Number of asset objects unloaded after import = 1323

========================================================================
Received Import Request.
  Time since last request: 0.776683 seconds.
  path: Assets/Cars/mclaren_old.prefab
  artifactKey: Guid(dfe28870a00e345418c61fae01f272b4) Importer(2089858483,192608db42251d675da83286b1cce702)
Start importing Assets/Cars/mclaren_old.prefab using Guid(dfe28870a00e345418c61fae01f272b4) Importer(2089858483,192608db42251d675da83286b1cce702) (ScriptedImporter) -> (artifact id: 'a12aa60f46231ee3976e0ba63a399c77') in 0.1235276 seconds
Number of updated asset objects reloaded before import = 0Number of asset objects unloaded after import = 1291

========================================================================
Received Import Request.
  Time since last request: 5.882363 seconds.
  path: Assets/Cars/williams_old.prefab
  artifactKey: Guid(09d0729634a6c5c4c923d9b6d26056b5) Importer(815301076,1909f56bfc062723c751e8b465ee728b)
Start importing Assets/Cars/williams_old.prefab using Guid(09d0729634a6c5c4c923d9b6d26056b5) Importer(815301076,1909f56bfc062723c751e8b465ee728b) (PreviewImporter) -> (artifact id: '67fe1c8aff5c0f2aaaa8db1ea1be3865') in 0.1308132 seconds
Number of updated asset objects reloaded before import = 0Number of asset objects unloaded after import = 1323

========================================================================
Received Import Request.
  Time since last request: 0.769169 seconds.
  path: Assets/Cars/mclaren_old.prefab
  artifactKey: Guid(dfe28870a00e345418c61fae01f272b4) Importer(2089858483,192608db42251d675da83286b1cce702)
Start importing Assets/Cars/mclaren_old.prefab using Guid(dfe28870a00e345418c61fae01f272b4) Importer(2089858483,192608db42251d675da83286b1cce702) (ScriptedImporter) -> (artifact id: '667d9b359b07ff0b380db8575d4d0489') in 0.1264511 seconds
Number of updated asset objects reloaded before import = 0Number of asset objects unloaded after import = 1291

========================================================================
Received Import Request.
  Time since last request: 1.142489 seconds.
  path: Assets/Cars/williams_old.prefab
  artifactKey: Guid(09d0729634a6c5c4c923d9b6d26056b5) Importer(815301076,1909f56bfc062723c751e8b465ee728b)
Start importing Assets/Cars/williams_old.prefab using Guid(09d0729634a6c5c4c923d9b6d26056b5) Importer(815301076,1909f56bfc062723c751e8b465ee728b) (PreviewImporter) -> (artifact id: 'a17892b76896eb8071d3c67a1a49a4ff') in 0.144156 seconds
Number of updated asset objects reloaded before import = 0Number of asset objects unloaded after import = 1323

========================================================================
Received Import Request.
  Time since last request: 0.742751 seconds.
  path: Assets/Cars/mclaren_old.prefab
  artifactKey: Guid(dfe28870a00e345418c61fae01f272b4) Importer(2089858483,192608db42251d675da83286b1cce702)
Start importing Assets/Cars/mclaren_old.prefab using Guid(dfe28870a00e345418c61fae01f272b4) Importer(2089858483,192608db42251d675da83286b1cce702) (ScriptedImporter) -> (artifact id: '9d852bfb3a9357a064e6d602e8492c8f') in 0.1225771 seconds
Number of updated asset objects reloaded before import = 0Number of asset objects unloaded after import = 1291

========================================================================
Received Import Request.
  Time since last request: 3.338013 seconds.
  path: Assets/Cars/williams_old.prefab
  artifactKey: Guid(09d0729634a6c5c4c923d9b6d26056b5) Importer(815301076,1909f56bfc062723c751e8b465ee728b)
Start importing Assets/Cars/williams_old.prefab using Guid(09d0729634a6c5c4c923d9b6d26056b5) Importer(815301076,1909f56bfc062723c751e8b465ee728b) (PreviewImporter) -> (artifact id: '28bf31480375eedfeb4b8233c8763a9f') in 0.1609032 seconds
Number of updated asset objects reloaded before import = 0Number of asset objects unloaded after import = 1323

========================================================================
Received Import Request.
  Time since last request: 0.778896 seconds.
  path: Assets/Cars/mclaren_old.prefab
  artifactKey: Guid(dfe28870a00e345418c61fae01f272b4) Importer(2089858483,192608db42251d675da83286b1cce702)
Start importing Assets/Cars/mclaren_old.prefab using Guid(dfe28870a00e345418c61fae01f272b4) Importer(2089858483,192608db42251d675da83286b1cce702) (ScriptedImporter) -> (artifact id: 'b362dcf1150a15ec3a6db6021fab1a11') in 0.1284888 seconds
Number of updated asset objects reloaded before import = 0Number of asset objects unloaded after import = 1291

========================================================================
Received Import Request.
  Time since last request: 1.640411 seconds.
  path: Assets/Cars/williams_old.prefab
  artifactKey: Guid(09d0729634a6c5c4c923d9b6d26056b5) Importer(815301076,1909f56bfc062723c751e8b465ee728b)
Start importing Assets/Cars/williams_old.prefab using Guid(09d0729634a6c5c4c923d9b6d26056b5) Importer(815301076,1909f56bfc062723c751e8b465ee728b) (PreviewImporter) -> (artifact id: '1ccb6b0abcc88e97e1d4376a041e75c4') in 0.1577499 seconds
Number of updated asset objects reloaded before import = 0Number of asset objects unloaded after import = 1323

========================================================================
Received Import Request.
  Time since last request: 0.711032 seconds.
  path: Assets/Cars/mclaren_old.prefab
  artifactKey: Guid(dfe28870a00e345418c61fae01f272b4) Importer(2089858483,192608db42251d675da83286b1cce702)
Start importing Assets/Cars/mclaren_old.prefab using Guid(dfe28870a00e345418c61fae01f272b4) Importer(2089858483,192608db42251d675da83286b1cce702) (ScriptedImporter) -> (artifact id: '8442e02c15ee1ebd8ad68230198dc35e') in 0.1192216 seconds
Number of updated asset objects reloaded before import = 0Number of asset objects unloaded after import = 1291

========================================================================
Received Import Request.
  Time since last request: 1.218770 seconds.
  path: Assets/Cars/williams_old.prefab
  artifactKey: Guid(09d0729634a6c5c4c923d9b6d26056b5) Importer(815301076,1909f56bfc062723c751e8b465ee728b)
Start importing Assets/Cars/williams_old.prefab using Guid(09d0729634a6c5c4c923d9b6d26056b5) Importer(815301076,1909f56bfc062723c751e8b465ee728b) (PreviewImporter) -> (artifact id: 'ba0c71cd2156d454b9941d4894eb1cd5') in 0.143846 seconds
Number of updated asset objects reloaded before import = 0Number of asset objects unloaded after import = 1323

========================================================================
Received Import Request.
  Time since last request: 0.939112 seconds.
  path: Assets/Cars/mclaren_old.prefab
  artifactKey: Guid(dfe28870a00e345418c61fae01f272b4) Importer(2089858483,192608db42251d675da83286b1cce702)
Start importing Assets/Cars/mclaren_old.prefab using Guid(dfe28870a00e345418c61fae01f272b4) Importer(2089858483,192608db42251d675da83286b1cce702) (ScriptedImporter) -> (artifact id: '3aa1da550dc5bbd72fdf33c2feb6a2cd') in 0.1368195 seconds
Number of updated asset objects reloaded before import = 0Number of asset objects unloaded after import = 1291

========================================================================
Received Import Request.
  Time since last request: 6.028452 seconds.
  path: Assets/Cars/williams_old.prefab
  artifactKey: Guid(09d0729634a6c5c4c923d9b6d26056b5) Importer(815301076,1909f56bfc062723c751e8b465ee728b)
Start importing Assets/Cars/williams_old.prefab using Guid(09d0729634a6c5c4c923d9b6d26056b5) Importer(815301076,1909f56bfc062723c751e8b465ee728b) (PreviewImporter) -> (artifact id: '4eec4954be359cc2f5d1a6116de90afa') in 0.1227668 seconds
Number of updated asset objects reloaded before import = 0Number of asset objects unloaded after import = 1318

========================================================================
Received Import Request.
  Time since last request: 0.791339 seconds.
  path: Assets/Cars/mclaren_old.prefab
  artifactKey: Guid(dfe28870a00e345418c61fae01f272b4) Importer(2089858483,192608db42251d675da83286b1cce702)
Start importing Assets/Cars/mclaren_old.prefab using Guid(dfe28870a00e345418c61fae01f272b4) Importer(2089858483,192608db42251d675da83286b1cce702) (ScriptedImporter) -> (artifact id: 'd7ae4ab0afe5ea448ef02ccf5474511c') in 0.1095951 seconds
Number of updated asset objects reloaded before import = 0Number of asset objects unloaded after import = 1286

========================================================================
Received Import Request.
  Time since last request: 6.892226 seconds.
  path: Assets/Cars/ferrari_old.prefab
  artifactKey: Guid(ca61dfd311870ba468dba5c1c0c17d09) Importer(815301076,1909f56bfc062723c751e8b465ee728b)
Start importing Assets/Cars/ferrari_old.prefab using Guid(ca61dfd311870ba468dba5c1c0c17d09) Importer(815301076,1909f56bfc062723c751e8b465ee728b) (PreviewImporter) -> (artifact id: '901606e0c9140f524e7299af45d32662') in 0.141405 seconds
Number of updated asset objects reloaded before import = 0Number of asset objects unloaded after import = 1315

========================================================================
Received Import Request.
  Time since last request: 60.043242 seconds.
  path: Assets/Cars/mclaren_old.prefab
  artifactKey: Guid(dfe28870a00e345418c61fae01f272b4) Importer(815301076,1909f56bfc062723c751e8b465ee728b)
Start importing Assets/Cars/mclaren_old.prefab using Guid(dfe28870a00e345418c61fae01f272b4) Importer(815301076,1909f56bfc062723c751e8b465ee728b) (PreviewImporter) -> (artifact id: 'cfa5a86409971c53cf7842ffe26337e1') in 0.106476 seconds
Number of updated asset objects reloaded before import = 0Number of asset objects unloaded after import = 1318

========================================================================
Received Import Request.
  Time since last request: 0.029753 seconds.
  path: Assets/Cars/williams_old.prefab
  artifactKey: Guid(09d0729634a6c5c4c923d9b6d26056b5) Importer(815301076,1909f56bfc062723c751e8b465ee728b)
Start importing Assets/Cars/williams_old.prefab using Guid(09d0729634a6c5c4c923d9b6d26056b5) Importer(815301076,1909f56bfc062723c751e8b465ee728b) (PreviewImporter) -> (artifact id: 'f99e8268f6a31d74dd97e0a3a0981b85') in 0.1150444 seconds
Number of updated asset objects reloaded before import = 0Number of asset objects unloaded after import = 1318

========================================================================
Received Import Request.
  Time since last request: 0.222471 seconds.
  path: Assets/Cars/ferrari_old.prefab
  artifactKey: Guid(ca61dfd311870ba468dba5c1c0c17d09) Importer(815301076,1909f56bfc062723c751e8b465ee728b)
Start importing Assets/Cars/ferrari_old.prefab using Guid(ca61dfd311870ba468dba5c1c0c17d09) Importer(815301076,1909f56bfc062723c751e8b465ee728b) (PreviewImporter) -> (artifact id: 'e7a2fc46c1748b4db35735f82402df0d') in 0.1221271 seconds
Number of updated asset objects reloaded before import = 0Number of asset objects unloaded after import = 1315

========================================================================
Received Import Request.
  Time since last request: 0.761920 seconds.
  path: Assets/Cars/mclaren_old.prefab
  artifactKey: Guid(dfe28870a00e345418c61fae01f272b4) Importer(2089858483,192608db42251d675da83286b1cce702)
Start importing Assets/Cars/mclaren_old.prefab using Guid(dfe28870a00e345418c61fae01f272b4) Importer(2089858483,192608db42251d675da83286b1cce702) (ScriptedImporter) -> (artifact id: '7604ac47435a4c294c8d0c3d85c3a89c') in 0.1004705 seconds
Number of updated asset objects reloaded before import = 0Number of asset objects unloaded after import = 1286

========================================================================
Received Import Request.
  Time since last request: 0.000029 seconds.
  path: Assets/Cars/ferrari_old.prefab
  artifactKey: Guid(ca61dfd311870ba468dba5c1c0c17d09) Importer(2089858483,192608db42251d675da83286b1cce702)
Start importing Assets/Cars/ferrari_old.prefab using Guid(ca61dfd311870ba468dba5c1c0c17d09) Importer(2089858483,192608db42251d675da83286b1cce702) (ScriptedImporter) -> (artifact id: '1c8e31dfc69bfb3359715b5a44d180d8') in 0.1078778 seconds
Number of updated asset objects reloaded before import = 0Number of asset objects unloaded after import = 1286

========================================================================
Received Import Request.
  Time since last request: 2.862376 seconds.
  path: Assets/Cars/mclaren_old.prefab
  artifactKey: Guid(dfe28870a00e345418c61fae01f272b4) Importer(815301076,1909f56bfc062723c751e8b465ee728b)
Start importing Assets/Cars/mclaren_old.prefab using Guid(dfe28870a00e345418c61fae01f272b4) Importer(815301076,1909f56bfc062723c751e8b465ee728b) (PreviewImporter) -> (artifact id: '0f321b29ccaa98df1d2134ee182ba2ba') in 0.1205587 seconds
Number of updated asset objects reloaded before import = 0Number of asset objects unloaded after import = 1318

========================================================================
Received Import Request.
  Time since last request: 0.022339 seconds.
  path: Assets/Cars/williams_old.prefab
  artifactKey: Guid(09d0729634a6c5c4c923d9b6d26056b5) Importer(815301076,1909f56bfc062723c751e8b465ee728b)
Start importing Assets/Cars/williams_old.prefab using Guid(09d0729634a6c5c4c923d9b6d26056b5) Importer(815301076,1909f56bfc062723c751e8b465ee728b) (PreviewImporter) -> (artifact id: '00000000000000000000000000000000') in 0.1285834 seconds
Import Error Code:(4)
Message: Build asset version error: assets/cars/williams_old.prefab in SourceAssetDB has modification time of '2025-12-04T18:34:15.1694108Z' while content on disk has modification time of '2025-12-04T18:34:15.5877561Z'
  ERROR: Build asset version error: assets/cars/williams_old.prefab in SourceAssetDB has modification time of '2025-12-04T18:34:15.1694108Z' while content on disk has modification time of '2025-12-04T18:34:15.5877561Z'
Number of updated asset objects reloaded before import = 0Number of asset objects unloaded after import = 707

========================================================================
Received Import Request.
  Time since last request: 0.056894 seconds.
  path: Assets/Cars/williams_old.prefab
  artifactKey: Guid(09d0729634a6c5c4c923d9b6d26056b5) Importer(815301076,1909f56bfc062723c751e8b465ee728b)
Start importing Assets/Cars/williams_old.prefab using Guid(09d0729634a6c5c4c923d9b6d26056b5) Importer(815301076,1909f56bfc062723c751e8b465ee728b) (PreviewImporter) -> (artifact id: 'aafb02e4f278b168f071df9293868a54') in 0.1575117 seconds
Number of updated asset objects reloaded before import = 0Number of asset objects unloaded after import = 1318

========================================================================
Received Import Request.
  Time since last request: 0.579935 seconds.
  path: Assets/Cars/mclaren_old.prefab
  artifactKey: Guid(dfe28870a00e345418c61fae01f272b4) Importer(2089858483,192608db42251d675da83286b1cce702)
Start importing Assets/Cars/mclaren_old.prefab using Guid(dfe28870a00e345418c61fae01f272b4) Importer(2089858483,192608db42251d675da83286b1cce702) (ScriptedImporter) -> (artifact id: 'e0db10b9d1120f0bfbff8416e3b61198') in 0.1032266 seconds
Number of updated asset objects reloaded before import = 0Number of asset objects unloaded after import = 1286

========================================================================
Received Import Request.
  Time since last request: 0.000039 seconds.
  path: Assets/Cars/ferrari_old.prefab
  artifactKey: Guid(ca61dfd311870ba468dba5c1c0c17d09) Importer(2089858483,192608db42251d675da83286b1cce702)
Start importing Assets/Cars/ferrari_old.prefab using Guid(ca61dfd311870ba468dba5c1c0c17d09) Importer(2089858483,192608db42251d675da83286b1cce702) (ScriptedImporter) -> (artifact id: 'dda848812e1235816d0f6e34a5c9f6e8') in 0.0949568 seconds
Number of updated asset objects reloaded before import = 0Number of asset objects unloaded after import = 1286

========================================================================
Received Import Request.
  Time since last request: 28.994557 seconds.
  path: Assets/Scenes/Hungaroring.unity
  artifactKey: Guid(98ccc901fc3183249af0cab076570493) Importer(2089858483,192608db42251d675da83286b1cce702)
Start importing Assets/Scenes/Hungaroring.unity using Guid(98ccc901fc3183249af0cab076570493) Importer(2089858483,192608db42251d675da83286b1cce702) (ScriptedImporter) -> (artifact id: 'fc3ee126f00bc9b61fc0f15bf96e904f') in 0.0351761 seconds
Number of updated asset objects reloaded before import = 0Number of asset objects unloaded after import = 1

========================================================================
Received Import Request.
  Time since last request: 36.987906 seconds.
  path: Assets/Scenes/Hungaroring.unity
  artifactKey: Guid(98ccc901fc3183249af0cab076570493) Importer(2089858483,192608db42251d675da83286b1cce702)
Start importing Assets/Scenes/Hungaroring.unity using Guid(98ccc901fc3183249af0cab076570493) Importer(2089858483,192608db42251d675da83286b1cce702) (ScriptedImporter) -> (artifact id: '6a7d168efbfc55dd7bca6435306d02ef') in 0.0276428 seconds
Number of updated asset objects reloaded before import = 0Number of asset objects unloaded after import = 1

========================================================================
Received Import Request.
  Time since last request: 70.104211 seconds.
  path: Assets/Scenes/Hungaroring.unity
  artifactKey: Guid(98ccc901fc3183249af0cab076570493) Importer(2089858483,192608db42251d675da83286b1cce702)
Start importing Assets/Scenes/Hungaroring.unity using Guid(98ccc901fc3183249af0cab076570493) Importer(2089858483,192608db42251d675da83286b1cce702) (ScriptedImporter) -> (artifact id: '77c296f056a7442b544a97c6bae50572') in 0.0294854 seconds
Number of updated asset objects reloaded before import = 0Number of asset objects unloaded after import = 1

========================================================================
Received Prepare
Begin MonoManager ReloadAssembly
[Licensing::Client] Successfully resolved entitlement details
Symbol file LoadedFromMemory is not a mono symbol file
- Loaded All Assemblies, in  1.975 seconds
Refreshing native plugins compatible for Editor in 1.90 ms, found 3 plugins.
Native extension for WindowsStandalone target not found
[Package Manager] Failed to launch server process. Reason: Unity was launched with the -noUpm command-line argument
[Package Manager] Unable to send message (not connected to server process).
[Package Manager] Cannot connect to Unity Package Manager local server
[Package Manager] Failed to launch server process. Reason: Unity was launched with the -noUpm command-line argument
[Package Manager] Unable to send message (not connected to server process).
[Package Manager] Cannot connect to Unity Package Manager local server
Mono: successfully reloaded assembly
- Finished resetting the current domain, in  1.389 seconds
Domain Reload Profiling: 3361ms
	BeginReloadAssembly (547ms)
		ExecutionOrderSort (0ms)
		DisableScriptedObjects (19ms)
		BackupInstance (0ms)
		ReleaseScriptingObjects (0ms)
		CreateAndSetChildDomain (166ms)
	RebuildCommonClasses (100ms)
	RebuildNativeTypeToScriptingClass (37ms)
	initialDomainReloadingComplete (76ms)
	LoadAllAssembliesAndSetupDomain (1212ms)
		LoadAssemblies (892ms)
		RebuildTransferFunctionScriptingTraits (0ms)
		AnalyzeDomain (574ms)
			TypeCache.Refresh (14ms)
				TypeCache.ScanAssembly (0ms)
			BuildScriptInfoCaches (529ms)
			ResolveRequiredComponents (15ms)
	FinalizeReload (1390ms)
		ReleaseScriptCaches (0ms)
		RebuildScriptCaches (0ms)
		SetupLoadedEditorAssemblies (1146ms)
			LogAssemblyErrors (0ms)
			InitializePlatformSupportModulesInManaged (3ms)
			SetLoadedEditorAssemblies (13ms)
			BeforeProcessingInitializeOnLoad (308ms)
			ProcessInitializeOnLoadAttributes (685ms)
			ProcessInitializeOnLoadMethodAttributes (126ms)
			AfterProcessingInitializeOnLoad (11ms)
			EditorAssembliesLoaded (0ms)
		ExecutionOrderSort2 (0ms)
		AwakeInstancesAfterBackupRestoration (22ms)
Refreshing native plugins compatible for Editor in 2.48 ms, found 3 plugins.
Preloading 0 native plugins for Editor in 0.00 ms.
Unloading 0 Unused Serialized files (Serialized files now loaded: 0)
Unloading 4242 unused Assets / (1.3 MB). Loaded Objects now: 4817.
Memory consumption went from 101.6 MB to 100.3 MB.
Total: 11.882500 ms (FindLiveObjects: 0.811200 ms CreateObjectMapping: 0.956000 ms MarkObjects: 7.832500 ms  DeleteObjects: 2.281400 ms)

Prepare: number of updated asset objects reloaded= 0
========================================================================
Received Import Request.
  Time since last request: 60.357152 seconds.
  path: Assets/Cars/williams_old.prefab
  artifactKey: Guid(09d0729634a6c5c4c923d9b6d26056b5) Importer(815301076,1909f56bfc062723c751e8b465ee728b)
Start importing Assets/Cars/williams_old.prefab using Guid(09d0729634a6c5c4c923d9b6d26056b5) Importer(815301076,1909f56bfc062723c751e8b465ee728b) (PreviewImporter) -> (artifact id: 'fa755591768fa50ced7f3ae5a4a7fc1f') in 0.3098578 seconds
Number of updated asset objects reloaded before import = 0Number of asset objects unloaded after import = 1318

========================================================================
Received Import Request.
  Time since last request: 0.000032 seconds.
  path: Assets/Cars/mclaren_old.prefab
  artifactKey: Guid(dfe28870a00e345418c61fae01f272b4) Importer(815301076,1909f56bfc062723c751e8b465ee728b)
Start importing Assets/Cars/mclaren_old.prefab using Guid(dfe28870a00e345418c61fae01f272b4) Importer(815301076,1909f56bfc062723c751e8b465ee728b) (PreviewImporter) -> (artifact id: 'f1f6cce9a82232a7df3e1755879a4505') in 0.1156705 seconds
Number of updated asset objects reloaded before import = 0Number of asset objects unloaded after import = 1318

========================================================================
Received Import Request.
  Time since last request: 6.230704 seconds.
  path: Assets/Cars/mclaren_old.prefab
  artifactKey: Guid(dfe28870a00e345418c61fae01f272b4) Importer(815301076,1909f56bfc062723c751e8b465ee728b)
Start importing Assets/Cars/mclaren_old.prefab using Guid(dfe28870a00e345418c61fae01f272b4) Importer(815301076,1909f56bfc062723c751e8b465ee728b) (PreviewImporter) -> (artifact id: 'afa746d370e1e74fe834f38f558c3e65') in 0.1060822 seconds
Number of updated asset objects reloaded before import = 0Number of asset objects unloaded after import = 1318

========================================================================
Received Import Request.
  Time since last request: 0.021207 seconds.
  path: Assets/Cars/williams_old.prefab
  artifactKey: Guid(09d0729634a6c5c4c923d9b6d26056b5) Importer(815301076,1909f56bfc062723c751e8b465ee728b)
Start importing Assets/Cars/williams_old.prefab using Guid(09d0729634a6c5c4c923d9b6d26056b5) Importer(815301076,1909f56bfc062723c751e8b465ee728b) (PreviewImporter) -> (artifact id: '0d4aec1b9b4f4309a43100ea16f382a5') in 0.0993921 seconds
Number of updated asset objects reloaded before import = 0Number of asset objects unloaded after import = 1318

========================================================================
Received Import Request.
  Time since last request: 0.087653 seconds.
  path: Assets/Cars/ferrari_old.prefab
  artifactKey: Guid(ca61dfd311870ba468dba5c1c0c17d09) Importer(815301076,1909f56bfc062723c751e8b465ee728b)
Start importing Assets/Cars/ferrari_old.prefab using Guid(ca61dfd311870ba468dba5c1c0c17d09) Importer(815301076,1909f56bfc062723c751e8b465ee728b) (PreviewImporter) -> (artifact id: 'ef8158015a14d5894b75e982466780df') in 0.1050695 seconds
Number of updated asset objects reloaded before import = 0Number of asset objects unloaded after import = 1315

========================================================================
Received Prepare
Begin MonoManager ReloadAssembly
[Licensing::Client] Successfully resolved entitlement details
Symbol file LoadedFromMemory is not a mono symbol file
- Loaded All Assemblies, in  1.343 seconds
Refreshing native plugins compatible for Editor in 1.54 ms, found 3 plugins.
Native extension for WindowsStandalone target not found
[Package Manager] Failed to launch server process. Reason: Unity was launched with the -noUpm command-line argument
[Package Manager] Unable to send message (not connected to server process).
[Package Manager] Cannot connect to Unity Package Manager local server
[Package Manager] Failed to launch server process. Reason: Unity was launched with the -noUpm command-line argument
[Package Manager] Unable to send message (not connected to server process).
[Package Manager] Cannot connect to Unity Package Manager local server
Mono: successfully reloaded assembly
- Finished resetting the current domain, in  0.970 seconds
Domain Reload Profiling: 2311ms
	BeginReloadAssembly (358ms)
		ExecutionOrderSort (0ms)
		DisableScriptedObjects (19ms)
		BackupInstance (0ms)
		ReleaseScriptingObjects (0ms)
		CreateAndSetChildDomain (91ms)
	RebuildCommonClasses (60ms)
	RebuildNativeTypeToScriptingClass (22ms)
	initialDomainReloadingComplete (46ms)
	LoadAllAssembliesAndSetupDomain (855ms)
		LoadAssemblies (596ms)
		RebuildTransferFunctionScriptingTraits (0ms)
		AnalyzeDomain (415ms)
			TypeCache.Refresh (15ms)
				TypeCache.ScanAssembly (0ms)
			BuildScriptInfoCaches (378ms)
			ResolveRequiredComponents (9ms)
	FinalizeReload (971ms)
		ReleaseScriptCaches (0ms)
		RebuildScriptCaches (0ms)
		SetupLoadedEditorAssemblies (776ms)
			LogAssemblyErrors (0ms)
			InitializePlatformSupportModulesInManaged (2ms)
			SetLoadedEditorAssemblies (9ms)
			BeforeProcessingInitializeOnLoad (216ms)
			ProcessInitializeOnLoadAttributes (467ms)
			ProcessInitializeOnLoadMethodAttributes (70ms)
			AfterProcessingInitializeOnLoad (12ms)
			EditorAssembliesLoaded (0ms)
		ExecutionOrderSort2 (0ms)
		AwakeInstancesAfterBackupRestoration (19ms)
Refreshing native plugins compatible for Editor in 1.66 ms, found 3 plugins.
Preloading 0 native plugins for Editor in 0.00 ms.
Unloading 0 Unused Serialized files (Serialized files now loaded: 0)
Unloading 4242 unused Assets / (1.0 MB). Loaded Objects now: 4819.
Memory consumption went from 101.7 MB to 100.6 MB.
Total: 12.705900 ms (FindLiveObjects: 0.725400 ms CreateObjectMapping: 0.832800 ms MarkObjects: 9.333100 ms  DeleteObjects: 1.812800 ms)

Prepare: number of updated asset objects reloaded= 0
========================================================================
Received Prepare
Begin MonoManager ReloadAssembly
[Licensing::Client] Successfully resolved entitlement details
Symbol file LoadedFromMemory is not a mono symbol file
- Loaded All Assemblies, in  1.350 seconds
Refreshing native plugins compatible for Editor in 1.75 ms, found 3 plugins.
Native extension for WindowsStandalone target not found
[Package Manager] Failed to launch server process. Reason: Unity was launched with the -noUpm command-line argument
[Package Manager] Unable to send message (not connected to server process).
[Package Manager] Cannot connect to Unity Package Manager local server
[Package Manager] Failed to launch server process. Reason: Unity was launched with the -noUpm command-line argument
[Package Manager] Unable to send message (not connected to server process).
[Package Manager] Cannot connect to Unity Package Manager local server
Mono: successfully reloaded assembly
- Finished resetting the current domain, in  1.200 seconds
Domain Reload Profiling: 2547ms
	BeginReloadAssembly (367ms)
		ExecutionOrderSort (0ms)
		DisableScriptedObjects (16ms)
		BackupInstance (0ms)
		ReleaseScriptingObjects (0ms)
		CreateAndSetChildDomain (89ms)
	RebuildCommonClasses (59ms)
	RebuildNativeTypeToScriptingClass (20ms)
	initialDomainReloadingComplete (47ms)
	LoadAllAssembliesAndSetupDomain (854ms)
		LoadAssemblies (628ms)
		RebuildTransferFunctionScriptingTraits (0ms)
		AnalyzeDomain (393ms)
			TypeCache.Refresh (11ms)
				TypeCache.ScanAssembly (0ms)
			BuildScriptInfoCaches (366ms)
			ResolveRequiredComponents (8ms)
	FinalizeReload (1201ms)
		ReleaseScriptCaches (0ms)
		RebuildScriptCaches (0ms)
		SetupLoadedEditorAssemblies (996ms)
			LogAssemblyErrors (0ms)
			InitializePlatformSupportModulesInManaged (4ms)
			SetLoadedEditorAssemblies (11ms)
			BeforeProcessingInitializeOnLoad (266ms)
			ProcessInitializeOnLoadAttributes (614ms)
			ProcessInitializeOnLoadMethodAttributes (90ms)
			AfterProcessingInitializeOnLoad (11ms)
			EditorAssembliesLoaded (0ms)
		ExecutionOrderSort2 (0ms)
		AwakeInstancesAfterBackupRestoration (18ms)
Refreshing native plugins compatible for Editor in 1.85 ms, found 3 plugins.
Preloading 0 native plugins for Editor in 0.00 ms.
Unloading 0 Unused Serialized files (Serialized files now loaded: 0)
Unloading 4242 unused Assets / (1.4 MB). Loaded Objects now: 4821.
Memory consumption went from 101.7 MB to 100.3 MB.
Total: 9.499200 ms (FindLiveObjects: 0.647200 ms CreateObjectMapping: 0.777000 ms MarkObjects: 5.912600 ms  DeleteObjects: 2.161300 ms)

Prepare: number of updated asset objects reloaded= 0
========================================================================
Received Import Request.
  Time since last request: 257.794125 seconds.
  path: Assets/Scripts
  artifactKey: Guid(88f43dade4843c94d911ef6ba7136982) Importer(815301076,1909f56bfc062723c751e8b465ee728b)
Start importing Assets/Scripts using Guid(88f43dade4843c94d911ef6ba7136982) Importer(815301076,1909f56bfc062723c751e8b465ee728b) (PreviewImporter) -> (artifact id: 'e5637c4741c168c560980007afc64bea') in 0.0040091 seconds
Number of updated asset objects reloaded before import = 0Number of asset objects unloaded after import = 0

========================================================================
Received Import Request.
  Time since last request: 7.325017 seconds.
  path: Assets/PROMETEO - Car Controller/Scripts/PrometeoCarController.cs
  artifactKey: Guid(c0fefceefe666bb4682b272ec8c5bdd0) Importer(815301076,1909f56bfc062723c751e8b465ee728b)
Start importing Assets/PROMETEO - Car Controller/Scripts/PrometeoCarController.cs using Guid(c0fefceefe666bb4682b272ec8c5bdd0) Importer(815301076,1909f56bfc062723c751e8b465ee728b) (PreviewImporter) -> (artifact id: '9da7ff63a9e85806e0e494881de36690') in 0.0009546 seconds
Number of updated asset objects reloaded before import = 0Number of asset objects unloaded after import = 0

========================================================================
Received Prepare
Refreshing native plugins compatible for Editor in 2.62 ms, found 3 plugins.
Preloading 0 native plugins for Editor in 0.00 ms.
Unloading 0 Unused Serialized files (Serialized files now loaded: 0)
Unloading 4235 unused Assets / (1.6 MB). Loaded Objects now: 4821.
Memory consumption went from 101.8 MB to 100.2 MB.
Total: 20.602000 ms (FindLiveObjects: 0.747700 ms CreateObjectMapping: 1.099400 ms MarkObjects: 11.346800 ms  DeleteObjects: 7.406500 ms)

Prepare: number of updated asset objects reloaded= 0
========================================================================
Received Prepare
Begin MonoManager ReloadAssembly
[Licensing::Client] Successfully resolved entitlement details
Symbol file LoadedFromMemory is not a mono symbol file
- Loaded All Assemblies, in  1.573 seconds
Refreshing native plugins compatible for Editor in 2.35 ms, found 3 plugins.
Native extension for WindowsStandalone target not found
[Package Manager] Failed to launch server process. Reason: Unity was launched with the -noUpm command-line argument
[Package Manager] Unable to send message (not connected to server process).
[Package Manager] Cannot connect to Unity Package Manager local server
[Package Manager] Failed to launch server process. Reason: Unity was launched with the -noUpm command-line argument
[Package Manager] Unable to send message (not connected to server process).
[Package Manager] Cannot connect to Unity Package Manager local server
Mono: successfully reloaded assembly
- Finished resetting the current domain, in  0.870 seconds
Domain Reload Profiling: 2439ms
	BeginReloadAssembly (441ms)
		ExecutionOrderSort (0ms)
		DisableScriptedObjects (32ms)
		BackupInstance (0ms)
		ReleaseScriptingObjects (0ms)
		CreateAndSetChildDomain (118ms)
	RebuildCommonClasses (63ms)
	RebuildNativeTypeToScriptingClass (22ms)
	initialDomainReloadingComplete (61ms)
	LoadAllAssembliesAndSetupDomain (982ms)
		LoadAssemblies (725ms)
		RebuildTransferFunctionScriptingTraits (0ms)
		AnalyzeDomain (436ms)
			TypeCache.Refresh (19ms)
				TypeCache.ScanAssembly (1ms)
			BuildScriptInfoCaches (400ms)
			ResolveRequiredComponents (8ms)
	FinalizeReload (870ms)
		ReleaseScriptCaches (0ms)
		RebuildScriptCaches (0ms)
		SetupLoadedEditorAssemblies (698ms)
			LogAssemblyErrors (0ms)
			InitializePlatformSupportModulesInManaged (2ms)
			SetLoadedEditorAssemblies (10ms)
			BeforeProcessingInitializeOnLoad (207ms)
			ProcessInitializeOnLoadAttributes (399ms)
			ProcessInitializeOnLoadMethodAttributes (71ms)
			AfterProcessingInitializeOnLoad (8ms)
			EditorAssembliesLoaded (0ms)
		ExecutionOrderSort2 (0ms)
		AwakeInstancesAfterBackupRestoration (14ms)
Refreshing native plugins compatible for Editor in 1.76 ms, found 3 plugins.
Preloading 0 native plugins for Editor in 0.01 ms.
Unloading 0 Unused Serialized files (Serialized files now loaded: 0)
Unloading 4242 unused Assets / (1.4 MB). Loaded Objects now: 4823.
Memory consumption went from 101.7 MB to 100.3 MB.
Total: 13.103600 ms (FindLiveObjects: 0.665300 ms CreateObjectMapping: 0.894800 ms MarkObjects: 7.199400 ms  DeleteObjects: 4.342800 ms)

Prepare: number of updated asset objects reloaded= 0
========================================================================
Received Import Request.
  Time since last request: 651.577737 seconds.
  path: Assets/Cars/Aston Martin.prefab
  artifactKey: Guid(1393895e5638a0c468386a6426f409aa) Importer(815301076,1909f56bfc062723c751e8b465ee728b)
Start importing Assets/Cars/Aston Martin.prefab using Guid(1393895e5638a0c468386a6426f409aa) Importer(815301076,1909f56bfc062723c751e8b465ee728b) (PreviewImporter) -> (artifact id: '8a5da7a9753c746bf72b62533799d549') in 0.4944758 seconds
Number of updated asset objects reloaded before import = 0Number of asset objects unloaded after import = 742

========================================================================
Received Import Request.
  Time since last request: 0.000029 seconds.
  path: Assets/Cars/Mercedes Variant.prefab
  artifactKey: Guid(4bed59296ba5d0347a6f900511c21111) Importer(815301076,1909f56bfc062723c751e8b465ee728b)
Start importing Assets/Cars/Mercedes Variant.prefab using Guid(4bed59296ba5d0347a6f900511c21111) Importer(815301076,1909f56bfc062723c751e8b465ee728b) (PreviewImporter) -> (artifact id: '0919d4b48329bf1d0c69e5272af006be') in 0.2111628 seconds
Number of updated asset objects reloaded before import = 0Number of asset objects unloaded after import = 749

========================================================================
Received Import Request.
  Time since last request: 0.000043 seconds.
  path: Assets/Cars/Mini.prefab
  artifactKey: Guid(5e4110f3b6000714790a74c2e68bb06b) Importer(815301076,1909f56bfc062723c751e8b465ee728b)
Start importing Assets/Cars/Mini.prefab using Guid(5e4110f3b6000714790a74c2e68bb06b) Importer(815301076,1909f56bfc062723c751e8b465ee728b) (PreviewImporter) -> (artifact id: '128e9a747e2044cb6d349c748aaad1c6') in 0.0582215 seconds
Number of updated asset objects reloaded before import = 0Number of asset objects unloaded after import = 365

========================================================================
Received Import Request.
  Time since last request: 0.000037 seconds.
  path: Assets/Cars/Williams.prefab
  artifactKey: Guid(680097894f6c17f4db57da9de713796e) Importer(815301076,1909f56bfc062723c751e8b465ee728b)
Start importing Assets/Cars/Williams.prefab using Guid(680097894f6c17f4db57da9de713796e) Importer(815301076,1909f56bfc062723c751e8b465ee728b) (PreviewImporter) -> (artifact id: '045dd992c4972f037e21dff67c06b8f9') in 0.1837616 seconds
Number of updated asset objects reloaded before import = 0Number of asset objects unloaded after import = 749

========================================================================
Received Import Request.
  Time since last request: 0.000049 seconds.
  path: Assets/Cars/RaceCar_GreenYellow.prefab
  artifactKey: Guid(aaaeaa1451678834da4310ce8f56eab5) Importer(815301076,1909f56bfc062723c751e8b465ee728b)
Start importing Assets/Cars/RaceCar_GreenYellow.prefab using Guid(aaaeaa1451678834da4310ce8f56eab5) Importer(815301076,1909f56bfc062723c751e8b465ee728b) (PreviewImporter) -> (artifact id: '89d5b88dcc82cf4a43db21c1a139103b') in 0.1260766 seconds
Number of updated asset objects reloaded before import = 0Number of asset objects unloaded after import = 603

========================================================================
Received Import Request.
  Time since last request: 0.000049 seconds.
  path: Assets/Cars/Racing Bulls.prefab
  artifactKey: Guid(d60d3a8c5a4bf5d47ae681b9f285fef8) Importer(815301076,1909f56bfc062723c751e8b465ee728b)
Start importing Assets/Cars/Racing Bulls.prefab using Guid(d60d3a8c5a4bf5d47ae681b9f285fef8) Importer(815301076,1909f56bfc062723c751e8b465ee728b) (PreviewImporter) -> (artifact id: 'dd6eb3e5db2056e77cd10d51c2d0af00') in 0.2056385 seconds
Number of updated asset objects reloaded before import = 0Number of asset objects unloaded after import = 749

========================================================================
Received Import Request.
  Time since last request: 0.000040 seconds.
  path: Assets/Cars/mclaren_old.prefab
  artifactKey: Guid(dfe28870a00e345418c61fae01f272b4) Importer(815301076,1909f56bfc062723c751e8b465ee728b)
Start importing Assets/Cars/mclaren_old.prefab using Guid(dfe28870a00e345418c61fae01f272b4) Importer(815301076,1909f56bfc062723c751e8b465ee728b) (PreviewImporter) -> (artifact id: '4d63f9982e320e995916c1bd12fb9dcc') in 0.1495418 seconds
Number of updated asset objects reloaded before import = 0Number of asset objects unloaded after import = 1318

========================================================================
Received Import Request.
  Time since last request: 0.000065 seconds.
  path: Assets/Cars/ferrari_old.prefab
  artifactKey: Guid(ca61dfd311870ba468dba5c1c0c17d09) Importer(815301076,1909f56bfc062723c751e8b465ee728b)
Start importing Assets/Cars/ferrari_old.prefab using Guid(ca61dfd311870ba468dba5c1c0c17d09) Importer(815301076,1909f56bfc062723c751e8b465ee728b) (PreviewImporter) -> (artifact id: 'ab3fa6e4e7d81297a61cb0239e3dc991') in 0.1296659 seconds
Number of updated asset objects reloaded before import = 0Number of asset objects unloaded after import = 1315

========================================================================
Received Import Request.
  Time since last request: 99.582960 seconds.
  path: Assets/Cars/ferrari_old.prefab
  artifactKey: Guid(ca61dfd311870ba468dba5c1c0c17d09) Importer(815301076,1909f56bfc062723c751e8b465ee728b)
Start importing Assets/Cars/ferrari_old.prefab using Guid(ca61dfd311870ba468dba5c1c0c17d09) Importer(815301076,1909f56bfc062723c751e8b465ee728b) (PreviewImporter) -> (artifact id: 'ee0c949c9e0071b08699e216130950c7') in 0.1426834 seconds
Number of updated asset objects reloaded before import = 0Number of asset objects unloaded after import = 1315

========================================================================
Received Import Request.
  Time since last request: 0.000037 seconds.
  path: Assets/Cars/williams_old.prefab
  artifactKey: Guid(09d0729634a6c5c4c923d9b6d26056b5) Importer(815301076,1909f56bfc062723c751e8b465ee728b)
Start importing Assets/Cars/williams_old.prefab using Guid(09d0729634a6c5c4c923d9b6d26056b5) Importer(815301076,1909f56bfc062723c751e8b465ee728b) (PreviewImporter) -> (artifact id: 'd5fc904b94ad5a774f67da69d3c465aa') in 0.1391804 seconds
Number of updated asset objects reloaded before import = 0Number of asset objects unloaded after import = 1318

========================================================================
Received Import Request.
  Time since last request: 7.566994 seconds.
  path: Assets/Cars/mclaren_old.prefab
  artifactKey: Guid(dfe28870a00e345418c61fae01f272b4) Importer(815301076,1909f56bfc062723c751e8b465ee728b)
Start importing Assets/Cars/mclaren_old.prefab using Guid(dfe28870a00e345418c61fae01f272b4) Importer(815301076,1909f56bfc062723c751e8b465ee728b) (PreviewImporter) -> (artifact id: '8b2aac30c9bed6a4a688686db46028e5') in 0.1018393 seconds
Number of updated asset objects reloaded before import = 0Number of asset objects unloaded after import = 1318

========================================================================
Received Import Request.
  Time since last request: 0.027550 seconds.
  path: Assets/Cars/williams_old.prefab
  artifactKey: Guid(09d0729634a6c5c4c923d9b6d26056b5) Importer(815301076,1909f56bfc062723c751e8b465ee728b)
Start importing Assets/Cars/williams_old.prefab using Guid(09d0729634a6c5c4c923d9b6d26056b5) Importer(815301076,1909f56bfc062723c751e8b465ee728b) (PreviewImporter) -> (artifact id: '47cf61cc0a92e71936d579176740831c') in 0.1082858 seconds
Number of updated asset objects reloaded before import = 0Number of asset objects unloaded after import = 1318

========================================================================
Received Import Request.
  Time since last request: 0.103928 seconds.
  path: Assets/Cars/ferrari_old.prefab
  artifactKey: Guid(ca61dfd311870ba468dba5c1c0c17d09) Importer(815301076,1909f56bfc062723c751e8b465ee728b)
Start importing Assets/Cars/ferrari_old.prefab using Guid(ca61dfd311870ba468dba5c1c0c17d09) Importer(815301076,1909f56bfc062723c751e8b465ee728b) (PreviewImporter) -> (artifact id: '9b64259ee6b7c61f5816eefa5a721c5e') in 0.1076681 seconds
Number of updated asset objects reloaded before import = 0Number of asset objects unloaded after import = 1315

========================================================================
Received Import Request.
  Time since last request: 23.471737 seconds.
  path: Assets/Cars/Aston Martin.prefab
  artifactKey: Guid(1393895e5638a0c468386a6426f409aa) Importer(815301076,1909f56bfc062723c751e8b465ee728b)
Start importing Assets/Cars/Aston Martin.prefab using Guid(1393895e5638a0c468386a6426f409aa) Importer(815301076,1909f56bfc062723c751e8b465ee728b) (PreviewImporter) -> (artifact id: 'e99db8ee57031f133ba3d7887175b740') in 0.1302452 seconds
Number of updated asset objects reloaded before import = 0Number of asset objects unloaded after import = 742

========================================================================
Received Import Request.
  Time since last request: 0.596733 seconds.
  path: Assets/Cars/Ferrari.prefab
  artifactKey: Guid(ab19c861d2616874d8a60922d98e2637) Importer(815301076,1909f56bfc062723c751e8b465ee728b)
Start importing Assets/Cars/Ferrari.prefab using Guid(ab19c861d2616874d8a60922d98e2637) Importer(815301076,1909f56bfc062723c751e8b465ee728b) (PreviewImporter) -> (artifact id: '91b5ca08f2f287f784ff92409ae09851') in 0.1523422 seconds
Number of updated asset objects reloaded before import = 0Number of asset objects unloaded after import = 748

========================================================================
Received Import Request.
  Time since last request: 0.000066 seconds.
  path: Assets/Cars/Mercedes Variant.prefab
  artifactKey: Guid(4bed59296ba5d0347a6f900511c21111) Importer(815301076,1909f56bfc062723c751e8b465ee728b)
Start importing Assets/Cars/Mercedes Variant.prefab using Guid(4bed59296ba5d0347a6f900511c21111) Importer(815301076,1909f56bfc062723c751e8b465ee728b) (PreviewImporter) -> (artifact id: '262d1c48be39b81336d755ba8848c25d') in 0.1601326 seconds
Number of updated asset objects reloaded before import = 0Number of asset objects unloaded after import = 749

========================================================================
Received Import Request.
  Time since last request: 0.000053 seconds.
  path: Assets/Cars/Williams.prefab
  artifactKey: Guid(680097894f6c17f4db57da9de713796e) Importer(815301076,1909f56bfc062723c751e8b465ee728b)
Start importing Assets/Cars/Williams.prefab using Guid(680097894f6c17f4db57da9de713796e) Importer(815301076,1909f56bfc062723c751e8b465ee728b) (PreviewImporter) -> (artifact id: 'cf756bb1e0d141fe35d2874365fe1ee6') in 0.1971426 seconds
Number of updated asset objects reloaded before import = 0Number of asset objects unloaded after import = 749

========================================================================
Received Import Request.
  Time since last request: 0.000039 seconds.
  path: Assets/Cars/Red Bull (1).prefab
  artifactKey: Guid(a55aa66b3ff624a438c838e2d0be974a) Importer(815301076,1909f56bfc062723c751e8b465ee728b)
Start importing Assets/Cars/Red Bull (1).prefab using Guid(a55aa66b3ff624a438c838e2d0be974a) Importer(815301076,1909f56bfc062723c751e8b465ee728b) (PreviewImporter) -> (artifact id: '1e01e5aa89c839853c9798fc6806273c') in 0.192101 seconds
Number of updated asset objects reloaded before import = 0Number of asset objects unloaded after import = 749

========================================================================
Received Import Request.
  Time since last request: 32.381703 seconds.
  path: Assets/Cars/Aston Martin.prefab
  artifactKey: Guid(1393895e5638a0c468386a6426f409aa) Importer(815301076,1909f56bfc062723c751e8b465ee728b)
Start importing Assets/Cars/Aston Martin.prefab using Guid(1393895e5638a0c468386a6426f409aa) Importer(815301076,1909f56bfc062723c751e8b465ee728b) (PreviewImporter) -> (artifact id: '2e6725535aee003650c340a412291243') in 0.1680282 seconds
Number of updated asset objects reloaded before import = 0Number of asset objects unloaded after import = 742

========================================================================
Received Import Request.
  Time since last request: 0.000039 seconds.
  path: Assets/Cars/Mercedes Variant.prefab
  artifactKey: Guid(4bed59296ba5d0347a6f900511c21111) Importer(815301076,1909f56bfc062723c751e8b465ee728b)
Start importing Assets/Cars/Mercedes Variant.prefab using Guid(4bed59296ba5d0347a6f900511c21111) Importer(815301076,1909f56bfc062723c751e8b465ee728b) (PreviewImporter) -> (artifact id: 'b75a48ad7a2afc7924c15c3e9ae6c87f') in 0.1736516 seconds
Number of updated asset objects reloaded before import = 0Number of asset objects unloaded after import = 749

========================================================================
Received Import Request.
  Time since last request: 0.000072 seconds.
  path: Assets/Cars/Williams.prefab
  artifactKey: Guid(680097894f6c17f4db57da9de713796e) Importer(815301076,1909f56bfc062723c751e8b465ee728b)
Start importing Assets/Cars/Williams.prefab using Guid(680097894f6c17f4db57da9de713796e) Importer(815301076,1909f56bfc062723c751e8b465ee728b) (PreviewImporter) -> (artifact id: '1f77551183ab4491401b75f0ca7efa79') in 0.1772082 seconds
Number of updated asset objects reloaded before import = 0Number of asset objects unloaded after import = 749

========================================================================
Received Import Request.
  Time since last request: 0.000064 seconds.
  path: Assets/Cars/Red Bull (1).prefab
  artifactKey: Guid(a55aa66b3ff624a438c838e2d0be974a) Importer(815301076,1909f56bfc062723c751e8b465ee728b)
Start importing Assets/Cars/Red Bull (1).prefab using Guid(a55aa66b3ff624a438c838e2d0be974a) Importer(815301076,1909f56bfc062723c751e8b465ee728b) (PreviewImporter) -> (artifact id: 'a4badf3df48d91ae8af334798287e771') in 0.1259892 seconds
Number of updated asset objects reloaded before import = 0Number of asset objects unloaded after import = 749

========================================================================
Received Import Request.
  Time since last request: 11.651012 seconds.
  path: Assets/Cars/Aston Martin.prefab
  artifactKey: Guid(1393895e5638a0c468386a6426f409aa) Importer(815301076,1909f56bfc062723c751e8b465ee728b)
Start importing Assets/Cars/Aston Martin.prefab using Guid(1393895e5638a0c468386a6426f409aa) Importer(815301076,1909f56bfc062723c751e8b465ee728b) (PreviewImporter) -> (artifact id: '720e60ef1c2ed80885629d03976b9376') in 0.133329 seconds
Number of updated asset objects reloaded before import = 0Number of asset objects unloaded after import = 742

========================================================================
Received Import Request.
  Time since last request: 0.566548 seconds.
  path: Assets/Cars/Ferrari.prefab
  artifactKey: Guid(ab19c861d2616874d8a60922d98e2637) Importer(815301076,1909f56bfc062723c751e8b465ee728b)
Start importing Assets/Cars/Ferrari.prefab using Guid(ab19c861d2616874d8a60922d98e2637) Importer(815301076,1909f56bfc062723c751e8b465ee728b) (PreviewImporter) -> (artifact id: '55bcbeed97fc4ab25a6318718dc7ca11') in 0.1747608 seconds
Number of updated asset objects reloaded before import = 0Number of asset objects unloaded after import = 748

========================================================================
Received Import Request.
  Time since last request: 0.000033 seconds.
  path: Assets/Cars/Williams.prefab
  artifactKey: Guid(680097894f6c17f4db57da9de713796e) Importer(815301076,1909f56bfc062723c751e8b465ee728b)
Start importing Assets/Cars/Williams.prefab using Guid(680097894f6c17f4db57da9de713796e) Importer(815301076,1909f56bfc062723c751e8b465ee728b) (PreviewImporter) -> (artifact id: '8b2c06f2706f5f511eba638c82bd2bf6') in 0.1893048 seconds
Number of updated asset objects reloaded before import = 0Number of asset objects unloaded after import = 749

========================================================================
Received Import Request.
  Time since last request: 33.430464 seconds.
  path: Assets/Cars/ferrari_old.prefab
  artifactKey: Guid(ca61dfd311870ba468dba5c1c0c17d09) Importer(815301076,1909f56bfc062723c751e8b465ee728b)
Start importing Assets/Cars/ferrari_old.prefab using Guid(ca61dfd311870ba468dba5c1c0c17d09) Importer(815301076,1909f56bfc062723c751e8b465ee728b) (PreviewImporter) -> (artifact id: '8249923088d3add5e7dd079fd15f20a6') in 0.1355095 seconds
Number of updated asset objects reloaded before import = 0Number of asset objects unloaded after import = 1315

========================================================================
Received Import Request.
  Time since last request: 10.925184 seconds.
  path: Assets/Cars/ferrari_old.prefab
  artifactKey: Guid(ca61dfd311870ba468dba5c1c0c17d09) Importer(815301076,1909f56bfc062723c751e8b465ee728b)
Start importing Assets/Cars/ferrari_old.prefab using Guid(ca61dfd311870ba468dba5c1c0c17d09) Importer(815301076,1909f56bfc062723c751e8b465ee728b) (PreviewImporter) -> (artifact id: 'fd2a636578f61473ba60e00648017941') in 0.1521154 seconds
Number of updated asset objects reloaded before import = 0Number of asset objects unloaded after import = 1315

========================================================================
Received Import Request.
  Time since last request: 5.493918 seconds.
  path: Assets/Cars/ferrari_old.prefab
  artifactKey: Guid(ca61dfd311870ba468dba5c1c0c17d09) Importer(815301076,1909f56bfc062723c751e8b465ee728b)
Start importing Assets/Cars/ferrari_old.prefab using Guid(ca61dfd311870ba468dba5c1c0c17d09) Importer(815301076,1909f56bfc062723c751e8b465ee728b) (PreviewImporter) -> (artifact id: '2b23e1480c3dd790b271e0ae2136dab4') in 0.2004822 seconds
Number of updated asset objects reloaded before import = 0Number of asset objects unloaded after import = 1315

========================================================================
Received Import Request.
  Time since last request: 53.036009 seconds.
  path: Assets/Cars/RaceCar_GreenYellow.prefab
  artifactKey: Guid(aaaeaa1451678834da4310ce8f56eab5) Importer(815301076,1909f56bfc062723c751e8b465ee728b)
Start importing Assets/Cars/RaceCar_GreenYellow.prefab using Guid(aaaeaa1451678834da4310ce8f56eab5) Importer(815301076,1909f56bfc062723c751e8b465ee728b) (PreviewImporter) -> (artifact id: 'ee3029ddaca1aa7a01142b72146c0958') in 0.0759778 seconds
Number of updated asset objects reloaded before import = 0Number of asset objects unloaded after import = 603

========================================================================
Received Import Request.
  Time since last request: 5.300112 seconds.
  path: Assets/Cars/RaceCar_RedWhite.prefab
  artifactKey: Guid(df22c835874d44940909070a1145af00) Importer(815301076,1909f56bfc062723c751e8b465ee728b)
Start importing Assets/Cars/RaceCar_RedWhite.prefab using Guid(df22c835874d44940909070a1145af00) Importer(815301076,1909f56bfc062723c751e8b465ee728b) (PreviewImporter) -> (artifact id: 'c764652172daaa266d1149598a39fbc2') in 0.0565913 seconds
Number of updated asset objects reloaded before import = 0Number of asset objects unloaded after import = 600

========================================================================
Received Import Request.
  Time since last request: 0.060125 seconds.
  path: Assets/Cars/RaceCar_GreenYellow.prefab
  artifactKey: Guid(aaaeaa1451678834da4310ce8f56eab5) Importer(815301076,1909f56bfc062723c751e8b465ee728b)
Start importing Assets/Cars/RaceCar_GreenYellow.prefab using Guid(aaaeaa1451678834da4310ce8f56eab5) Importer(815301076,1909f56bfc062723c751e8b465ee728b) (PreviewImporter) -> (artifact id: 'f75badc369dde837df9bc7071bb6b8d8') in 0.0651637 seconds
Number of updated asset objects reloaded before import = 0Number of asset objects unloaded after import = 603

========================================================================
Received Import Request.
  Time since last request: 18.249921 seconds.
  path: Assets/Cars/Subaru.prefab
  artifactKey: Guid(f8da542ab8f93464698ffe4c8bafb25d) Importer(815301076,1909f56bfc062723c751e8b465ee728b)
Start importing Assets/Cars/Subaru.prefab using Guid(f8da542ab8f93464698ffe4c8bafb25d) Importer(815301076,1909f56bfc062723c751e8b465ee728b) (PreviewImporter) -> (artifact id: 'bad4a1b1590b15e4d13b9319269a0657') in 0.0661307 seconds
Number of updated asset objects reloaded before import = 0Number of asset objects unloaded after import = 662

========================================================================
Received Import Request.
  Time since last request: 11.159504 seconds.
  path: Assets/Cars/Subaru.prefab
  artifactKey: Guid(f8da542ab8f93464698ffe4c8bafb25d) Importer(815301076,1909f56bfc062723c751e8b465ee728b)
Start importing Assets/Cars/Subaru.prefab using Guid(f8da542ab8f93464698ffe4c8bafb25d) Importer(815301076,1909f56bfc062723c751e8b465ee728b) (PreviewImporter) -> (artifact id: 'a838d0f2de5a6be57c1b07c115f11c6a') in 0.0723961 seconds
Number of updated asset objects reloaded before import = 0Number of asset objects unloaded after import = 662

========================================================================
Received Import Request.
  Time since last request: 23.731078 seconds.
  path: Assets/Cars/Subaru.prefab
  artifactKey: Guid(f8da542ab8f93464698ffe4c8bafb25d) Importer(815301076,1909f56bfc062723c751e8b465ee728b)
Start importing Assets/Cars/Subaru.prefab using Guid(f8da542ab8f93464698ffe4c8bafb25d) Importer(815301076,1909f56bfc062723c751e8b465ee728b) (PreviewImporter) -> (artifact id: 'ddfea7d26c4989756e1d61d339f959a2') in 0.0666536 seconds
Number of updated asset objects reloaded before import = 0Number of asset objects unloaded after import = 662

========================================================================
Received Import Request.
  Time since last request: 15.028497 seconds.
  path: Assets/Cars/Subaru.prefab
  artifactKey: Guid(f8da542ab8f93464698ffe4c8bafb25d) Importer(815301076,1909f56bfc062723c751e8b465ee728b)
Start importing Assets/Cars/Subaru.prefab using Guid(f8da542ab8f93464698ffe4c8bafb25d) Importer(815301076,1909f56bfc062723c751e8b465ee728b) (PreviewImporter) -> (artifact id: '425cd633661ab8bce11d2605fe246125') in 0.0619131 seconds
Number of updated asset objects reloaded before import = 0Number of asset objects unloaded after import = 662

========================================================================
Received Import Request.
  Time since last request: 2.817438 seconds.
  path: Assets/Cars/Subaru.prefab
  artifactKey: Guid(f8da542ab8f93464698ffe4c8bafb25d) Importer(815301076,1909f56bfc062723c751e8b465ee728b)
Start importing Assets/Cars/Subaru.prefab using Guid(f8da542ab8f93464698ffe4c8bafb25d) Importer(815301076,1909f56bfc062723c751e8b465ee728b) (PreviewImporter) -> (artifact id: 'e5b45f088729b17fc2afa6247bd0a03c') in 0.0760586 seconds
Number of updated asset objects reloaded before import = 0Number of asset objects unloaded after import = 662

========================================================================
Received Import Request.
  Time since last request: 12.651413 seconds.
  path: Assets/Cars/Subaru.prefab
  artifactKey: Guid(f8da542ab8f93464698ffe4c8bafb25d) Importer(815301076,1909f56bfc062723c751e8b465ee728b)
Start importing Assets/Cars/Subaru.prefab using Guid(f8da542ab8f93464698ffe4c8bafb25d) Importer(815301076,1909f56bfc062723c751e8b465ee728b) (PreviewImporter) -> (artifact id: '52803d10201b61e8d9503314e79c716b') in 0.075192 seconds
Number of updated asset objects reloaded before import = 0Number of asset objects unloaded after import = 662

========================================================================
Received Import Request.
  Time since last request: 15.181573 seconds.
  path: Assets/Cars/Subaru.prefab
  artifactKey: Guid(f8da542ab8f93464698ffe4c8bafb25d) Importer(815301076,1909f56bfc062723c751e8b465ee728b)
Start importing Assets/Cars/Subaru.prefab using Guid(f8da542ab8f93464698ffe4c8bafb25d) Importer(815301076,1909f56bfc062723c751e8b465ee728b) (PreviewImporter) -> (artifact id: 'c26da83ef8f41e1a6a746cd43f368235') in 0.066855 seconds
Number of updated asset objects reloaded before import = 0Number of asset objects unloaded after import = 662

========================================================================
Received Import Request.
  Time since last request: 4.805691 seconds.
  path: Assets/Cars/Subaru.prefab
  artifactKey: Guid(f8da542ab8f93464698ffe4c8bafb25d) Importer(815301076,1909f56bfc062723c751e8b465ee728b)
Start importing Assets/Cars/Subaru.prefab using Guid(f8da542ab8f93464698ffe4c8bafb25d) Importer(815301076,1909f56bfc062723c751e8b465ee728b) (PreviewImporter) -> (artifact id: '7320c2fab44773495da7e81a6dcaffc3') in 0.0641075 seconds
Number of updated asset objects reloaded before import = 0Number of asset objects unloaded after import = 662

========================================================================
Received Import Request.
  Time since last request: 14.667672 seconds.
  path: Assets/Cars/Mini.prefab
  artifactKey: Guid(5e4110f3b6000714790a74c2e68bb06b) Importer(815301076,1909f56bfc062723c751e8b465ee728b)
Start importing Assets/Cars/Mini.prefab using Guid(5e4110f3b6000714790a74c2e68bb06b) Importer(815301076,1909f56bfc062723c751e8b465ee728b) (PreviewImporter) -> (artifact id: 'd7feda82897bec8aaa4dd5fcfef3c6e8') in 0.0687008 seconds
Number of updated asset objects reloaded before import = 0Number of asset objects unloaded after import = 365

========================================================================
Received Import Request.
  Time since last request: 4.699647 seconds.
  path: Assets/Cars/Mini.prefab
  artifactKey: Guid(5e4110f3b6000714790a74c2e68bb06b) Importer(815301076,1909f56bfc062723c751e8b465ee728b)
Start importing Assets/Cars/Mini.prefab using Guid(5e4110f3b6000714790a74c2e68bb06b) Importer(815301076,1909f56bfc062723c751e8b465ee728b) (PreviewImporter) -> (artifact id: '2d659584e7aa524d52344093fda98b57') in 0.0452344 seconds
Number of updated asset objects reloaded before import = 0Number of asset objects unloaded after import = 365

========================================================================
Received Import Request.
  Time since last request: 11.941606 seconds.
  path: Assets/Cars/Mini.prefab
  artifactKey: Guid(5e4110f3b6000714790a74c2e68bb06b) Importer(815301076,1909f56bfc062723c751e8b465ee728b)
Start importing Assets/Cars/Mini.prefab using Guid(5e4110f3b6000714790a74c2e68bb06b) Importer(815301076,1909f56bfc062723c751e8b465ee728b) (PreviewImporter) -> (artifact id: '001b7ab00d42c372ad7223d5beb29cef') in 0.0350988 seconds
Number of updated asset objects reloaded before import = 0Number of asset objects unloaded after import = 365

========================================================================
Received Import Request.
  Time since last request: 15.023534 seconds.
  path: Assets/Cars/Mini.prefab
  artifactKey: Guid(5e4110f3b6000714790a74c2e68bb06b) Importer(815301076,1909f56bfc062723c751e8b465ee728b)
Start importing Assets/Cars/Mini.prefab using Guid(5e4110f3b6000714790a74c2e68bb06b) Importer(815301076,1909f56bfc062723c751e8b465ee728b) (PreviewImporter) -> (artifact id: 'b0229f5813315e785a755c5bc1f4bb74') in 0.0458714 seconds
Number of updated asset objects reloaded before import = 0Number of asset objects unloaded after import = 365

========================================================================
Received Import Request.
  Time since last request: 11.962618 seconds.
  path: Assets/Cars/Mini.prefab
  artifactKey: Guid(5e4110f3b6000714790a74c2e68bb06b) Importer(815301076,1909f56bfc062723c751e8b465ee728b)
Start importing Assets/Cars/Mini.prefab using Guid(5e4110f3b6000714790a74c2e68bb06b) Importer(815301076,1909f56bfc062723c751e8b465ee728b) (PreviewImporter) -> (artifact id: '54ce583c882cdfcec17d43172862d8c4') in 0.0378044 seconds
Number of updated asset objects reloaded before import = 0Number of asset objects unloaded after import = 365

========================================================================
Received Prepare
Begin MonoManager ReloadAssembly
[Licensing::Client] Successfully resolved entitlement details
Symbol file LoadedFromMemory is not a mono symbol file
- Loaded All Assemblies, in  1.512 seconds
Refreshing native plugins compatible for Editor in 2.33 ms, found 3 plugins.
Native extension for WindowsStandalone target not found
[Package Manager] Failed to launch server process. Reason: Unity was launched with the -noUpm command-line argument
[Package Manager] Unable to send message (not connected to server process).
[Package Manager] Cannot connect to Unity Package Manager local server
[Package Manager] Failed to launch server process. Reason: Unity was launched with the -noUpm command-line argument
[Package Manager] Unable to send message (not connected to server process).
[Package Manager] Cannot connect to Unity Package Manager local server
Mono: successfully reloaded assembly
- Finished resetting the current domain, in  1.035 seconds
Domain Reload Profiling: 2542ms
	BeginReloadAssembly (367ms)
		ExecutionOrderSort (0ms)
		DisableScriptedObjects (24ms)
		BackupInstance (0ms)
		ReleaseScriptingObjects (0ms)
		CreateAndSetChildDomain (81ms)
	RebuildCommonClasses (88ms)
	RebuildNativeTypeToScriptingClass (21ms)
	initialDomainReloadingComplete (64ms)
	LoadAllAssembliesAndSetupDomain (967ms)
		LoadAssemblies (699ms)
		RebuildTransferFunctionScriptingTraits (0ms)
		AnalyzeDomain (434ms)
			TypeCache.Refresh (13ms)
				TypeCache.ScanAssembly (0ms)
			BuildScriptInfoCaches (400ms)
			ResolveRequiredComponents (11ms)
	FinalizeReload (1036ms)
		ReleaseScriptCaches (0ms)
		RebuildScriptCaches (0ms)
		SetupLoadedEditorAssemblies (830ms)
			LogAssemblyErrors (0ms)
			InitializePlatformSupportModulesInManaged (3ms)
			SetLoadedEditorAssemblies (7ms)
			BeforeProcessingInitializeOnLoad (224ms)
			ProcessInitializeOnLoadAttributes (498ms)
			ProcessInitializeOnLoadMethodAttributes (86ms)
			AfterProcessingInitializeOnLoad (11ms)
			EditorAssembliesLoaded (0ms)
		ExecutionOrderSort2 (0ms)
		AwakeInstancesAfterBackupRestoration (19ms)
Refreshing native plugins compatible for Editor in 2.04 ms, found 3 plugins.
Preloading 0 native plugins for Editor in 0.00 ms.
Unloading 0 Unused Serialized files (Serialized files now loaded: 0)
Unloading 4242 unused Assets / (1.8 MB). Loaded Objects now: 4825.
Memory consumption went from 101.8 MB to 100.0 MB.
Total: 14.395900 ms (FindLiveObjects: 0.695000 ms CreateObjectMapping: 0.921000 ms MarkObjects: 10.158700 ms  DeleteObjects: 2.619500 ms)

Prepare: number of updated asset objects reloaded= 0
========================================================================
Received Prepare
Refreshing native plugins compatible for Editor in 1.46 ms, found 3 plugins.
Preloading 0 native plugins for Editor in 0.00 ms.
Unloading 0 Unused Serialized files (Serialized files now loaded: 0)
Unloading 4235 unused Assets / (1.4 MB). Loaded Objects now: 4825.
Memory consumption went from 102.0 MB to 100.5 MB.
Total: 9.864900 ms (FindLiveObjects: 0.608700 ms CreateObjectMapping: 0.743800 ms MarkObjects: 6.612200 ms  DeleteObjects: 1.898900 ms)

Prepare: number of updated asset objects reloaded= 0
========================================================================
Received Import Request.
  Time since last request: 103.744223 seconds.
  path: Assets/Cars/Mercedes Variant.prefab
  artifactKey: Guid(4bed59296ba5d0347a6f900511c21111) Importer(815301076,1909f56bfc062723c751e8b465ee728b)
Start importing Assets/Cars/Mercedes Variant.prefab using Guid(4bed59296ba5d0347a6f900511c21111) Importer(815301076,1909f56bfc062723c751e8b465ee728b) (PreviewImporter) -> (artifact id: '8a0a7b919271729ef77a80a40b66bea0') in 0.6249883 seconds
Number of updated asset objects reloaded before import = 0Number of asset objects unloaded after import = 749

========================================================================
Received Import Request.
  Time since last request: 0.000042 seconds.
  path: Assets/Cars/Mini.prefab
  artifactKey: Guid(5e4110f3b6000714790a74c2e68bb06b) Importer(815301076,1909f56bfc062723c751e8b465ee728b)
Start importing Assets/Cars/Mini.prefab using Guid(5e4110f3b6000714790a74c2e68bb06b) Importer(815301076,1909f56bfc062723c751e8b465ee728b) (PreviewImporter) -> (artifact id: '7205e542d392788f1611dd2c3ea5e7e9') in 0.2255214 seconds
Number of updated asset objects reloaded before import = 0Number of asset objects unloaded after import = 365

========================================================================
Received Import Request.
  Time since last request: 0.000067 seconds.
  path: Assets/Cars/RaceCar_RedWhite.prefab
  artifactKey: Guid(df22c835874d44940909070a1145af00) Importer(815301076,1909f56bfc062723c751e8b465ee728b)
Start importing Assets/Cars/RaceCar_RedWhite.prefab using Guid(df22c835874d44940909070a1145af00) Importer(815301076,1909f56bfc062723c751e8b465ee728b) (PreviewImporter) -> (artifact id: 'ee480850c0862a1468f5a8c8723321e1') in 0.1113851 seconds
Number of updated asset objects reloaded before import = 0Number of asset objects unloaded after import = 600

========================================================================
Received Import Request.
  Time since last request: 0.000029 seconds.
  path: Assets/Cars/williams_old.prefab
  artifactKey: Guid(09d0729634a6c5c4c923d9b6d26056b5) Importer(815301076,1909f56bfc062723c751e8b465ee728b)
Start importing Assets/Cars/williams_old.prefab using Guid(09d0729634a6c5c4c923d9b6d26056b5) Importer(815301076,1909f56bfc062723c751e8b465ee728b) (PreviewImporter) -> (artifact id: '549abdec02d1dc8caced373efcbc39d5') in 0.4118817 seconds
Number of updated asset objects reloaded before import = 0Number of asset objects unloaded after import = 1318

========================================================================
Received Import Request.
  Time since last request: 0.000051 seconds.
  path: Assets/Cars/Haas.prefab
  artifactKey: Guid(f0e710c66b4141047a76ac1f04ee5a75) Importer(815301076,1909f56bfc062723c751e8b465ee728b)
Start importing Assets/Cars/Haas.prefab using Guid(f0e710c66b4141047a76ac1f04ee5a75) Importer(815301076,1909f56bfc062723c751e8b465ee728b) (PreviewImporter) -> (artifact id: '4a22d373aa498c2c8683c86565f8419e') in 0.3833538 seconds
Number of updated asset objects reloaded before import = 0Number of asset objects unloaded after import = 749

========================================================================
Received Prepare
Begin MonoManager ReloadAssembly
[Licensing::Client] Successfully resolved entitlement details
Symbol file LoadedFromMemory is not a mono symbol file
- Loaded All Assemblies, in  1.680 seconds
Refreshing native plugins compatible for Editor in 2.24 ms, found 3 plugins.
Native extension for WindowsStandalone target not found
[Package Manager] Failed to launch server process. Reason: Unity was launched with the -noUpm command-line argument
[Package Manager] Unable to send message (not connected to server process).
[Package Manager] Cannot connect to Unity Package Manager local server
[Package Manager] Failed to launch server process. Reason: Unity was launched with the -noUpm command-line argument
[Package Manager] Unable to send message (not connected to server process).
[Package Manager] Cannot connect to Unity Package Manager local server
Mono: successfully reloaded assembly
- Finished resetting the current domain, in  1.351 seconds
Domain Reload Profiling: 3025ms
	BeginReloadAssembly (417ms)
		ExecutionOrderSort (0ms)
		DisableScriptedObjects (23ms)
		BackupInstance (0ms)
		ReleaseScriptingObjects (0ms)
		CreateAndSetChildDomain (94ms)
	RebuildCommonClasses (68ms)
	RebuildNativeTypeToScriptingClass (30ms)
	initialDomainReloadingComplete (67ms)
	LoadAllAssembliesAndSetupDomain (1091ms)
		LoadAssemblies (779ms)
		RebuildTransferFunctionScriptingTraits (0ms)
		AnalyzeDomain (508ms)
			TypeCache.Refresh (19ms)
				TypeCache.ScanAssembly (1ms)
			BuildScriptInfoCaches (472ms)
			ResolveRequiredComponents (8ms)
	FinalizeReload (1352ms)
		ReleaseScriptCaches (0ms)
		RebuildScriptCaches (0ms)
		SetupLoadedEditorAssemblies (1075ms)
			LogAssemblyErrors (0ms)
			InitializePlatformSupportModulesInManaged (3ms)
			SetLoadedEditorAssemblies (10ms)
			BeforeProcessingInitializeOnLoad (268ms)
			ProcessInitializeOnLoadAttributes (677ms)
			ProcessInitializeOnLoadMethodAttributes (107ms)
			AfterProcessingInitializeOnLoad (11ms)
			EditorAssembliesLoaded (0ms)
		ExecutionOrderSort2 (0ms)
		AwakeInstancesAfterBackupRestoration (19ms)
Refreshing native plugins compatible for Editor in 4.01 ms, found 3 plugins.
Preloading 0 native plugins for Editor in 0.00 ms.
Unloading 0 Unused Serialized files (Serialized files now loaded: 0)
Unloading 4242 unused Assets / (1.3 MB). Loaded Objects now: 4827.
Memory consumption went from 101.7 MB to 100.5 MB.
Total: 15.217400 ms (FindLiveObjects: 0.876300 ms CreateObjectMapping: 1.288000 ms MarkObjects: 8.851900 ms  DeleteObjects: 4.199100 ms)

Prepare: number of updated asset objects reloaded= 0
========================================================================
Received Import Request.
  Time since last request: 9.778093 seconds.
  path: Assets/Cars/Racing Bulls.prefab
  artifactKey: Guid(d60d3a8c5a4bf5d47ae681b9f285fef8) Importer(815301076,1909f56bfc062723c751e8b465ee728b)
Start importing Assets/Cars/Racing Bulls.prefab using Guid(d60d3a8c5a4bf5d47ae681b9f285fef8) Importer(815301076,1909f56bfc062723c751e8b465ee728b) (PreviewImporter) -> (artifact id: 'a22ae0bc1128fba3c15e15faaf1a8b85') in 0.4121852 seconds
Number of updated asset objects reloaded before import = 0Number of asset objects unloaded after import = 749

========================================================================
Received Import Request.
  Time since last request: 0.000087 seconds.
  path: Assets/Cars/mclaren_old.prefab
  artifactKey: Guid(dfe28870a00e345418c61fae01f272b4) Importer(815301076,1909f56bfc062723c751e8b465ee728b)
Start importing Assets/Cars/mclaren_old.prefab using Guid(dfe28870a00e345418c61fae01f272b4) Importer(815301076,1909f56bfc062723c751e8b465ee728b) (PreviewImporter) -> (artifact id: '2b46a9bf40d73e93511f1a61f9325ba4') in 0.1533192 seconds
Number of updated asset objects reloaded before import = 0Number of asset objects unloaded after import = 1318

========================================================================
Received Import Request.
  Time since last request: 0.000169 seconds.
  path: Assets/Cars/ferrari_old.prefab
  artifactKey: Guid(ca61dfd311870ba468dba5c1c0c17d09) Importer(815301076,1909f56bfc062723c751e8b465ee728b)
Start importing Assets/Cars/ferrari_old.prefab using Guid(ca61dfd311870ba468dba5c1c0c17d09) Importer(815301076,1909f56bfc062723c751e8b465ee728b) (PreviewImporter) -> (artifact id: '41690dee7b38c9b0b34bfe82a73aeda0') in 0.1443832 seconds
Number of updated asset objects reloaded before import = 0Number of asset objects unloaded after import = 1315

========================================================================
Received Prepare
Begin MonoManager ReloadAssembly
[Licensing::Client] Successfully resolved entitlement details
Symbol file LoadedFromMemory is not a mono symbol file
- Loaded All Assemblies, in  1.535 seconds
Refreshing native plugins compatible for Editor in 1.49 ms, found 3 plugins.
Native extension for WindowsStandalone target not found
[Package Manager] Failed to launch server process. Reason: Unity was launched with the -noUpm command-line argument
[Package Manager] Unable to send message (not connected to server process).
[Package Manager] Cannot connect to Unity Package Manager local server
[Package Manager] Failed to launch server process. Reason: Unity was launched with the -noUpm command-line argument
[Package Manager] Unable to send message (not connected to server process).
[Package Manager] Cannot connect to Unity Package Manager local server
Mono: successfully reloaded assembly
- Finished resetting the current domain, in  0.926 seconds
Domain Reload Profiling: 2456ms
	BeginReloadAssembly (395ms)
		ExecutionOrderSort (0ms)
		DisableScriptedObjects (16ms)
		BackupInstance (0ms)
		ReleaseScriptingObjects (0ms)
		CreateAndSetChildDomain (91ms)
	RebuildCommonClasses (63ms)
	RebuildNativeTypeToScriptingClass (21ms)
	initialDomainReloadingComplete (59ms)
	LoadAllAssembliesAndSetupDomain (991ms)
		LoadAssemblies (780ms)
		RebuildTransferFunctionScriptingTraits (0ms)
		AnalyzeDomain (406ms)
			TypeCache.Refresh (12ms)
				TypeCache.ScanAssembly (0ms)
			BuildScriptInfoCaches (376ms)
			ResolveRequiredComponents (8ms)
	FinalizeReload (927ms)
		ReleaseScriptCaches (0ms)
		RebuildScriptCaches (0ms)
		SetupLoadedEditorAssemblies (733ms)
			LogAssemblyErrors (0ms)
			InitializePlatformSupportModulesInManaged (3ms)
			SetLoadedEditorAssemblies (7ms)
			BeforeProcessingInitializeOnLoad (200ms)
			ProcessInitializeOnLoadAttributes (435ms)
			ProcessInitializeOnLoadMethodAttributes (79ms)
			AfterProcessingInitializeOnLoad (8ms)
			EditorAssembliesLoaded (0ms)
		ExecutionOrderSort2 (0ms)
		AwakeInstancesAfterBackupRestoration (16ms)
Refreshing native plugins compatible for Editor in 1.64 ms, found 3 plugins.
Preloading 0 native plugins for Editor in 0.00 ms.
Unloading 0 Unused Serialized files (Serialized files now loaded: 0)
Unloading 4242 unused Assets / (1.3 MB). Loaded Objects now: 4829.
Memory consumption went from 101.7 MB to 100.4 MB.
Total: 11.956500 ms (FindLiveObjects: 0.695400 ms CreateObjectMapping: 0.868200 ms MarkObjects: 8.191700 ms  DeleteObjects: 2.199700 ms)

Prepare: number of updated asset objects reloaded= 0
========================================================================
Received Prepare
Begin MonoManager ReloadAssembly
[Licensing::Client] Successfully resolved entitlement details
Symbol file LoadedFromMemory is not a mono symbol file
- Loaded All Assemblies, in  1.604 seconds
Refreshing native plugins compatible for Editor in 1.54 ms, found 3 plugins.
Native extension for WindowsStandalone target not found
[Package Manager] Failed to launch server process. Reason: Unity was launched with the -noUpm command-line argument
[Package Manager] Unable to send message (not connected to server process).
[Package Manager] Cannot connect to Unity Package Manager local server
[Package Manager] Failed to launch server process. Reason: Unity was launched with the -noUpm command-line argument
[Package Manager] Unable to send message (not connected to server process).
[Package Manager] Cannot connect to Unity Package Manager local server
Mono: successfully reloaded assembly
- Finished resetting the current domain, in  0.973 seconds
Domain Reload Profiling: 2574ms
	BeginReloadAssembly (365ms)
		ExecutionOrderSort (0ms)
		DisableScriptedObjects (20ms)
		BackupInstance (0ms)
		ReleaseScriptingObjects (0ms)
		CreateAndSetChildDomain (89ms)
	RebuildCommonClasses (70ms)
	RebuildNativeTypeToScriptingClass (30ms)
	initialDomainReloadingComplete (62ms)
	LoadAllAssembliesAndSetupDomain (1073ms)
		LoadAssemblies (728ms)
		RebuildTransferFunctionScriptingTraits (0ms)
		AnalyzeDomain (502ms)
			TypeCache.Refresh (14ms)
				TypeCache.ScanAssembly (0ms)
			BuildScriptInfoCaches (468ms)
			ResolveRequiredComponents (10ms)
	FinalizeReload (973ms)
		ReleaseScriptCaches (0ms)
		RebuildScriptCaches (0ms)
		SetupLoadedEditorAssemblies (786ms)
			LogAssemblyErrors (0ms)
			InitializePlatformSupportModulesInManaged (3ms)
			SetLoadedEditorAssemblies (6ms)
			BeforeProcessingInitializeOnLoad (205ms)
			ProcessInitializeOnLoadAttributes (479ms)
			ProcessInitializeOnLoadMethodAttributes (85ms)
			AfterProcessingInitializeOnLoad (8ms)
			EditorAssembliesLoaded (0ms)
		ExecutionOrderSort2 (0ms)
		AwakeInstancesAfterBackupRestoration (14ms)
Refreshing native plugins compatible for Editor in 1.40 ms, found 3 plugins.
Preloading 0 native plugins for Editor in 0.00 ms.
Unloading 0 Unused Serialized files (Serialized files now loaded: 0)
Unloading 4242 unused Assets / (1.3 MB). Loaded Objects now: 4831.
Memory consumption went from 101.8 MB to 100.5 MB.
Total: 7.861200 ms (FindLiveObjects: 0.720300 ms CreateObjectMapping: 0.663600 ms MarkObjects: 4.989400 ms  DeleteObjects: 1.486600 ms)

Prepare: number of updated asset objects reloaded= 0
========================================================================
Received Prepare
Refreshing native plugins compatible for Editor in 2.36 ms, found 3 plugins.
Preloading 0 native plugins for Editor in 0.00 ms.
Unloading 0 Unused Serialized files (Serialized files now loaded: 0)
Unloading 4235 unused Assets / (1.2 MB). Loaded Objects now: 4831.
Memory consumption went from 101.9 MB to 100.7 MB.
Total: 13.428700 ms (FindLiveObjects: 0.675500 ms CreateObjectMapping: 0.860500 ms MarkObjects: 9.318400 ms  DeleteObjects: 2.572400 ms)

Prepare: number of updated asset objects reloaded= 0
========================================================================
Received Import Request.
  Time since last request: 1516.807569 seconds.
  path: Assets/Cars/Mercedes Variant.prefab
  artifactKey: Guid(4bed59296ba5d0347a6f900511c21111) Importer(815301076,1909f56bfc062723c751e8b465ee728b)
Start importing Assets/Cars/Mercedes Variant.prefab using Guid(4bed59296ba5d0347a6f900511c21111) Importer(815301076,1909f56bfc062723c751e8b465ee728b) (PreviewImporter) -> (artifact id: '6a3c2529dc5e05d770a1db4c1db260b9') in 0.5771379 seconds
Number of updated asset objects reloaded before import = 0Number of asset objects unloaded after import = 749

========================================================================
Received Import Request.
  Time since last request: 0.000071 seconds.
  path: Assets/Cars/McLaren.prefab
  artifactKey: Guid(890c325a5aa489f4e83fffddc0cd8b7a) Importer(815301076,1909f56bfc062723c751e8b465ee728b)
Start importing Assets/Cars/McLaren.prefab using Guid(890c325a5aa489f4e83fffddc0cd8b7a) Importer(815301076,1909f56bfc062723c751e8b465ee728b) (PreviewImporter) -> (artifact id: '07a5e19efb364142d19f0718a8d87283') in 0.3451712 seconds
Number of updated asset objects reloaded before import = 0Number of asset objects unloaded after import = 748

========================================================================
Received Import Request.
  Time since last request: 0.000037 seconds.
  path: Assets/Cars/williams_old.prefab
  artifactKey: Guid(09d0729634a6c5c4c923d9b6d26056b5) Importer(815301076,1909f56bfc062723c751e8b465ee728b)
Start importing Assets/Cars/williams_old.prefab using Guid(09d0729634a6c5c4c923d9b6d26056b5) Importer(815301076,1909f56bfc062723c751e8b465ee728b) (PreviewImporter) -> (artifact id: '65b70b7fdd5b3130c5fd7745299af89d') in 0.2056461 seconds
Number of updated asset objects reloaded before import = 0Number of asset objects unloaded after import = 1318

========================================================================
Received Import Request.
  Time since last request: 0.000123 seconds.
  path: Assets/Cars/Haas.prefab
  artifactKey: Guid(f0e710c66b4141047a76ac1f04ee5a75) Importer(815301076,1909f56bfc062723c751e8b465ee728b)
Start importing Assets/Cars/Haas.prefab using Guid(f0e710c66b4141047a76ac1f04ee5a75) Importer(815301076,1909f56bfc062723c751e8b465ee728b) (PreviewImporter) -> (artifact id: '25f08654f41e41b6c6a457faabfdf770') in 0.2576753 seconds
Number of updated asset objects reloaded before import = 0Number of asset objects unloaded after import = 749

========================================================================
Received Import Request.
  Time since last request: 0.000047 seconds.
  path: Assets/Cars/Aston Martin.prefab
  artifactKey: Guid(1393895e5638a0c468386a6426f409aa) Importer(815301076,1909f56bfc062723c751e8b465ee728b)
Start importing Assets/Cars/Aston Martin.prefab using Guid(1393895e5638a0c468386a6426f409aa) Importer(815301076,1909f56bfc062723c751e8b465ee728b) (PreviewImporter) -> (artifact id: 'f56baa1eb0b0f16fd40efa3531c4b904') in 0.1765133 seconds
Number of updated asset objects reloaded before import = 0Number of asset objects unloaded after import = 742

========================================================================
Received Import Request.
  Time since last request: 0.000058 seconds.
  path: Assets/Cars/mclaren_old.prefab
  artifactKey: Guid(dfe28870a00e345418c61fae01f272b4) Importer(815301076,1909f56bfc062723c751e8b465ee728b)
Start importing Assets/Cars/mclaren_old.prefab using Guid(dfe28870a00e345418c61fae01f272b4) Importer(815301076,1909f56bfc062723c751e8b465ee728b) (PreviewImporter) -> (artifact id: 'd4d741f267e0967f03e736ff2f3ff866') in 0.217872 seconds
Number of updated asset objects reloaded before import = 0Number of asset objects unloaded after import = 1318

========================================================================
Received Import Request.
  Time since last request: 0.000055 seconds.
  path: Assets/Cars/ferrari_old.prefab
  artifactKey: Guid(ca61dfd311870ba468dba5c1c0c17d09) Importer(815301076,1909f56bfc062723c751e8b465ee728b)
Start importing Assets/Cars/ferrari_old.prefab using Guid(ca61dfd311870ba468dba5c1c0c17d09) Importer(815301076,1909f56bfc062723c751e8b465ee728b) (PreviewImporter) -> (artifact id: '69e8b5941d73bf840341804bf1a58a29') in 0.2186086 seconds
Number of updated asset objects reloaded before import = 0Number of asset objects unloaded after import = 1315

========================================================================
Received Prepare
Begin MonoManager ReloadAssembly
[Licensing::Client] Successfully resolved entitlement details
Symbol file LoadedFromMemory is not a mono symbol file
- Loaded All Assemblies, in  1.749 seconds
Refreshing native plugins compatible for Editor in 1.70 ms, found 3 plugins.
Native extension for WindowsStandalone target not found
[Package Manager] Failed to launch server process. Reason: Unity was launched with the -noUpm command-line argument
[Package Manager] Unable to send message (not connected to server process).
[Package Manager] Cannot connect to Unity Package Manager local server
[Package Manager] Failed to launch server process. Reason: Unity was launched with the -noUpm command-line argument
[Package Manager] Unable to send message (not connected to server process).
[Package Manager] Cannot connect to Unity Package Manager local server
Mono: successfully reloaded assembly
- Finished resetting the current domain, in  1.436 seconds
Domain Reload Profiling: 3182ms
	BeginReloadAssembly (444ms)
		ExecutionOrderSort (0ms)
		DisableScriptedObjects (23ms)
		BackupInstance (0ms)
		ReleaseScriptingObjects (0ms)
		CreateAndSetChildDomain (140ms)
	RebuildCommonClasses (90ms)
	RebuildNativeTypeToScriptingClass (22ms)
	initialDomainReloadingComplete (57ms)
	LoadAllAssembliesAndSetupDomain (1131ms)
		LoadAssemblies (750ms)
		RebuildTransferFunctionScriptingTraits (0ms)
		AnalyzeDomain (566ms)
			TypeCache.Refresh (25ms)
				TypeCache.ScanAssembly (3ms)
			BuildScriptInfoCaches (519ms)
			ResolveRequiredComponents (12ms)
	FinalizeReload (1437ms)
		ReleaseScriptCaches (0ms)
		RebuildScriptCaches (0ms)
		SetupLoadedEditorAssemblies (1139ms)
			LogAssemblyErrors (0ms)
			InitializePlatformSupportModulesInManaged (4ms)
			SetLoadedEditorAssemblies (12ms)
			BeforeProcessingInitializeOnLoad (308ms)
			ProcessInitializeOnLoadAttributes (657ms)
			ProcessInitializeOnLoadMethodAttributes (142ms)
			AfterProcessingInitializeOnLoad (16ms)
			EditorAssembliesLoaded (0ms)
		ExecutionOrderSort2 (0ms)
		AwakeInstancesAfterBackupRestoration (27ms)
Refreshing native plugins compatible for Editor in 2.32 ms, found 3 plugins.
Preloading 0 native plugins for Editor in 0.00 ms.
Unloading 0 Unused Serialized files (Serialized files now loaded: 0)
Unloading 4242 unused Assets / (1.3 MB). Loaded Objects now: 4833.
Memory consumption went from 101.8 MB to 100.5 MB.
Total: 15.111700 ms (FindLiveObjects: 1.038000 ms CreateObjectMapping: 1.042100 ms MarkObjects: 10.572100 ms  DeleteObjects: 2.457800 ms)

Prepare: number of updated asset objects reloaded= 0
========================================================================
Received Import Request.
  Time since last request: 11.503379 seconds.
  path: Assets/Cars/McLaren.prefab
  artifactKey: Guid(890c325a5aa489f4e83fffddc0cd8b7a) Importer(815301076,1909f56bfc062723c751e8b465ee728b)
Start importing Assets/Cars/McLaren.prefab using Guid(890c325a5aa489f4e83fffddc0cd8b7a) Importer(815301076,1909f56bfc062723c751e8b465ee728b) (PreviewImporter) -> (artifact id: 'a095ab2e8b0d0fc2a331b46430682032') in 0.4238645 seconds
Number of updated asset objects reloaded before import = 0Number of asset objects unloaded after import = 748

========================================================================
Received Import Request.
  Time since last request: 0.000086 seconds.
  path: Assets/Cars/williams_old.prefab
  artifactKey: Guid(09d0729634a6c5c4c923d9b6d26056b5) Importer(815301076,1909f56bfc062723c751e8b465ee728b)
Start importing Assets/Cars/williams_old.prefab using Guid(09d0729634a6c5c4c923d9b6d26056b5) Importer(815301076,1909f56bfc062723c751e8b465ee728b) (PreviewImporter) -> (artifact id: '3eb44b59276627fa2b4f96b820573367') in 0.166141 seconds
Number of updated asset objects reloaded before import = 0Number of asset objects unloaded after import = 1318

========================================================================
Received Import Request.
  Time since last request: 0.000057 seconds.
  path: Assets/Cars/Aston Martin.prefab
  artifactKey: Guid(1393895e5638a0c468386a6426f409aa) Importer(815301076,1909f56bfc062723c751e8b465ee728b)
Start importing Assets/Cars/Aston Martin.prefab using Guid(1393895e5638a0c468386a6426f409aa) Importer(815301076,1909f56bfc062723c751e8b465ee728b) (PreviewImporter) -> (artifact id: 'bafed067a1fa78006372bb6aa138b215') in 0.1655869 seconds
Number of updated asset objects reloaded before import = 0Number of asset objects unloaded after import = 742

========================================================================
Received Import Request.
  Time since last request: 0.000029 seconds.
  path: Assets/Cars/mclaren_old.prefab
  artifactKey: Guid(dfe28870a00e345418c61fae01f272b4) Importer(815301076,1909f56bfc062723c751e8b465ee728b)
Start importing Assets/Cars/mclaren_old.prefab using Guid(dfe28870a00e345418c61fae01f272b4) Importer(815301076,1909f56bfc062723c751e8b465ee728b) (PreviewImporter) -> (artifact id: '8978691d30b5415f6ae4edefd5fd144a') in 0.1438023 seconds
Number of updated asset objects reloaded before import = 0Number of asset objects unloaded after import = 1318

========================================================================
Received Prepare
Refreshing native plugins compatible for Editor in 2.57 ms, found 3 plugins.
Preloading 0 native plugins for Editor in 0.00 ms.
Unloading 0 Unused Serialized files (Serialized files now loaded: 0)
Unloading 4235 unused Assets / (1.1 MB). Loaded Objects now: 4834.
Memory consumption went from 103.5 MB to 102.4 MB.
Total: 13.674400 ms (FindLiveObjects: 0.754300 ms CreateObjectMapping: 1.084000 ms MarkObjects: 10.208200 ms  DeleteObjects: 1.626500 ms)

Prepare: number of updated asset objects reloaded= 0
========================================================================
Received Import Request.
  Time since last request: 13.196221 seconds.
  path: Assets/Cars/McLaren.prefab
  artifactKey: Guid(890c325a5aa489f4e83fffddc0cd8b7a) Importer(815301076,1909f56bfc062723c751e8b465ee728b)
Start importing Assets/Cars/McLaren.prefab using Guid(890c325a5aa489f4e83fffddc0cd8b7a) Importer(815301076,1909f56bfc062723c751e8b465ee728b) (PreviewImporter) -> (artifact id: '7ebb8c08bd7c9139268d8e8f9c8ecb8f') in 0.1806116 seconds
Number of updated asset objects reloaded before import = 0Number of asset objects unloaded after import = 748

========================================================================
Received Import Request.
  Time since last request: 0.000030 seconds.
  path: Assets/Cars/Williams.prefab
  artifactKey: Guid(680097894f6c17f4db57da9de713796e) Importer(815301076,1909f56bfc062723c751e8b465ee728b)
Start importing Assets/Cars/Williams.prefab using Guid(680097894f6c17f4db57da9de713796e) Importer(815301076,1909f56bfc062723c751e8b465ee728b) (PreviewImporter) -> (artifact id: 'e54fe0d0e86242ee90c1214daa349d70') in 0.3397887 seconds
Number of updated asset objects reloaded before import = 0Number of asset objects unloaded after import = 749

========================================================================
Received Import Request.
  Time since last request: 0.000036 seconds.
  path: Assets/Cars/Racing Bulls.prefab
  artifactKey: Guid(d60d3a8c5a4bf5d47ae681b9f285fef8) Importer(815301076,1909f56bfc062723c751e8b465ee728b)
Start importing Assets/Cars/Racing Bulls.prefab using Guid(d60d3a8c5a4bf5d47ae681b9f285fef8) Importer(815301076,1909f56bfc062723c751e8b465ee728b) (PreviewImporter) -> (artifact id: '2bc7baeca6f907c73660c09c7aba9daf') in 0.4609219 seconds
Number of updated asset objects reloaded before import = 0Number of asset objects unloaded after import = 749

========================================================================
Received Import Request.
  Time since last request: 0.000061 seconds.
  path: Assets/Cars/mclaren_old.prefab
  artifactKey: Guid(dfe28870a00e345418c61fae01f272b4) Importer(815301076,1909f56bfc062723c751e8b465ee728b)
Start importing Assets/Cars/mclaren_old.prefab using Guid(dfe28870a00e345418c61fae01f272b4) Importer(815301076,1909f56bfc062723c751e8b465ee728b) (PreviewImporter) -> (artifact id: '328aa1358950ced0288c9082fd0e574b') in 0.3298453 seconds
Number of updated asset objects reloaded before import = 0Number of asset objects unloaded after import = 1318

========================================================================
Received Prepare
Begin MonoManager ReloadAssembly
Symbol file LoadedFromMemory is not a mono symbol file
- Loaded All Assemblies, in  1.606 seconds
Refreshing native plugins compatible for Editor in 2.29 ms, found 3 plugins.
Native extension for WindowsStandalone target not found
[Package Manager] Failed to launch server process. Reason: Unity was launched with the -noUpm command-line argument
[Package Manager] Unable to send message (not connected to server process).
[Package Manager] Cannot connect to Unity Package Manager local server
[Package Manager] Failed to launch server process. Reason: Unity was launched with the -noUpm command-line argument
[Package Manager] Unable to send message (not connected to server process).
[Package Manager] Cannot connect to Unity Package Manager local server
Mono: successfully reloaded assembly
- Finished resetting the current domain, in  1.108 seconds
Domain Reload Profiling: 2713ms
	BeginReloadAssembly (344ms)
		ExecutionOrderSort (0ms)
		DisableScriptedObjects (9ms)
		BackupInstance (0ms)
		ReleaseScriptingObjects (0ms)
		CreateAndSetChildDomain (84ms)
	RebuildCommonClasses (66ms)
	RebuildNativeTypeToScriptingClass (25ms)
	initialDomainReloadingComplete (54ms)
	LoadAllAssembliesAndSetupDomain (1114ms)
		LoadAssemblies (735ms)
		RebuildTransferFunctionScriptingTraits (0ms)
		AnalyzeDomain (558ms)
			TypeCache.Refresh (27ms)
				TypeCache.ScanAssembly (3ms)
			BuildScriptInfoCaches (514ms)
			ResolveRequiredComponents (8ms)
	FinalizeReload (1109ms)
		ReleaseScriptCaches (0ms)
		RebuildScriptCaches (0ms)
		SetupLoadedEditorAssemblies (876ms)
			LogAssemblyErrors (0ms)
			InitializePlatformSupportModulesInManaged (2ms)
			SetLoadedEditorAssemblies (8ms)
			BeforeProcessingInitializeOnLoad (278ms)
			ProcessInitializeOnLoadAttributes (495ms)
			ProcessInitializeOnLoadMethodAttributes (84ms)
			AfterProcessingInitializeOnLoad (9ms)
			EditorAssembliesLoaded (0ms)
		ExecutionOrderSort2 (0ms)
		AwakeInstancesAfterBackupRestoration (16ms)
Refreshing native plugins compatible for Editor in 2.72 ms, found 3 plugins.
Preloading 0 native plugins for Editor in 0.00 ms.
Unloading 0 Unused Serialized files (Serialized files now loaded: 0)
Unloading 4242 unused Assets / (1.3 MB). Loaded Objects now: 4835.
Memory consumption went from 102.8 MB to 101.5 MB.
Total: 11.482200 ms (FindLiveObjects: 0.637500 ms CreateObjectMapping: 0.870200 ms MarkObjects: 7.437500 ms  DeleteObjects: 2.535800 ms)

Prepare: number of updated asset objects reloaded= 0
========================================================================
Received Import Request.
  Time since last request: 40.818855 seconds.
  path: Assets/Cars/williams_old.prefab
  artifactKey: Guid(09d0729634a6c5c4c923d9b6d26056b5) Importer(815301076,1909f56bfc062723c751e8b465ee728b)
Start importing Assets/Cars/williams_old.prefab using Guid(09d0729634a6c5c4c923d9b6d26056b5) Importer(815301076,1909f56bfc062723c751e8b465ee728b) (PreviewImporter) -> (artifact id: '6e9ba84f57544f2e9d970916b06c62a7') in 0.2873975 seconds
Number of updated asset objects reloaded before import = 0Number of asset objects unloaded after import = 1318

========================================================================
Received Import Request.
  Time since last request: 26.722058 seconds.
  path: Assets/Cars/ferrari_old.prefab
  artifactKey: Guid(ca61dfd311870ba468dba5c1c0c17d09) Importer(815301076,1909f56bfc062723c751e8b465ee728b)
Start importing Assets/Cars/ferrari_old.prefab using Guid(ca61dfd311870ba468dba5c1c0c17d09) Importer(815301076,1909f56bfc062723c751e8b465ee728b) (PreviewImporter) -> (artifact id: '2bd41f58533c974d4e6f4dbf4060cb81') in 0.1243807 seconds
Number of updated asset objects reloaded before import = 0Number of asset objects unloaded after import = 1315

========================================================================
Received Import Request.
  Time since last request: 5.279910 seconds.
  path: Assets/Cars/mclaren_old.prefab
  artifactKey: Guid(dfe28870a00e345418c61fae01f272b4) Importer(815301076,1909f56bfc062723c751e8b465ee728b)
Start importing Assets/Cars/mclaren_old.prefab using Guid(dfe28870a00e345418c61fae01f272b4) Importer(815301076,1909f56bfc062723c751e8b465ee728b) (PreviewImporter) -> (artifact id: '6c4e657953e8243a884e35323c6f73d9') in 0.0977483 seconds
Number of updated asset objects reloaded before import = 0Number of asset objects unloaded after import = 1318

========================================================================
Received Import Request.
  Time since last request: 0.031930 seconds.
  path: Assets/Cars/williams_old.prefab
  artifactKey: Guid(09d0729634a6c5c4c923d9b6d26056b5) Importer(815301076,1909f56bfc062723c751e8b465ee728b)
Start importing Assets/Cars/williams_old.prefab using Guid(09d0729634a6c5c4c923d9b6d26056b5) Importer(815301076,1909f56bfc062723c751e8b465ee728b) (PreviewImporter) -> (artifact id: '688b215f3f49049d941b116af8816ca7') in 0.1020948 seconds
Number of updated asset objects reloaded before import = 0Number of asset objects unloaded after import = 1318

========================================================================
Received Import Request.
  Time since last request: 0.107067 seconds.
  path: Assets/Cars/ferrari_old.prefab
  artifactKey: Guid(ca61dfd311870ba468dba5c1c0c17d09) Importer(815301076,1909f56bfc062723c751e8b465ee728b)
Start importing Assets/Cars/ferrari_old.prefab using Guid(ca61dfd311870ba468dba5c1c0c17d09) Importer(815301076,1909f56bfc062723c751e8b465ee728b) (PreviewImporter) -> (artifact id: '164787bb0dd3f1ac3c1c58c0aac4094f') in 0.1039242 seconds
Number of updated asset objects reloaded before import = 0Number of asset objects unloaded after import = 1315

========================================================================
Received Prepare
Begin MonoManager ReloadAssembly
[Licensing::Client] Successfully resolved entitlement details
Symbol file LoadedFromMemory is not a mono symbol file
- Loaded All Assemblies, in  1.550 seconds
Refreshing native plugins compatible for Editor in 2.08 ms, found 3 plugins.
Native extension for WindowsStandalone target not found
[Package Manager] Failed to launch server process. Reason: Unity was launched with the -noUpm command-line argument
[Package Manager] Unable to send message (not connected to server process).
[Package Manager] Cannot connect to Unity Package Manager local server
[Package Manager] Failed to launch server process. Reason: Unity was launched with the -noUpm command-line argument
[Package Manager] Unable to send message (not connected to server process).
[Package Manager] Cannot connect to Unity Package Manager local server
Mono: successfully reloaded assembly
- Finished resetting the current domain, in  1.004 seconds
Domain Reload Profiling: 2551ms
	BeginReloadAssembly (358ms)
		ExecutionOrderSort (0ms)
		DisableScriptedObjects (21ms)
		BackupInstance (0ms)
		ReleaseScriptingObjects (0ms)
		CreateAndSetChildDomain (88ms)
	RebuildCommonClasses (90ms)
	RebuildNativeTypeToScriptingClass (26ms)
	initialDomainReloadingComplete (63ms)
	LoadAllAssembliesAndSetupDomain (1009ms)
		LoadAssemblies (726ms)
		RebuildTransferFunctionScriptingTraits (0ms)
		AnalyzeDomain (442ms)
			TypeCache.Refresh (16ms)
				TypeCache.ScanAssembly (0ms)
			BuildScriptInfoCaches (410ms)
			ResolveRequiredComponents (8ms)
	FinalizeReload (1004ms)
		ReleaseScriptCaches (0ms)
		RebuildScriptCaches (0ms)
		SetupLoadedEditorAssemblies (769ms)
			LogAssemblyErrors (0ms)
			InitializePlatformSupportModulesInManaged (2ms)
			SetLoadedEditorAssemblies (7ms)
			BeforeProcessingInitializeOnLoad (200ms)
			ProcessInitializeOnLoadAttributes (460ms)
			ProcessInitializeOnLoadMethodAttributes (87ms)
			AfterProcessingInitializeOnLoad (12ms)
			EditorAssembliesLoaded (0ms)
		ExecutionOrderSort2 (0ms)
		AwakeInstancesAfterBackupRestoration (17ms)
Refreshing native plugins compatible for Editor in 2.00 ms, found 3 plugins.
Preloading 0 native plugins for Editor in 0.00 ms.
Unloading 0 Unused Serialized files (Serialized files now loaded: 0)
Unloading 4242 unused Assets / (1.1 MB). Loaded Objects now: 4837.
Memory consumption went from 102.8 MB to 101.7 MB.
Total: 9.370500 ms (FindLiveObjects: 0.680100 ms CreateObjectMapping: 0.854800 ms MarkObjects: 5.788900 ms  DeleteObjects: 2.045300 ms)

Prepare: number of updated asset objects reloaded= 0
========================================================================
Received Import Request.
  Time since last request: 60.352164 seconds.
  path: Assets/Cars/ferrari_old.prefab
  artifactKey: Guid(ca61dfd311870ba468dba5c1c0c17d09) Importer(815301076,1909f56bfc062723c751e8b465ee728b)
Start importing Assets/Cars/ferrari_old.prefab using Guid(ca61dfd311870ba468dba5c1c0c17d09) Importer(815301076,1909f56bfc062723c751e8b465ee728b) (PreviewImporter) -> (artifact id: '17652484c9f65f9e2d29ee351b162213') in 0.3129626 seconds
Number of updated asset objects reloaded before import = 0Number of asset objects unloaded after import = 1315

========================================================================
Received Import Request.
  Time since last request: 0.000044 seconds.
  path: Assets/Cars/williams_old.prefab
  artifactKey: Guid(09d0729634a6c5c4c923d9b6d26056b5) Importer(815301076,1909f56bfc062723c751e8b465ee728b)
Start importing Assets/Cars/williams_old.prefab using Guid(09d0729634a6c5c4c923d9b6d26056b5) Importer(815301076,1909f56bfc062723c751e8b465ee728b) (PreviewImporter) -> (artifact id: 'd4e00febde987350d883c4f24a262c78') in 0.1069738 seconds
Number of updated asset objects reloaded before import = 0Number of asset objects unloaded after import = 1318

========================================================================
Received Import Request.
  Time since last request: 12.009134 seconds.
  path: Assets/Cars/ferrari_old.prefab
  artifactKey: Guid(ca61dfd311870ba468dba5c1c0c17d09) Importer(815301076,1909f56bfc062723c751e8b465ee728b)
Start importing Assets/Cars/ferrari_old.prefab using Guid(ca61dfd311870ba468dba5c1c0c17d09) Importer(815301076,1909f56bfc062723c751e8b465ee728b) (PreviewImporter) -> (artifact id: 'd120c30b945c666125c06307119aaa93') in 0.1118489 seconds
Number of updated asset objects reloaded before import = 0Number of asset objects unloaded after import = 1315

========================================================================
Received Import Request.
  Time since last request: 0.000027 seconds.
  path: Assets/Cars/williams_old.prefab
  artifactKey: Guid(09d0729634a6c5c4c923d9b6d26056b5) Importer(815301076,1909f56bfc062723c751e8b465ee728b)
Start importing Assets/Cars/williams_old.prefab using Guid(09d0729634a6c5c4c923d9b6d26056b5) Importer(815301076,1909f56bfc062723c751e8b465ee728b) (PreviewImporter) -> (artifact id: '604bc8110de5727979c75973e4b62315') in 0.1122168 seconds
Number of updated asset objects reloaded before import = 0Number of asset objects unloaded after import = 1318

========================================================================
Received Prepare
Begin MonoManager ReloadAssembly
[Licensing::Client] Successfully resolved entitlement details
Symbol file LoadedFromMemory is not a mono symbol file
- Loaded All Assemblies, in  1.541 seconds
Refreshing native plugins compatible for Editor in 2.23 ms, found 3 plugins.
Native extension for WindowsStandalone target not found
[Package Manager] Failed to launch server process. Reason: Unity was launched with the -noUpm command-line argument
[Package Manager] Unable to send message (not connected to server process).
[Package Manager] Cannot connect to Unity Package Manager local server
[Package Manager] Failed to launch server process. Reason: Unity was launched with the -noUpm command-line argument
[Package Manager] Unable to send message (not connected to server process).
[Package Manager] Cannot connect to Unity Package Manager local server
Mono: successfully reloaded assembly
- Finished resetting the current domain, in  1.081 seconds
Domain Reload Profiling: 2617ms
	BeginReloadAssembly (399ms)
		ExecutionOrderSort (0ms)
		DisableScriptedObjects (25ms)
		BackupInstance (0ms)
		ReleaseScriptingObjects (0ms)
		CreateAndSetChildDomain (111ms)
	RebuildCommonClasses (73ms)
	RebuildNativeTypeToScriptingClass (30ms)
	initialDomainReloadingComplete (60ms)
	LoadAllAssembliesAndSetupDomain (974ms)
		LoadAssemblies (665ms)
		RebuildTransferFunctionScriptingTraits (0ms)
		AnalyzeDomain (489ms)
			TypeCache.Refresh (12ms)
				TypeCache.ScanAssembly (0ms)
			BuildScriptInfoCaches (453ms)
			ResolveRequiredComponents (14ms)
	FinalizeReload (1081ms)
		ReleaseScriptCaches (0ms)
		RebuildScriptCaches (0ms)
		SetupLoadedEditorAssemblies (836ms)
			LogAssemblyErrors (0ms)
			InitializePlatformSupportModulesInManaged (3ms)
			SetLoadedEditorAssemblies (9ms)
			BeforeProcessingInitializeOnLoad (245ms)
			ProcessInitializeOnLoadAttributes (484ms)
			ProcessInitializeOnLoadMethodAttributes (82ms)
			AfterProcessingInitializeOnLoad (13ms)
			EditorAssembliesLoaded (0ms)
		ExecutionOrderSort2 (0ms)
		AwakeInstancesAfterBackupRestoration (18ms)
Refreshing native plugins compatible for Editor in 2.01 ms, found 3 plugins.
Preloading 0 native plugins for Editor in 0.00 ms.
Unloading 0 Unused Serialized files (Serialized files now loaded: 0)
Unloading 4242 unused Assets / (1.1 MB). Loaded Objects now: 4839.
Memory consumption went from 102.8 MB to 101.8 MB.
Total: 13.362300 ms (FindLiveObjects: 0.691400 ms CreateObjectMapping: 0.795600 ms MarkObjects: 9.881800 ms  DeleteObjects: 1.990100 ms)

Prepare: number of updated asset objects reloaded= 0
========================================================================
Received Import Request.
  Time since last request: 357.893417 seconds.
  path: Assets/Cars/Aston Martin.prefab
  artifactKey: Guid(1393895e5638a0c468386a6426f409aa) Importer(815301076,1909f56bfc062723c751e8b465ee728b)
Start importing Assets/Cars/Aston Martin.prefab using Guid(1393895e5638a0c468386a6426f409aa) Importer(815301076,1909f56bfc062723c751e8b465ee728b) (PreviewImporter) -> (artifact id: 'edf666de2570bfdd275fa215b6137077') in 0.3723511 seconds
Number of updated asset objects reloaded before import = 0Number of asset objects unloaded after import = 742

========================================================================
Received Import Request.
  Time since last request: 0.000036 seconds.
  path: Assets/Cars/Mercedes Variant.prefab
  artifactKey: Guid(4bed59296ba5d0347a6f900511c21111) Importer(815301076,1909f56bfc062723c751e8b465ee728b)
Start importing Assets/Cars/Mercedes Variant.prefab using Guid(4bed59296ba5d0347a6f900511c21111) Importer(815301076,1909f56bfc062723c751e8b465ee728b) (PreviewImporter) -> (artifact id: '65d888264d8b47a4bd9c289f345ba6a9') in 0.1826209 seconds
Number of updated asset objects reloaded before import = 0Number of asset objects unloaded after import = 749

========================================================================
Received Import Request.
  Time since last request: 0.000070 seconds.
  path: Assets/Cars/Williams.prefab
  artifactKey: Guid(680097894f6c17f4db57da9de713796e) Importer(815301076,1909f56bfc062723c751e8b465ee728b)
Start importing Assets/Cars/Williams.prefab using Guid(680097894f6c17f4db57da9de713796e) Importer(815301076,1909f56bfc062723c751e8b465ee728b) (PreviewImporter) -> (artifact id: '00a017e614c41f5bda27eaf7765970ea') in 0.1932011 seconds
Number of updated asset objects reloaded before import = 0Number of asset objects unloaded after import = 749

========================================================================
Received Import Request.
  Time since last request: 0.000034 seconds.
  path: Assets/Cars/Racing Bulls.prefab
  artifactKey: Guid(d60d3a8c5a4bf5d47ae681b9f285fef8) Importer(815301076,1909f56bfc062723c751e8b465ee728b)
Start importing Assets/Cars/Racing Bulls.prefab using Guid(d60d3a8c5a4bf5d47ae681b9f285fef8) Importer(815301076,1909f56bfc062723c751e8b465ee728b) (PreviewImporter) -> (artifact id: '764e349f25770622672af893b0cf52ac') in 0.1663483 seconds
Number of updated asset objects reloaded before import = 0Number of asset objects unloaded after import = 749

========================================================================
Received Import Request.
  Time since last request: 10.059755 seconds.
  path: Assets/Cars/Aston Martin.prefab
  artifactKey: Guid(1393895e5638a0c468386a6426f409aa) Importer(815301076,1909f56bfc062723c751e8b465ee728b)
Start importing Assets/Cars/Aston Martin.prefab using Guid(1393895e5638a0c468386a6426f409aa) Importer(815301076,1909f56bfc062723c751e8b465ee728b) (PreviewImporter) -> (artifact id: '5931e961eb0bb488ada9a7ca725f742a') in 0.1295657 seconds
Number of updated asset objects reloaded before import = 0Number of asset objects unloaded after import = 742

========================================================================
Received Import Request.
  Time since last request: 0.719393 seconds.
  path: Assets/Cars/Ferrari.prefab
  artifactKey: Guid(ab19c861d2616874d8a60922d98e2637) Importer(815301076,1909f56bfc062723c751e8b465ee728b)
Start importing Assets/Cars/Ferrari.prefab using Guid(ab19c861d2616874d8a60922d98e2637) Importer(815301076,1909f56bfc062723c751e8b465ee728b) (PreviewImporter) -> (artifact id: 'acfadd86c17697ff49e9570588d8c208') in 0.1844712 seconds
Number of updated asset objects reloaded before import = 0Number of asset objects unloaded after import = 748

========================================================================
Received Import Request.
  Time since last request: 0.000037 seconds.
  path: Assets/Cars/Mercedes Variant.prefab
  artifactKey: Guid(4bed59296ba5d0347a6f900511c21111) Importer(815301076,1909f56bfc062723c751e8b465ee728b)
Start importing Assets/Cars/Mercedes Variant.prefab using Guid(4bed59296ba5d0347a6f900511c21111) Importer(815301076,1909f56bfc062723c751e8b465ee728b) (PreviewImporter) -> (artifact id: '702bbe678bd6b9a14873399c65b7172e') in 0.1932969 seconds
Number of updated asset objects reloaded before import = 0Number of asset objects unloaded after import = 749

========================================================================
Received Import Request.
  Time since last request: 0.000054 seconds.
  path: Assets/Cars/Racing Bulls.prefab
  artifactKey: Guid(d60d3a8c5a4bf5d47ae681b9f285fef8) Importer(815301076,1909f56bfc062723c751e8b465ee728b)
Start importing Assets/Cars/Racing Bulls.prefab using Guid(d60d3a8c5a4bf5d47ae681b9f285fef8) Importer(815301076,1909f56bfc062723c751e8b465ee728b) (PreviewImporter) -> (artifact id: 'c512acac3ad19022b13740f4849e381f') in 0.1644164 seconds
Number of updated asset objects reloaded before import = 0Number of asset objects unloaded after import = 749

========================================================================
Received Prepare
Begin MonoManager ReloadAssembly
[Licensing::Client] Successfully resolved entitlement details
Symbol file LoadedFromMemory is not a mono symbol file
- Loaded All Assemblies, in  1.655 seconds
Refreshing native plugins compatible for Editor in 2.11 ms, found 3 plugins.
Native extension for WindowsStandalone target not found
[Package Manager] Failed to launch server process. Reason: Unity was launched with the -noUpm command-line argument
[Package Manager] Unable to send message (not connected to server process).
[Package Manager] Cannot connect to Unity Package Manager local server
[Package Manager] Failed to launch server process. Reason: Unity was launched with the -noUpm command-line argument
[Package Manager] Unable to send message (not connected to server process).
[Package Manager] Cannot connect to Unity Package Manager local server
Mono: successfully reloaded assembly
- Finished resetting the current domain, in  1.282 seconds
Domain Reload Profiling: 2931ms
	BeginReloadAssembly (393ms)
		ExecutionOrderSort (0ms)
		DisableScriptedObjects (21ms)
		BackupInstance (0ms)
		ReleaseScriptingObjects (0ms)
		CreateAndSetChildDomain (90ms)
	RebuildCommonClasses (87ms)
	RebuildNativeTypeToScriptingClass (32ms)
	initialDomainReloadingComplete (69ms)
	LoadAllAssembliesAndSetupDomain (1067ms)
		LoadAssemblies (762ms)
		RebuildTransferFunctionScriptingTraits (0ms)
		AnalyzeDomain (487ms)
			TypeCache.Refresh (15ms)
				TypeCache.ScanAssembly (0ms)
			BuildScriptInfoCaches (449ms)
			ResolveRequiredComponents (13ms)
	FinalizeReload (1283ms)
		ReleaseScriptCaches (0ms)
		RebuildScriptCaches (0ms)
		SetupLoadedEditorAssemblies (1039ms)
			LogAssemblyErrors (0ms)
			InitializePlatformSupportModulesInManaged (3ms)
			SetLoadedEditorAssemblies (9ms)
			BeforeProcessingInitializeOnLoad (276ms)
			ProcessInitializeOnLoadAttributes (629ms)
			ProcessInitializeOnLoadMethodAttributes (107ms)
			AfterProcessingInitializeOnLoad (14ms)
			EditorAssembliesLoaded (0ms)
		ExecutionOrderSort2 (0ms)
		AwakeInstancesAfterBackupRestoration (22ms)
Refreshing native plugins compatible for Editor in 1.98 ms, found 3 plugins.
Preloading 0 native plugins for Editor in 0.00 ms.
Unloading 0 Unused Serialized files (Serialized files now loaded: 0)
Unloading 4242 unused Assets / (1.0 MB). Loaded Objects now: 4841.
Memory consumption went from 102.9 MB to 101.8 MB.
Total: 12.897200 ms (FindLiveObjects: 0.655600 ms CreateObjectMapping: 0.812300 ms MarkObjects: 8.762100 ms  DeleteObjects: 2.665200 ms)

Prepare: number of updated asset objects reloaded= 0
========================================================================
Received Import Request.
  Time since last request: 56.947601 seconds.
  path: Assets/Cars/Aston Martin.prefab
  artifactKey: Guid(1393895e5638a0c468386a6426f409aa) Importer(815301076,1909f56bfc062723c751e8b465ee728b)
Start importing Assets/Cars/Aston Martin.prefab using Guid(1393895e5638a0c468386a6426f409aa) Importer(815301076,1909f56bfc062723c751e8b465ee728b) (PreviewImporter) -> (artifact id: '62eef324fdea5b9eec05b5fca4ce824e') in 0.4248944 seconds
Number of updated asset objects reloaded before import = 0Number of asset objects unloaded after import = 742

========================================================================
Received Import Request.
  Time since last request: 0.000101 seconds.
  path: Assets/Cars/McLaren.prefab
  artifactKey: Guid(890c325a5aa489f4e83fffddc0cd8b7a) Importer(815301076,1909f56bfc062723c751e8b465ee728b)
Start importing Assets/Cars/McLaren.prefab using Guid(890c325a5aa489f4e83fffddc0cd8b7a) Importer(815301076,1909f56bfc062723c751e8b465ee728b) (PreviewImporter) -> (artifact id: '80333a42f683c63be2129e90a9710200') in 0.1742485 seconds
Number of updated asset objects reloaded before import = 0Number of asset objects unloaded after import = 748

========================================================================
Received Import Request.
  Time since last request: 0.000153 seconds.
  path: Assets/Cars/Red Bull (1).prefab
  artifactKey: Guid(a55aa66b3ff624a438c838e2d0be974a) Importer(815301076,1909f56bfc062723c751e8b465ee728b)
Start importing Assets/Cars/Red Bull (1).prefab using Guid(a55aa66b3ff624a438c838e2d0be974a) Importer(815301076,1909f56bfc062723c751e8b465ee728b) (PreviewImporter) -> (artifact id: '24fc9540df039d98dd7c5c959c378469') in 0.1523386 seconds
Number of updated asset objects reloaded before import = 0Number of asset objects unloaded after import = 749

========================================================================
Received Import Request.
  Time since last request: 13.641505 seconds.
  path: Assets/Cars/Aston Martin.prefab
  artifactKey: Guid(1393895e5638a0c468386a6426f409aa) Importer(815301076,1909f56bfc062723c751e8b465ee728b)
Start importing Assets/Cars/Aston Martin.prefab using Guid(1393895e5638a0c468386a6426f409aa) Importer(815301076,1909f56bfc062723c751e8b465ee728b) (PreviewImporter) -> (artifact id: '3db63b64e351c453a6f52159f845808f') in 0.2454143 seconds
Number of updated asset objects reloaded before import = 0Number of asset objects unloaded after import = 742

========================================================================
Received Import Request.
  Time since last request: 0.000036 seconds.
  path: Assets/Cars/Mercedes Variant.prefab
  artifactKey: Guid(4bed59296ba5d0347a6f900511c21111) Importer(815301076,1909f56bfc062723c751e8b465ee728b)
Start importing Assets/Cars/Mercedes Variant.prefab using Guid(4bed59296ba5d0347a6f900511c21111) Importer(815301076,1909f56bfc062723c751e8b465ee728b) (PreviewImporter) -> (artifact id: 'b3f10895e21becc6913d55e23075e309') in 0.2158719 seconds
Number of updated asset objects reloaded before import = 0Number of asset objects unloaded after import = 749

========================================================================
Received Import Request.
  Time since last request: 0.000069 seconds.
  path: Assets/Cars/Racing Bulls.prefab
  artifactKey: Guid(d60d3a8c5a4bf5d47ae681b9f285fef8) Importer(815301076,1909f56bfc062723c751e8b465ee728b)
Start importing Assets/Cars/Racing Bulls.prefab using Guid(d60d3a8c5a4bf5d47ae681b9f285fef8) Importer(815301076,1909f56bfc062723c751e8b465ee728b) (PreviewImporter) -> (artifact id: '282a71d4068cf02e53ee7db2fde9c285') in 0.1880099 seconds
Number of updated asset objects reloaded before import = 0Number of asset objects unloaded after import = 749

========================================================================
Received Import Request.
  Time since last request: 121.097312 seconds.
  path: Assets/Cars/Aston Martin.prefab
  artifactKey: Guid(1393895e5638a0c468386a6426f409aa) Importer(815301076,1909f56bfc062723c751e8b465ee728b)
Start importing Assets/Cars/Aston Martin.prefab using Guid(1393895e5638a0c468386a6426f409aa) Importer(815301076,1909f56bfc062723c751e8b465ee728b) (PreviewImporter) -> (artifact id: '5c8178077f54dda4bd606c480df86692') in 0.2143215 seconds
Number of updated asset objects reloaded before import = 0Number of asset objects unloaded after import = 742

========================================================================
Received Import Request.
  Time since last request: 0.000571 seconds.
  path: Assets/Cars/Mercedes Variant.prefab
  artifactKey: Guid(4bed59296ba5d0347a6f900511c21111) Importer(815301076,1909f56bfc062723c751e8b465ee728b)
Start importing Assets/Cars/Mercedes Variant.prefab using Guid(4bed59296ba5d0347a6f900511c21111) Importer(815301076,1909f56bfc062723c751e8b465ee728b) (PreviewImporter) -> (artifact id: '95eb68e0128e464932d1dc75391cb5ab') in 0.2090071 seconds
Number of updated asset objects reloaded before import = 0Number of asset objects unloaded after import = 749

========================================================================
Received Import Request.
  Time since last request: 0.000060 seconds.
  path: Assets/Cars/Williams.prefab
  artifactKey: Guid(680097894f6c17f4db57da9de713796e) Importer(815301076,1909f56bfc062723c751e8b465ee728b)
Start importing Assets/Cars/Williams.prefab using Guid(680097894f6c17f4db57da9de713796e) Importer(815301076,1909f56bfc062723c751e8b465ee728b) (PreviewImporter) -> (artifact id: '7a9ad185bad82c9871929181e844a217') in 0.1585162 seconds
Number of updated asset objects reloaded before import = 0Number of asset objects unloaded after import = 749

========================================================================
Received Import Request.
  Time since last request: 0.000034 seconds.
  path: Assets/Cars/Racing Bulls.prefab
  artifactKey: Guid(d60d3a8c5a4bf5d47ae681b9f285fef8) Importer(815301076,1909f56bfc062723c751e8b465ee728b)
Start importing Assets/Cars/Racing Bulls.prefab using Guid(d60d3a8c5a4bf5d47ae681b9f285fef8) Importer(815301076,1909f56bfc062723c751e8b465ee728b) (PreviewImporter) -> (artifact id: 'df1c204fa9d295bd0a9e3b6982e663fa') in 0.1671071 seconds
Number of updated asset objects reloaded before import = 0Number of asset objects unloaded after import = 749

========================================================================
Received Import Request.
  Time since last request: 7.840298 seconds.
  path: Assets/Cars/Aston Martin.prefab
  artifactKey: Guid(1393895e5638a0c468386a6426f409aa) Importer(815301076,1909f56bfc062723c751e8b465ee728b)
Start importing Assets/Cars/Aston Martin.prefab using Guid(1393895e5638a0c468386a6426f409aa) Importer(815301076,1909f56bfc062723c751e8b465ee728b) (PreviewImporter) -> (artifact id: '86972f70c7bb285b17d57afb5d00dfa2') in 0.2058165 seconds
Number of updated asset objects reloaded before import = 0Number of asset objects unloaded after import = 742

========================================================================
Received Import Request.
  Time since last request: 0.000049 seconds.
  path: Assets/Cars/Mercedes Variant.prefab
  artifactKey: Guid(4bed59296ba5d0347a6f900511c21111) Importer(815301076,1909f56bfc062723c751e8b465ee728b)
Start importing Assets/Cars/Mercedes Variant.prefab using Guid(4bed59296ba5d0347a6f900511c21111) Importer(815301076,1909f56bfc062723c751e8b465ee728b) (PreviewImporter) -> (artifact id: '8631bf8f7463e4bcfbe15b18cf77b93a') in 0.2016599 seconds
Number of updated asset objects reloaded before import = 0Number of asset objects unloaded after import = 749

========================================================================
Received Import Request.
  Time since last request: 0.000041 seconds.
  path: Assets/Cars/Williams.prefab
  artifactKey: Guid(680097894f6c17f4db57da9de713796e) Importer(815301076,1909f56bfc062723c751e8b465ee728b)
Start importing Assets/Cars/Williams.prefab using Guid(680097894f6c17f4db57da9de713796e) Importer(815301076,1909f56bfc062723c751e8b465ee728b) (PreviewImporter) -> (artifact id: 'fc8c56ca69c636bd787ad8e2fd53babd') in 0.1805704 seconds
Number of updated asset objects reloaded before import = 0Number of asset objects unloaded after import = 749

========================================================================
Received Import Request.
  Time since last request: 0.000034 seconds.
  path: Assets/Cars/Red Bull (1).prefab
  artifactKey: Guid(a55aa66b3ff624a438c838e2d0be974a) Importer(815301076,1909f56bfc062723c751e8b465ee728b)
Start importing Assets/Cars/Red Bull (1).prefab using Guid(a55aa66b3ff624a438c838e2d0be974a) Importer(815301076,1909f56bfc062723c751e8b465ee728b) (PreviewImporter) -> (artifact id: 'e9bf887bde63c6e1770fd1e94c7c71c2') in 0.113415 seconds
Number of updated asset objects reloaded before import = 0Number of asset objects unloaded after import = 749

========================================================================
Received Import Request.
  Time since last request: 11.518460 seconds.
  path: Assets/Cars/Aston Martin.prefab
  artifactKey: Guid(1393895e5638a0c468386a6426f409aa) Importer(815301076,1909f56bfc062723c751e8b465ee728b)
Start importing Assets/Cars/Aston Martin.prefab using Guid(1393895e5638a0c468386a6426f409aa) Importer(815301076,1909f56bfc062723c751e8b465ee728b) (PreviewImporter) -> (artifact id: 'eab39345c15447203ff050adc981804e') in 0.1866409 seconds
Number of updated asset objects reloaded before import = 0Number of asset objects unloaded after import = 742

========================================================================
Received Import Request.
  Time since last request: 0.000037 seconds.
  path: Assets/Cars/Mercedes Variant.prefab
  artifactKey: Guid(4bed59296ba5d0347a6f900511c21111) Importer(815301076,1909f56bfc062723c751e8b465ee728b)
Start importing Assets/Cars/Mercedes Variant.prefab using Guid(4bed59296ba5d0347a6f900511c21111) Importer(815301076,1909f56bfc062723c751e8b465ee728b) (PreviewImporter) -> (artifact id: '3f398baddc416cc7cf43cdb8a42866c1') in 0.2180329 seconds
Number of updated asset objects reloaded before import = 0Number of asset objects unloaded after import = 749

========================================================================
Received Import Request.
  Time since last request: 0.000058 seconds.
  path: Assets/Cars/Racing Bulls.prefab
  artifactKey: Guid(d60d3a8c5a4bf5d47ae681b9f285fef8) Importer(815301076,1909f56bfc062723c751e8b465ee728b)
Start importing Assets/Cars/Racing Bulls.prefab using Guid(d60d3a8c5a4bf5d47ae681b9f285fef8) Importer(815301076,1909f56bfc062723c751e8b465ee728b) (PreviewImporter) -> (artifact id: '19079d199bf70fdf5610d0424a78209e') in 0.157718 seconds
Number of updated asset objects reloaded before import = 0Number of asset objects unloaded after import = 749

========================================================================
Received Import Request.
  Time since last request: 7.123624 seconds.
  path: Assets/Cars/Aston Martin.prefab
  artifactKey: Guid(1393895e5638a0c468386a6426f409aa) Importer(815301076,1909f56bfc062723c751e8b465ee728b)
Start importing Assets/Cars/Aston Martin.prefab using Guid(1393895e5638a0c468386a6426f409aa) Importer(815301076,1909f56bfc062723c751e8b465ee728b) (PreviewImporter) -> (artifact id: '1c704dfef2d6fed842258359469d969b') in 0.1610205 seconds
Number of updated asset objects reloaded before import = 0Number of asset objects unloaded after import = 742

========================================================================
Received Import Request.
  Time since last request: 0.578430 seconds.
  path: Assets/Cars/Ferrari.prefab
  artifactKey: Guid(ab19c861d2616874d8a60922d98e2637) Importer(815301076,1909f56bfc062723c751e8b465ee728b)
Start importing Assets/Cars/Ferrari.prefab using Guid(ab19c861d2616874d8a60922d98e2637) Importer(815301076,1909f56bfc062723c751e8b465ee728b) (PreviewImporter) -> (artifact id: '401fc1126ccf9c81ca99faea2c211ee8') in 0.22696 seconds
Number of updated asset objects reloaded before import = 0Number of asset objects unloaded after import = 748

========================================================================
Received Import Request.
  Time since last request: 0.000046 seconds.
  path: Assets/Cars/Williams.prefab
  artifactKey: Guid(680097894f6c17f4db57da9de713796e) Importer(815301076,1909f56bfc062723c751e8b465ee728b)
Start importing Assets/Cars/Williams.prefab using Guid(680097894f6c17f4db57da9de713796e) Importer(815301076,1909f56bfc062723c751e8b465ee728b) (PreviewImporter) -> (artifact id: '5fa280f6010346c4a5f35afa6cf54fbc') in 0.2419306 seconds
Number of updated asset objects reloaded before import = 0Number of asset objects unloaded after import = 749

========================================================================
Received Import Request.
  Time since last request: 8.782754 seconds.
  path: Assets/Cars/Aston Martin.prefab
  artifactKey: Guid(1393895e5638a0c468386a6426f409aa) Importer(815301076,1909f56bfc062723c751e8b465ee728b)
Start importing Assets/Cars/Aston Martin.prefab using Guid(1393895e5638a0c468386a6426f409aa) Importer(815301076,1909f56bfc062723c751e8b465ee728b) (PreviewImporter) -> (artifact id: 'b45befcfa9fa9706c02d63264b8cfcf4') in 0.145813 seconds
Number of updated asset objects reloaded before import = 0Number of asset objects unloaded after import = 742

========================================================================
Received Import Request.
  Time since last request: 0.572452 seconds.
  path: Assets/Cars/Ferrari.prefab
  artifactKey: Guid(ab19c861d2616874d8a60922d98e2637) Importer(815301076,1909f56bfc062723c751e8b465ee728b)
Start importing Assets/Cars/Ferrari.prefab using Guid(ab19c861d2616874d8a60922d98e2637) Importer(815301076,1909f56bfc062723c751e8b465ee728b) (PreviewImporter) -> (artifact id: '5da13e6a20d3b3bfacc0b68c6803f9b3') in 0.2058393 seconds
Number of updated asset objects reloaded before import = 0Number of asset objects unloaded after import = 748

========================================================================
Received Import Request.
  Time since last request: 0.000044 seconds.
  path: Assets/Cars/Williams.prefab
  artifactKey: Guid(680097894f6c17f4db57da9de713796e) Importer(815301076,1909f56bfc062723c751e8b465ee728b)
Start importing Assets/Cars/Williams.prefab using Guid(680097894f6c17f4db57da9de713796e) Importer(815301076,1909f56bfc062723c751e8b465ee728b) (PreviewImporter) -> (artifact id: '90e544675a4ab4879d39f1208a5c7fbc') in 0.2147925 seconds
Number of updated asset objects reloaded before import = 0Number of asset objects unloaded after import = 749

========================================================================
Received Prepare
Begin MonoManager ReloadAssembly
[Licensing::Client] Successfully resolved entitlement details
Symbol file LoadedFromMemory is not a mono symbol file
- Loaded All Assemblies, in  1.760 seconds
Refreshing native plugins compatible for Editor in 2.06 ms, found 3 plugins.
Native extension for WindowsStandalone target not found
[Package Manager] Failed to launch server process. Reason: Unity was launched with the -noUpm command-line argument
[Package Manager] Unable to send message (not connected to server process).
[Package Manager] Cannot connect to Unity Package Manager local server
[Package Manager] Failed to launch server process. Reason: Unity was launched with the -noUpm command-line argument
[Package Manager] Unable to send message (not connected to server process).
[Package Manager] Cannot connect to Unity Package Manager local server
Mono: successfully reloaded assembly
- Finished resetting the current domain, in  1.142 seconds
Domain Reload Profiling: 2896ms
	BeginReloadAssembly (406ms)
		ExecutionOrderSort (0ms)
		DisableScriptedObjects (21ms)
		BackupInstance (0ms)
		ReleaseScriptingObjects (0ms)
		CreateAndSetChildDomain (90ms)
	RebuildCommonClasses (68ms)
	RebuildNativeTypeToScriptingClass (32ms)
	initialDomainReloadingComplete (67ms)
	LoadAllAssembliesAndSetupDomain (1180ms)
		LoadAssemblies (814ms)
		RebuildTransferFunctionScriptingTraits (0ms)
		AnalyzeDomain (564ms)
			TypeCache.Refresh (19ms)
				TypeCache.ScanAssembly (0ms)
			BuildScriptInfoCaches (528ms)
			ResolveRequiredComponents (8ms)
	FinalizeReload (1143ms)
		ReleaseScriptCaches (0ms)
		RebuildScriptCaches (0ms)
		SetupLoadedEditorAssemblies (880ms)
			LogAssemblyErrors (0ms)
			InitializePlatformSupportModulesInManaged (2ms)
			SetLoadedEditorAssemblies (8ms)
			BeforeProcessingInitializeOnLoad (246ms)
			ProcessInitializeOnLoadAttributes (525ms)
			ProcessInitializeOnLoadMethodAttributes (87ms)
			AfterProcessingInitializeOnLoad (11ms)
			EditorAssembliesLoaded (0ms)
		ExecutionOrderSort2 (0ms)
		AwakeInstancesAfterBackupRestoration (17ms)
Refreshing native plugins compatible for Editor in 2.30 ms, found 3 plugins.
Preloading 0 native plugins for Editor in 0.00 ms.
Unloading 0 Unused Serialized files (Serialized files now loaded: 0)
Unloading 4242 unused Assets / (1.7 MB). Loaded Objects now: 4843.
Memory consumption went from 103.0 MB to 101.3 MB.
Total: 12.926800 ms (FindLiveObjects: 0.643900 ms CreateObjectMapping: 0.966300 ms MarkObjects: 8.682800 ms  DeleteObjects: 2.632100 ms)

Prepare: number of updated asset objects reloaded= 0
========================================================================
Received Import Request.
  Time since last request: 57.612130 seconds.
  path: Assets/Cars/Aston Martin.prefab
  artifactKey: Guid(1393895e5638a0c468386a6426f409aa) Importer(815301076,1909f56bfc062723c751e8b465ee728b)
Start importing Assets/Cars/Aston Martin.prefab using Guid(1393895e5638a0c468386a6426f409aa) Importer(815301076,1909f56bfc062723c751e8b465ee728b) (PreviewImporter) -> (artifact id: 'c7630d1452d8a8635d75a05ee909058d') in 0.4089269 seconds
Number of updated asset objects reloaded before import = 0Number of asset objects unloaded after import = 742

========================================================================
Received Import Request.
  Time since last request: 0.000058 seconds.
  path: Assets/Cars/McLaren.prefab
  artifactKey: Guid(890c325a5aa489f4e83fffddc0cd8b7a) Importer(815301076,1909f56bfc062723c751e8b465ee728b)
Start importing Assets/Cars/McLaren.prefab using Guid(890c325a5aa489f4e83fffddc0cd8b7a) Importer(815301076,1909f56bfc062723c751e8b465ee728b) (PreviewImporter) -> (artifact id: '7a3f89814763992b4e115862bd98bb8f') in 0.1876548 seconds
Number of updated asset objects reloaded before import = 0Number of asset objects unloaded after import = 748

========================================================================
Received Import Request.
  Time since last request: 13.893442 seconds.
  path: Assets/Cars/Aston Martin.prefab
  artifactKey: Guid(1393895e5638a0c468386a6426f409aa) Importer(815301076,1909f56bfc062723c751e8b465ee728b)
Start importing Assets/Cars/Aston Martin.prefab using Guid(1393895e5638a0c468386a6426f409aa) Importer(815301076,1909f56bfc062723c751e8b465ee728b) (PreviewImporter) -> (artifact id: '153837e6a94da57a85dcf0aec37807d0') in 0.1962035 seconds
Number of updated asset objects reloaded before import = 0Number of asset objects unloaded after import = 742

========================================================================
Received Import Request.
  Time since last request: 0.000038 seconds.
  path: Assets/Cars/Mercedes Variant.prefab
  artifactKey: Guid(4bed59296ba5d0347a6f900511c21111) Importer(815301076,1909f56bfc062723c751e8b465ee728b)
Start importing Assets/Cars/Mercedes Variant.prefab using Guid(4bed59296ba5d0347a6f900511c21111) Importer(815301076,1909f56bfc062723c751e8b465ee728b) (PreviewImporter) -> (artifact id: '7bb251a47fec3049f621e84252c2322e') in 0.1957193 seconds
Number of updated asset objects reloaded before import = 0Number of asset objects unloaded after import = 749

========================================================================
Received Import Request.
  Time since last request: 0.000128 seconds.
  path: Assets/Cars/Racing Bulls.prefab
  artifactKey: Guid(d60d3a8c5a4bf5d47ae681b9f285fef8) Importer(815301076,1909f56bfc062723c751e8b465ee728b)
Start importing Assets/Cars/Racing Bulls.prefab using Guid(d60d3a8c5a4bf5d47ae681b9f285fef8) Importer(815301076,1909f56bfc062723c751e8b465ee728b) (PreviewImporter) -> (artifact id: '61478c02e73e66b17addeb2b92929159') in 0.1839395 seconds
Number of updated asset objects reloaded before import = 0Number of asset objects unloaded after import = 749

========================================================================
Received Import Request.
  Time since last request: 6.704061 seconds.
  path: Assets/Cars/Aston Martin.prefab
  artifactKey: Guid(1393895e5638a0c468386a6426f409aa) Importer(815301076,1909f56bfc062723c751e8b465ee728b)
Start importing Assets/Cars/Aston Martin.prefab using Guid(1393895e5638a0c468386a6426f409aa) Importer(815301076,1909f56bfc062723c751e8b465ee728b) (PreviewImporter) -> (artifact id: '288b5f8f1598154b25ba553d58d79dcb') in 0.1900673 seconds
Number of updated asset objects reloaded before import = 0Number of asset objects unloaded after import = 742

========================================================================
Received Import Request.
  Time since last request: 0.000065 seconds.
  path: Assets/Cars/Mercedes Variant.prefab
  artifactKey: Guid(4bed59296ba5d0347a6f900511c21111) Importer(815301076,1909f56bfc062723c751e8b465ee728b)
Start importing Assets/Cars/Mercedes Variant.prefab using Guid(4bed59296ba5d0347a6f900511c21111) Importer(815301076,1909f56bfc062723c751e8b465ee728b) (PreviewImporter) -> (artifact id: 'cfd305b105efe31cfd754f4dadbabbbf') in 0.2085774 seconds
Number of updated asset objects reloaded before import = 0Number of asset objects unloaded after import = 749

========================================================================
Received Import Request.
  Time since last request: 0.000088 seconds.
  path: Assets/Cars/Racing Bulls.prefab
  artifactKey: Guid(d60d3a8c5a4bf5d47ae681b9f285fef8) Importer(815301076,1909f56bfc062723c751e8b465ee728b)
Start importing Assets/Cars/Racing Bulls.prefab using Guid(d60d3a8c5a4bf5d47ae681b9f285fef8) Importer(815301076,1909f56bfc062723c751e8b465ee728b) (PreviewImporter) -> (artifact id: '88a5ffe0366a720138e2c09d3f081313') in 0.160952 seconds
Number of updated asset objects reloaded before import = 0Number of asset objects unloaded after import = 749

========================================================================
Received Import Request.
  Time since last request: 5.553959 seconds.
  path: Assets/Cars/Aston Martin.prefab
  artifactKey: Guid(1393895e5638a0c468386a6426f409aa) Importer(815301076,1909f56bfc062723c751e8b465ee728b)
Start importing Assets/Cars/Aston Martin.prefab using Guid(1393895e5638a0c468386a6426f409aa) Importer(815301076,1909f56bfc062723c751e8b465ee728b) (PreviewImporter) -> (artifact id: 'd80dc643191ddd4bb5ac7977f38117c4') in 0.2027798 seconds
Number of updated asset objects reloaded before import = 0Number of asset objects unloaded after import = 742

========================================================================
Received Import Request.
  Time since last request: 0.000060 seconds.
  path: Assets/Cars/Mercedes Variant.prefab
  artifactKey: Guid(4bed59296ba5d0347a6f900511c21111) Importer(815301076,1909f56bfc062723c751e8b465ee728b)
Start importing Assets/Cars/Mercedes Variant.prefab using Guid(4bed59296ba5d0347a6f900511c21111) Importer(815301076,1909f56bfc062723c751e8b465ee728b) (PreviewImporter) -> (artifact id: 'd75844eafcae3d01e36ba08810870eae') in 0.2054391 seconds
Number of updated asset objects reloaded before import = 0Number of asset objects unloaded after import = 749

========================================================================
Received Import Request.
  Time since last request: 0.000036 seconds.
  path: Assets/Cars/Racing Bulls.prefab
  artifactKey: Guid(d60d3a8c5a4bf5d47ae681b9f285fef8) Importer(815301076,1909f56bfc062723c751e8b465ee728b)
Start importing Assets/Cars/Racing Bulls.prefab using Guid(d60d3a8c5a4bf5d47ae681b9f285fef8) Importer(815301076,1909f56bfc062723c751e8b465ee728b) (PreviewImporter) -> (artifact id: '8f89d7a43aaa18e2278e526753ea5e92') in 0.163006 seconds
Number of updated asset objects reloaded before import = 0Number of asset objects unloaded after import = 749

========================================================================
Received Import Request.
  Time since last request: 5.603581 seconds.
  path: Assets/Cars/Aston Martin.prefab
  artifactKey: Guid(1393895e5638a0c468386a6426f409aa) Importer(815301076,1909f56bfc062723c751e8b465ee728b)
Start importing Assets/Cars/Aston Martin.prefab using Guid(1393895e5638a0c468386a6426f409aa) Importer(815301076,1909f56bfc062723c751e8b465ee728b) (PreviewImporter) -> (artifact id: '436fadcd2ee4beb99a3592ac68b3304a') in 0.194576 seconds
Number of updated asset objects reloaded before import = 0Number of asset objects unloaded after import = 742

========================================================================
Received Import Request.
  Time since last request: 0.000046 seconds.
  path: Assets/Cars/Mercedes Variant.prefab
  artifactKey: Guid(4bed59296ba5d0347a6f900511c21111) Importer(815301076,1909f56bfc062723c751e8b465ee728b)
Start importing Assets/Cars/Mercedes Variant.prefab using Guid(4bed59296ba5d0347a6f900511c21111) Importer(815301076,1909f56bfc062723c751e8b465ee728b) (PreviewImporter) -> (artifact id: 'dd48754f632b7870da6891a95ee44672') in 0.1999162 seconds
Number of updated asset objects reloaded before import = 0Number of asset objects unloaded after import = 749

========================================================================
Received Import Request.
  Time since last request: 0.000049 seconds.
  path: Assets/Cars/Red Bull (1).prefab
  artifactKey: Guid(a55aa66b3ff624a438c838e2d0be974a) Importer(815301076,1909f56bfc062723c751e8b465ee728b)
Start importing Assets/Cars/Red Bull (1).prefab using Guid(a55aa66b3ff624a438c838e2d0be974a) Importer(815301076,1909f56bfc062723c751e8b465ee728b) (PreviewImporter) -> (artifact id: '3f61a85d136a1f6ddc16b35d49d10334') in 0.164526 seconds
Number of updated asset objects reloaded before import = 0Number of asset objects unloaded after import = 749

========================================================================
Received Import Request.
  Time since last request: 5.109094 seconds.
  path: Assets/Cars/Aston Martin.prefab
  artifactKey: Guid(1393895e5638a0c468386a6426f409aa) Importer(815301076,1909f56bfc062723c751e8b465ee728b)
Start importing Assets/Cars/Aston Martin.prefab using Guid(1393895e5638a0c468386a6426f409aa) Importer(815301076,1909f56bfc062723c751e8b465ee728b) (PreviewImporter) -> (artifact id: '2d4ccc006991d74bb6f9f04cfcf43282') in 0.1920208 seconds
Number of updated asset objects reloaded before import = 0Number of asset objects unloaded after import = 742

========================================================================
Received Import Request.
  Time since last request: 0.000052 seconds.
  path: Assets/Cars/Mercedes Variant.prefab
  artifactKey: Guid(4bed59296ba5d0347a6f900511c21111) Importer(815301076,1909f56bfc062723c751e8b465ee728b)
Start importing Assets/Cars/Mercedes Variant.prefab using Guid(4bed59296ba5d0347a6f900511c21111) Importer(815301076,1909f56bfc062723c751e8b465ee728b) (PreviewImporter) -> (artifact id: 'c96a695caebf45dd174e29da3f70ad80') in 0.2179546 seconds
Number of updated asset objects reloaded before import = 0Number of asset objects unloaded after import = 749

========================================================================
Received Import Request.
  Time since last request: 0.000046 seconds.
  path: Assets/Cars/Racing Bulls.prefab
  artifactKey: Guid(d60d3a8c5a4bf5d47ae681b9f285fef8) Importer(815301076,1909f56bfc062723c751e8b465ee728b)
Start importing Assets/Cars/Racing Bulls.prefab using Guid(d60d3a8c5a4bf5d47ae681b9f285fef8) Importer(815301076,1909f56bfc062723c751e8b465ee728b) (PreviewImporter) -> (artifact id: 'a43f0987f65cfc07bdff3e01f5ce0684') in 0.2169329 seconds
Number of updated asset objects reloaded before import = 0Number of asset objects unloaded after import = 749

========================================================================
Received Import Request.
  Time since last request: 5.019870 seconds.
  path: Assets/Cars/Aston Martin.prefab
  artifactKey: Guid(1393895e5638a0c468386a6426f409aa) Importer(815301076,1909f56bfc062723c751e8b465ee728b)
Start importing Assets/Cars/Aston Martin.prefab using Guid(1393895e5638a0c468386a6426f409aa) Importer(815301076,1909f56bfc062723c751e8b465ee728b) (PreviewImporter) -> (artifact id: '3f3aee05e40584bb3efe69c22837b6f9') in 0.169894 seconds
Number of updated asset objects reloaded before import = 0Number of asset objects unloaded after import = 742

========================================================================
Received Import Request.
  Time since last request: 0.000044 seconds.
  path: Assets/Cars/Mercedes Variant.prefab
  artifactKey: Guid(4bed59296ba5d0347a6f900511c21111) Importer(815301076,1909f56bfc062723c751e8b465ee728b)
Start importing Assets/Cars/Mercedes Variant.prefab using Guid(4bed59296ba5d0347a6f900511c21111) Importer(815301076,1909f56bfc062723c751e8b465ee728b) (PreviewImporter) -> (artifact id: '99c680390ca549020eaba65728214474') in 0.1865403 seconds
Number of updated asset objects reloaded before import = 0Number of asset objects unloaded after import = 749

========================================================================
Received Import Request.
  Time since last request: 0.000045 seconds.
  path: Assets/Cars/Racing Bulls.prefab
  artifactKey: Guid(d60d3a8c5a4bf5d47ae681b9f285fef8) Importer(815301076,1909f56bfc062723c751e8b465ee728b)
Start importing Assets/Cars/Racing Bulls.prefab using Guid(d60d3a8c5a4bf5d47ae681b9f285fef8) Importer(815301076,1909f56bfc062723c751e8b465ee728b) (PreviewImporter) -> (artifact id: '0800845800813a06e93046ff9e3160b8') in 0.1573106 seconds
Number of updated asset objects reloaded before import = 0Number of asset objects unloaded after import = 749

========================================================================
Received Import Request.
  Time since last request: 24.241307 seconds.
  path: Assets/Cars/Aston Martin.prefab
  artifactKey: Guid(1393895e5638a0c468386a6426f409aa) Importer(815301076,1909f56bfc062723c751e8b465ee728b)
Start importing Assets/Cars/Aston Martin.prefab using Guid(1393895e5638a0c468386a6426f409aa) Importer(815301076,1909f56bfc062723c751e8b465ee728b) (PreviewImporter) -> (artifact id: 'e1a0be4c35231bb46f421e47d4662407') in 0.1879455 seconds
Number of updated asset objects reloaded before import = 0Number of asset objects unloaded after import = 742

========================================================================
Received Import Request.
  Time since last request: 0.000036 seconds.
  path: Assets/Cars/Mercedes Variant.prefab
  artifactKey: Guid(4bed59296ba5d0347a6f900511c21111) Importer(815301076,1909f56bfc062723c751e8b465ee728b)
Start importing Assets/Cars/Mercedes Variant.prefab using Guid(4bed59296ba5d0347a6f900511c21111) Importer(815301076,1909f56bfc062723c751e8b465ee728b) (PreviewImporter) -> (artifact id: 'aa20fc6fd6e81fb7ebcf8c7826ed923f') in 0.1872335 seconds
Number of updated asset objects reloaded before import = 0Number of asset objects unloaded after import = 749

========================================================================
Received Import Request.
  Time since last request: 0.000048 seconds.
  path: Assets/Cars/Racing Bulls.prefab
  artifactKey: Guid(d60d3a8c5a4bf5d47ae681b9f285fef8) Importer(815301076,1909f56bfc062723c751e8b465ee728b)
Start importing Assets/Cars/Racing Bulls.prefab using Guid(d60d3a8c5a4bf5d47ae681b9f285fef8) Importer(815301076,1909f56bfc062723c751e8b465ee728b) (PreviewImporter) -> (artifact id: '20c9f1508a44c3f631802201a871ff07') in 0.1922516 seconds
Number of updated asset objects reloaded before import = 0Number of asset objects unloaded after import = 749

========================================================================
Received Import Request.
  Time since last request: 10.568920 seconds.
  path: Assets/Cars/Aston Martin.prefab
  artifactKey: Guid(1393895e5638a0c468386a6426f409aa) Importer(815301076,1909f56bfc062723c751e8b465ee728b)
Start importing Assets/Cars/Aston Martin.prefab using Guid(1393895e5638a0c468386a6426f409aa) Importer(815301076,1909f56bfc062723c751e8b465ee728b) (PreviewImporter) -> (artifact id: 'f809c771a58ed6bca51e825b8d94db92') in 0.1979869 seconds
Number of updated asset objects reloaded before import = 0Number of asset objects unloaded after import = 742

========================================================================
Received Import Request.
  Time since last request: 0.000043 seconds.
  path: Assets/Cars/Mercedes Variant.prefab
  artifactKey: Guid(4bed59296ba5d0347a6f900511c21111) Importer(815301076,1909f56bfc062723c751e8b465ee728b)
Start importing Assets/Cars/Mercedes Variant.prefab using Guid(4bed59296ba5d0347a6f900511c21111) Importer(815301076,1909f56bfc062723c751e8b465ee728b) (PreviewImporter) -> (artifact id: 'ef59f50a84dcaecd46066708cf939638') in 0.1737556 seconds
Number of updated asset objects reloaded before import = 0Number of asset objects unloaded after import = 749

========================================================================
Received Import Request.
  Time since last request: 0.000081 seconds.
  path: Assets/Cars/Racing Bulls.prefab
  artifactKey: Guid(d60d3a8c5a4bf5d47ae681b9f285fef8) Importer(815301076,1909f56bfc062723c751e8b465ee728b)
Start importing Assets/Cars/Racing Bulls.prefab using Guid(d60d3a8c5a4bf5d47ae681b9f285fef8) Importer(815301076,1909f56bfc062723c751e8b465ee728b) (PreviewImporter) -> (artifact id: '7956a945031aaa67428b1f878b7c6229') in 0.1857998 seconds
Number of updated asset objects reloaded before import = 0Number of asset objects unloaded after import = 749

========================================================================
Received Import Request.
  Time since last request: 12.691353 seconds.
  path: Assets/Cars/Aston Martin.prefab
  artifactKey: Guid(1393895e5638a0c468386a6426f409aa) Importer(815301076,1909f56bfc062723c751e8b465ee728b)
Start importing Assets/Cars/Aston Martin.prefab using Guid(1393895e5638a0c468386a6426f409aa) Importer(815301076,1909f56bfc062723c751e8b465ee728b) (PreviewImporter) -> (artifact id: '1fa4e9d253bc012f7e330ced1cdc704a') in 0.3282029 seconds
Number of updated asset objects reloaded before import = 0Number of asset objects unloaded after import = 742

========================================================================
Received Import Request.
  Time since last request: 0.000036 seconds.
  path: Assets/Cars/Mercedes Variant.prefab
  artifactKey: Guid(4bed59296ba5d0347a6f900511c21111) Importer(815301076,1909f56bfc062723c751e8b465ee728b)
Start importing Assets/Cars/Mercedes Variant.prefab using Guid(4bed59296ba5d0347a6f900511c21111) Importer(815301076,1909f56bfc062723c751e8b465ee728b) (PreviewImporter) -> (artifact id: '1d884c0f8759efee82703dcc54e774d7') in 0.2204573 seconds
Number of updated asset objects reloaded before import = 0Number of asset objects unloaded after import = 749

========================================================================
Received Import Request.
  Time since last request: 0.000074 seconds.
  path: Assets/Cars/Racing Bulls.prefab
  artifactKey: Guid(d60d3a8c5a4bf5d47ae681b9f285fef8) Importer(815301076,1909f56bfc062723c751e8b465ee728b)
Start importing Assets/Cars/Racing Bulls.prefab using Guid(d60d3a8c5a4bf5d47ae681b9f285fef8) Importer(815301076,1909f56bfc062723c751e8b465ee728b) (PreviewImporter) -> (artifact id: '38024b1660f26541615072e6f639be56') in 0.2070772 seconds
Number of updated asset objects reloaded before import = 0Number of asset objects unloaded after import = 749

========================================================================
Received Import Request.
  Time since last request: 10.147727 seconds.
  path: Assets/Cars/Aston Martin.prefab
  artifactKey: Guid(1393895e5638a0c468386a6426f409aa) Importer(815301076,1909f56bfc062723c751e8b465ee728b)
Start importing Assets/Cars/Aston Martin.prefab using Guid(1393895e5638a0c468386a6426f409aa) Importer(815301076,1909f56bfc062723c751e8b465ee728b) (PreviewImporter) -> (artifact id: '52a8b570b0d43ee6f4246217541a985e') in 0.266708 seconds
Number of updated asset objects reloaded before import = 0Number of asset objects unloaded after import = 742

========================================================================
Received Import Request.
  Time since last request: 0.000082 seconds.
  path: Assets/Cars/Mercedes Variant.prefab
  artifactKey: Guid(4bed59296ba5d0347a6f900511c21111) Importer(815301076,1909f56bfc062723c751e8b465ee728b)
Start importing Assets/Cars/Mercedes Variant.prefab using Guid(4bed59296ba5d0347a6f900511c21111) Importer(815301076,1909f56bfc062723c751e8b465ee728b) (PreviewImporter) -> (artifact id: 'b9df9da4428c15fa3fbd94f83161c95f') in 0.2361418 seconds
Number of updated asset objects reloaded before import = 0Number of asset objects unloaded after import = 749

========================================================================
Received Import Request.
  Time since last request: 0.000139 seconds.
  path: Assets/Cars/Racing Bulls.prefab
  artifactKey: Guid(d60d3a8c5a4bf5d47ae681b9f285fef8) Importer(815301076,1909f56bfc062723c751e8b465ee728b)
Start importing Assets/Cars/Racing Bulls.prefab using Guid(d60d3a8c5a4bf5d47ae681b9f285fef8) Importer(815301076,1909f56bfc062723c751e8b465ee728b) (PreviewImporter) -> (artifact id: '6be4bdaecc4599c963c9f830d8047784') in 0.215282 seconds
Number of updated asset objects reloaded before import = 0Number of asset objects unloaded after import = 749

========================================================================
Received Prepare
Refreshing native plugins compatible for Editor in 2.48 ms, found 3 plugins.
Preloading 0 native plugins for Editor in 0.00 ms.
Unloading 0 Unused Serialized files (Serialized files now loaded: 0)
Unloading 4235 unused Assets / (1.1 MB). Loaded Objects now: 4844.
Memory consumption went from 103.6 MB to 102.5 MB.
Total: 10.698700 ms (FindLiveObjects: 0.602400 ms CreateObjectMapping: 0.743600 ms MarkObjects: 7.299500 ms  DeleteObjects: 2.051400 ms)

Prepare: number of updated asset objects reloaded= 0
========================================================================
Received Import Request.
  Time since last request: 22.234081 seconds.
  path: Assets/Cars/Ferrari.prefab
  artifactKey: Guid(ab19c861d2616874d8a60922d98e2637) Importer(815301076,1909f56bfc062723c751e8b465ee728b)
Start importing Assets/Cars/Ferrari.prefab using Guid(ab19c861d2616874d8a60922d98e2637) Importer(815301076,1909f56bfc062723c751e8b465ee728b) (PreviewImporter) -> (artifact id: 'bab3da6c8ae921c2786b98f0bb253a30') in 0.1744422 seconds
Number of updated asset objects reloaded before import = 0Number of asset objects unloaded after import = 748

========================================================================
Received Import Request.
  Time since last request: 0.000031 seconds.
  path: Assets/Cars/Williams.prefab
  artifactKey: Guid(680097894f6c17f4db57da9de713796e) Importer(815301076,1909f56bfc062723c751e8b465ee728b)
Start importing Assets/Cars/Williams.prefab using Guid(680097894f6c17f4db57da9de713796e) Importer(815301076,1909f56bfc062723c751e8b465ee728b) (PreviewImporter) -> (artifact id: '727e1f2393dac8ac76077e3e197c1603') in 0.1923771 seconds
Number of updated asset objects reloaded before import = 0Number of asset objects unloaded after import = 749

========================================================================
Received Import Request.
  Time since last request: 0.000049 seconds.
  path: Assets/Cars/Haas.prefab
  artifactKey: Guid(f0e710c66b4141047a76ac1f04ee5a75) Importer(815301076,1909f56bfc062723c751e8b465ee728b)
Start importing Assets/Cars/Haas.prefab using Guid(f0e710c66b4141047a76ac1f04ee5a75) Importer(815301076,1909f56bfc062723c751e8b465ee728b) (PreviewImporter) -> (artifact id: '4c0797e3359784c354ccd3191a63fa14') in 0.2908775 seconds
Number of updated asset objects reloaded before import = 0Number of asset objects unloaded after import = 749

========================================================================
Received Import Request.
  Time since last request: 0.000111 seconds.
  path: Assets/Cars/Subaru.prefab
  artifactKey: Guid(f8da542ab8f93464698ffe4c8bafb25d) Importer(815301076,1909f56bfc062723c751e8b465ee728b)
Start importing Assets/Cars/Subaru.prefab using Guid(f8da542ab8f93464698ffe4c8bafb25d) Importer(815301076,1909f56bfc062723c751e8b465ee728b) (PreviewImporter) -> (artifact id: '318058b1782f1882eaa39e7aed9abff6') in 0.1503336 seconds
Number of updated asset objects reloaded before import = 0Number of asset objects unloaded after import = 662

========================================================================
Received Import Request.
  Time since last request: 0.000031 seconds.
  path: Assets/Cars/ferrari_old.prefab
  artifactKey: Guid(ca61dfd311870ba468dba5c1c0c17d09) Importer(815301076,1909f56bfc062723c751e8b465ee728b)
Start importing Assets/Cars/ferrari_old.prefab using Guid(ca61dfd311870ba468dba5c1c0c17d09) Importer(815301076,1909f56bfc062723c751e8b465ee728b) (PreviewImporter) -> (artifact id: '91deeb6ca5d7a3add9e3ab04f65130e5') in 0.1837555 seconds
Number of updated asset objects reloaded before import = 0Number of asset objects unloaded after import = 1315

========================================================================
Received Prepare
Begin MonoManager ReloadAssembly
[Licensing::Client] Successfully resolved entitlement details
Symbol file LoadedFromMemory is not a mono symbol file
- Loaded All Assemblies, in  1.775 seconds
Refreshing native plugins compatible for Editor in 1.82 ms, found 3 plugins.
Native extension for WindowsStandalone target not found
[Package Manager] Failed to launch server process. Reason: Unity was launched with the -noUpm command-line argument
[Package Manager] Unable to send message (not connected to server process).
[Package Manager] Cannot connect to Unity Package Manager local server
[Package Manager] Failed to launch server process. Reason: Unity was launched with the -noUpm command-line argument
[Package Manager] Unable to send message (not connected to server process).
[Package Manager] Cannot connect to Unity Package Manager local server
Mono: successfully reloaded assembly
- Finished resetting the current domain, in  1.423 seconds
Domain Reload Profiling: 3192ms
	BeginReloadAssembly (408ms)
		ExecutionOrderSort (0ms)
		DisableScriptedObjects (22ms)
		BackupInstance (0ms)
		ReleaseScriptingObjects (0ms)
		CreateAndSetChildDomain (94ms)
	RebuildCommonClasses (77ms)
	RebuildNativeTypeToScriptingClass (23ms)
	initialDomainReloadingComplete (94ms)
	LoadAllAssembliesAndSetupDomain (1166ms)
		LoadAssemblies (845ms)
		RebuildTransferFunctionScriptingTraits (0ms)
		AnalyzeDomain (529ms)
			TypeCache.Refresh (24ms)
				TypeCache.ScanAssembly (1ms)
			BuildScriptInfoCaches (487ms)
			ResolveRequiredComponents (8ms)
	FinalizeReload (1424ms)
		ReleaseScriptCaches (0ms)
		RebuildScriptCaches (0ms)
		SetupLoadedEditorAssemblies (1181ms)
			LogAssemblyErrors (0ms)
			InitializePlatformSupportModulesInManaged (3ms)
			SetLoadedEditorAssemblies (10ms)
			BeforeProcessingInitializeOnLoad (275ms)
			ProcessInitializeOnLoadAttributes (736ms)
			ProcessInitializeOnLoadMethodAttributes (138ms)
			AfterProcessingInitializeOnLoad (17ms)
			EditorAssembliesLoaded (0ms)
		ExecutionOrderSort2 (0ms)
		AwakeInstancesAfterBackupRestoration (24ms)
Refreshing native plugins compatible for Editor in 3.02 ms, found 3 plugins.
Preloading 0 native plugins for Editor in 0.00 ms.
Unloading 0 Unused Serialized files (Serialized files now loaded: 0)
Unloading 4242 unused Assets / (0.9 MB). Loaded Objects now: 4845.
Memory consumption went from 103.0 MB to 102.1 MB.
Total: 20.840100 ms (FindLiveObjects: 0.932800 ms CreateObjectMapping: 1.056000 ms MarkObjects: 12.528400 ms  DeleteObjects: 6.316100 ms)

Prepare: number of updated asset objects reloaded= 0
========================================================================
Received Import Request.
  Time since last request: 11.865749 seconds.
  path: Assets/Cars/Ferrari.prefab
  artifactKey: Guid(ab19c861d2616874d8a60922d98e2637) Importer(815301076,1909f56bfc062723c751e8b465ee728b)
Start importing Assets/Cars/Ferrari.prefab using Guid(ab19c861d2616874d8a60922d98e2637) Importer(815301076,1909f56bfc062723c751e8b465ee728b) (PreviewImporter) -> (artifact id: '3e0d16bb553453c256aa6e5a94a7f44d') in 0.5058936 seconds
Number of updated asset objects reloaded before import = 0Number of asset objects unloaded after import = 748

========================================================================
Received Import Request.
  Time since last request: 0.000055 seconds.
  path: Assets/Cars/Mini.prefab
  artifactKey: Guid(5e4110f3b6000714790a74c2e68bb06b) Importer(815301076,1909f56bfc062723c751e8b465ee728b)
Start importing Assets/Cars/Mini.prefab using Guid(5e4110f3b6000714790a74c2e68bb06b) Importer(815301076,1909f56bfc062723c751e8b465ee728b) (PreviewImporter) -> (artifact id: 'cd3223d65027efb6058df46ce530e541') in 0.0689429 seconds
Number of updated asset objects reloaded before import = 0Number of asset objects unloaded after import = 365

========================================================================
Received Import Request.
  Time since last request: 0.000026 seconds.
  path: Assets/Cars/RaceCar_RedWhite.prefab
  artifactKey: Guid(df22c835874d44940909070a1145af00) Importer(815301076,1909f56bfc062723c751e8b465ee728b)
Start importing Assets/Cars/RaceCar_RedWhite.prefab using Guid(df22c835874d44940909070a1145af00) Importer(815301076,1909f56bfc062723c751e8b465ee728b) (PreviewImporter) -> (artifact id: '6d430f21f26b8960b8dacbed557397ee') in 0.1067795 seconds
Number of updated asset objects reloaded before import = 0Number of asset objects unloaded after import = 600

========================================================================
Received Import Request.
  Time since last request: 0.000036 seconds.
  path: Assets/Cars/RaceCar_GreenYellow.prefab
  artifactKey: Guid(aaaeaa1451678834da4310ce8f56eab5) Importer(815301076,1909f56bfc062723c751e8b465ee728b)
Start importing Assets/Cars/RaceCar_GreenYellow.prefab using Guid(aaaeaa1451678834da4310ce8f56eab5) Importer(815301076,1909f56bfc062723c751e8b465ee728b) (PreviewImporter) -> (artifact id: '9ff4abba53dc8a34b3883b5e3b355cea') in 0.1091604 seconds
Number of updated asset objects reloaded before import = 0Number of asset objects unloaded after import = 603

========================================================================
Received Import Request.
  Time since last request: 0.000048 seconds.
  path: Assets/Cars/Haas.prefab
  artifactKey: Guid(f0e710c66b4141047a76ac1f04ee5a75) Importer(815301076,1909f56bfc062723c751e8b465ee728b)
Start importing Assets/Cars/Haas.prefab using Guid(f0e710c66b4141047a76ac1f04ee5a75) Importer(815301076,1909f56bfc062723c751e8b465ee728b) (PreviewImporter) -> (artifact id: 'e2b550ece0f270e78569978509b9ab4f') in 0.2047498 seconds
Number of updated asset objects reloaded before import = 0Number of asset objects unloaded after import = 749

========================================================================
Received Import Request.
  Time since last request: 0.000050 seconds.
  path: Assets/Cars/Red Bull (1).prefab
  artifactKey: Guid(a55aa66b3ff624a438c838e2d0be974a) Importer(815301076,1909f56bfc062723c751e8b465ee728b)
Start importing Assets/Cars/Red Bull (1).prefab using Guid(a55aa66b3ff624a438c838e2d0be974a) Importer(815301076,1909f56bfc062723c751e8b465ee728b) (PreviewImporter) -> (artifact id: '6bfece94b225a176bc48f00948d1e626') in 0.1925784 seconds
Number of updated asset objects reloaded before import = 0Number of asset objects unloaded after import = 749

========================================================================
Received Prepare
Refreshing native plugins compatible for Editor in 2.50 ms, found 3 plugins.
Preloading 0 native plugins for Editor in 0.00 ms.
Unloading 0 Unused Serialized files (Serialized files now loaded: 0)
Unloading 4235 unused Assets / (1.3 MB). Loaded Objects now: 4846.
Memory consumption went from 103.6 MB to 102.3 MB.
Total: 14.370100 ms (FindLiveObjects: 0.688100 ms CreateObjectMapping: 0.874100 ms MarkObjects: 10.459400 ms  DeleteObjects: 2.347000 ms)

Prepare: number of updated asset objects reloaded= 0
========================================================================
Received Import Request.
  Time since last request: 351.725173 seconds.
  path: Assets/Cars/Mercedes Variant.prefab
  artifactKey: Guid(4bed59296ba5d0347a6f900511c21111) Importer(815301076,1909f56bfc062723c751e8b465ee728b)
Start importing Assets/Cars/Mercedes Variant.prefab using Guid(4bed59296ba5d0347a6f900511c21111) Importer(815301076,1909f56bfc062723c751e8b465ee728b) (PreviewImporter) -> (artifact id: '13df9ee06069a3f28beaba7ec39cc6da') in 0.208104 seconds
Number of updated asset objects reloaded before import = 0Number of asset objects unloaded after import = 749

========================================================================
Received Import Request.
  Time since last request: 0.000034 seconds.
  path: Assets/Cars/Mini.prefab
  artifactKey: Guid(5e4110f3b6000714790a74c2e68bb06b) Importer(815301076,1909f56bfc062723c751e8b465ee728b)
Start importing Assets/Cars/Mini.prefab using Guid(5e4110f3b6000714790a74c2e68bb06b) Importer(815301076,1909f56bfc062723c751e8b465ee728b) (PreviewImporter) -> (artifact id: '796b0edf4c7e0610c567dfc7426bcc40') in 0.047179 seconds
Number of updated asset objects reloaded before import = 0Number of asset objects unloaded after import = 365

========================================================================
Received Import Request.
  Time since last request: 0.000043 seconds.
  path: Assets/Cars/RaceCar_RedWhite.prefab
  artifactKey: Guid(df22c835874d44940909070a1145af00) Importer(815301076,1909f56bfc062723c751e8b465ee728b)
Start importing Assets/Cars/RaceCar_RedWhite.prefab using Guid(df22c835874d44940909070a1145af00) Importer(815301076,1909f56bfc062723c751e8b465ee728b) (PreviewImporter) -> (artifact id: '63d79973b42534297210aa16a6aefc39') in 0.108882 seconds
Number of updated asset objects reloaded before import = 0Number of asset objects unloaded after import = 600

========================================================================
Received Import Request.
  Time since last request: 0.000037 seconds.
  path: Assets/Cars/williams_old.prefab
  artifactKey: Guid(09d0729634a6c5c4c923d9b6d26056b5) Importer(815301076,1909f56bfc062723c751e8b465ee728b)
Start importing Assets/Cars/williams_old.prefab using Guid(09d0729634a6c5c4c923d9b6d26056b5) Importer(815301076,1909f56bfc062723c751e8b465ee728b) (PreviewImporter) -> (artifact id: 'aa9705dc18bf6359f5a70b37149a3d24') in 0.3738294 seconds
Number of updated asset objects reloaded before import = 0Number of asset objects unloaded after import = 1318

========================================================================
Received Import Request.
  Time since last request: 0.000044 seconds.
  path: Assets/Cars/RaceCar_GreenYellow.prefab
  artifactKey: Guid(aaaeaa1451678834da4310ce8f56eab5) Importer(815301076,1909f56bfc062723c751e8b465ee728b)
Start importing Assets/Cars/RaceCar_GreenYellow.prefab using Guid(aaaeaa1451678834da4310ce8f56eab5) Importer(815301076,1909f56bfc062723c751e8b465ee728b) (PreviewImporter) -> (artifact id: '511662151c5e639bae6109a7e17f5f62') in 0.2087481 seconds
Number of updated asset objects reloaded before import = 0Number of asset objects unloaded after import = 603

========================================================================
Received Import Request.
  Time since last request: 0.000051 seconds.
  path: Assets/Cars/Racing Bulls.prefab
  artifactKey: Guid(d60d3a8c5a4bf5d47ae681b9f285fef8) Importer(815301076,1909f56bfc062723c751e8b465ee728b)
Start importing Assets/Cars/Racing Bulls.prefab using Guid(d60d3a8c5a4bf5d47ae681b9f285fef8) Importer(815301076,1909f56bfc062723c751e8b465ee728b) (PreviewImporter) -> (artifact id: 'e8a1721124a2554f77c98baccf486026') in 0.2419617 seconds
Number of updated asset objects reloaded before import = 0Number of asset objects unloaded after import = 749

========================================================================
Received Import Request.
  Time since last request: 0.000040 seconds.
  path: Assets/Cars/mclaren_old.prefab
  artifactKey: Guid(dfe28870a00e345418c61fae01f272b4) Importer(815301076,1909f56bfc062723c751e8b465ee728b)
Start importing Assets/Cars/mclaren_old.prefab using Guid(dfe28870a00e345418c61fae01f272b4) Importer(815301076,1909f56bfc062723c751e8b465ee728b) (PreviewImporter) -> (artifact id: '01374a4f96f61a8e31fd36280025aa92') in 0.2578266 seconds
Number of updated asset objects reloaded before import = 0Number of asset objects unloaded after import = 1318

========================================================================
Received Import Request.
  Time since last request: 0.000050 seconds.
  path: Assets/Cars/ferrari_old.prefab
  artifactKey: Guid(ca61dfd311870ba468dba5c1c0c17d09) Importer(815301076,1909f56bfc062723c751e8b465ee728b)
Start importing Assets/Cars/ferrari_old.prefab using Guid(ca61dfd311870ba468dba5c1c0c17d09) Importer(815301076,1909f56bfc062723c751e8b465ee728b) (PreviewImporter) -> (artifact id: 'd5ff3aaa0ae837df2ddf69a12d65317e') in 0.5520023 seconds
Number of updated asset objects reloaded before import = 0Number of asset objects unloaded after import = 1315

========================================================================
Received Prepare
Begin MonoManager ReloadAssembly
[Licensing::Client] Successfully resolved entitlement details
Symbol file LoadedFromMemory is not a mono symbol file
- Loaded All Assemblies, in  1.641 seconds
Refreshing native plugins compatible for Editor in 1.86 ms, found 3 plugins.
Native extension for WindowsStandalone target not found
[Package Manager] Failed to launch server process. Reason: Unity was launched with the -noUpm command-line argument
[Package Manager] Unable to send message (not connected to server process).
[Package Manager] Cannot connect to Unity Package Manager local server
[Package Manager] Failed to launch server process. Reason: Unity was launched with the -noUpm command-line argument
[Package Manager] Unable to send message (not connected to server process).
[Package Manager] Cannot connect to Unity Package Manager local server
Mono: successfully reloaded assembly
- Finished resetting the current domain, in  1.192 seconds
Domain Reload Profiling: 2831ms
	BeginReloadAssembly (387ms)
		ExecutionOrderSort (0ms)
		DisableScriptedObjects (16ms)
		BackupInstance (0ms)
		ReleaseScriptingObjects (0ms)
		CreateAndSetChildDomain (111ms)
	RebuildCommonClasses (69ms)
	RebuildNativeTypeToScriptingClass (28ms)
	initialDomainReloadingComplete (63ms)
	LoadAllAssembliesAndSetupDomain (1091ms)
		LoadAssemblies (729ms)
		RebuildTransferFunctionScriptingTraits (0ms)
		AnalyzeDomain (530ms)
			TypeCache.Refresh (18ms)
				TypeCache.ScanAssembly (2ms)
			BuildScriptInfoCaches (488ms)
			ResolveRequiredComponents (12ms)
	FinalizeReload (1192ms)
		ReleaseScriptCaches (0ms)
		RebuildScriptCaches (0ms)
		SetupLoadedEditorAssemblies (974ms)
			LogAssemblyErrors (0ms)
			InitializePlatformSupportModulesInManaged (3ms)
			SetLoadedEditorAssemblies (9ms)
			BeforeProcessingInitializeOnLoad (278ms)
			ProcessInitializeOnLoadAttributes (573ms)
			ProcessInitializeOnLoadMethodAttributes (98ms)
			AfterProcessingInitializeOnLoad (13ms)
			EditorAssembliesLoaded (0ms)
		ExecutionOrderSort2 (0ms)
		AwakeInstancesAfterBackupRestoration (17ms)
Refreshing native plugins compatible for Editor in 2.57 ms, found 3 plugins.
Preloading 0 native plugins for Editor in 0.00 ms.
Unloading 0 Unused Serialized files (Serialized files now loaded: 0)
Unloading 4242 unused Assets / (1.2 MB). Loaded Objects now: 4847.
Memory consumption went from 103.0 MB to 101.9 MB.
Total: 13.116500 ms (FindLiveObjects: 0.997300 ms CreateObjectMapping: 1.141700 ms MarkObjects: 8.458700 ms  DeleteObjects: 2.517000 ms)

Prepare: number of updated asset objects reloaded= 0
========================================================================
Received Import Request.
  Time since last request: 9.920868 seconds.
  path: Assets/Cars/Mercedes Variant.prefab
  artifactKey: Guid(4bed59296ba5d0347a6f900511c21111) Importer(815301076,1909f56bfc062723c751e8b465ee728b)
Start importing Assets/Cars/Mercedes Variant.prefab using Guid(4bed59296ba5d0347a6f900511c21111) Importer(815301076,1909f56bfc062723c751e8b465ee728b) (PreviewImporter) -> (artifact id: 'de143e4444e9b9524df7c1c8c9fe13a1') in 0.3721036 seconds
Number of updated asset objects reloaded before import = 0Number of asset objects unloaded after import = 749

========================================================================
Received Import Request.
  Time since last request: 0.000076 seconds.
  path: Assets/Cars/Mini.prefab
  artifactKey: Guid(5e4110f3b6000714790a74c2e68bb06b) Importer(815301076,1909f56bfc062723c751e8b465ee728b)
Start importing Assets/Cars/Mini.prefab using Guid(5e4110f3b6000714790a74c2e68bb06b) Importer(815301076,1909f56bfc062723c751e8b465ee728b) (PreviewImporter) -> (artifact id: '57c36d05ce8d4d6d7a4148925cae4a48') in 0.0820463 seconds
Number of updated asset objects reloaded before import = 0Number of asset objects unloaded after import = 365

========================================================================
Received Import Request.
  Time since last request: 0.000051 seconds.
  path: Assets/Cars/Williams.prefab
  artifactKey: Guid(680097894f6c17f4db57da9de713796e) Importer(815301076,1909f56bfc062723c751e8b465ee728b)
Start importing Assets/Cars/Williams.prefab using Guid(680097894f6c17f4db57da9de713796e) Importer(815301076,1909f56bfc062723c751e8b465ee728b) (PreviewImporter) -> (artifact id: 'e9770c6e48dc1719e378ba935770d28e') in 0.2022321 seconds
Number of updated asset objects reloaded before import = 0Number of asset objects unloaded after import = 749

========================================================================
Received Import Request.
  Time since last request: 0.000052 seconds.
  path: Assets/Cars/Racing Bulls.prefab
  artifactKey: Guid(d60d3a8c5a4bf5d47ae681b9f285fef8) Importer(815301076,1909f56bfc062723c751e8b465ee728b)
Start importing Assets/Cars/Racing Bulls.prefab using Guid(d60d3a8c5a4bf5d47ae681b9f285fef8) Importer(815301076,1909f56bfc062723c751e8b465ee728b) (PreviewImporter) -> (artifact id: '1362e31dab397f905f7181363c203eae') in 0.1863864 seconds
Number of updated asset objects reloaded before import = 0Number of asset objects unloaded after import = 749

========================================================================
Received Import Request.
  Time since last request: 0.000057 seconds.
  path: Assets/Cars/mclaren_old.prefab
  artifactKey: Guid(dfe28870a00e345418c61fae01f272b4) Importer(815301076,1909f56bfc062723c751e8b465ee728b)
Start importing Assets/Cars/mclaren_old.prefab using Guid(dfe28870a00e345418c61fae01f272b4) Importer(815301076,1909f56bfc062723c751e8b465ee728b) (PreviewImporter) -> (artifact id: 'd14e82e3ad0247408a021bf23ba30fc4') in 0.151371 seconds
Number of updated asset objects reloaded before import = 0Number of asset objects unloaded after import = 1318

========================================================================
Received Prepare
Refreshing native plugins compatible for Editor in 2.44 ms, found 3 plugins.
Preloading 0 native plugins for Editor in 0.00 ms.
Unloading 0 Unused Serialized files (Serialized files now loaded: 0)
Unloading 4235 unused Assets / (1.9 MB). Loaded Objects now: 4848.
Memory consumption went from 103.7 MB to 101.7 MB.
Total: 16.653500 ms (FindLiveObjects: 0.799000 ms CreateObjectMapping: 1.196000 ms MarkObjects: 12.264800 ms  DeleteObjects: 2.392600 ms)

Prepare: number of updated asset objects reloaded= 0
========================================================================
Received Import Request.
  Time since last request: 7.188215 seconds.
  path: Assets/Cars/McLaren.prefab
  artifactKey: Guid(890c325a5aa489f4e83fffddc0cd8b7a) Importer(815301076,1909f56bfc062723c751e8b465ee728b)
Start importing Assets/Cars/McLaren.prefab using Guid(890c325a5aa489f4e83fffddc0cd8b7a) Importer(815301076,1909f56bfc062723c751e8b465ee728b) (PreviewImporter) -> (artifact id: '1fe36cfa977ee29069ac1b2269ba4c4f') in 0.1690306 seconds
Number of updated asset objects reloaded before import = 0Number of asset objects unloaded after import = 748

========================================================================
Received Import Request.
  Time since last request: 0.000055 seconds.
  path: Assets/Cars/Williams.prefab
  artifactKey: Guid(680097894f6c17f4db57da9de713796e) Importer(815301076,1909f56bfc062723c751e8b465ee728b)
Start importing Assets/Cars/Williams.prefab using Guid(680097894f6c17f4db57da9de713796e) Importer(815301076,1909f56bfc062723c751e8b465ee728b) (PreviewImporter) -> (artifact id: '27e487a34c6934ecdfa97f25da874597') in 0.2641334 seconds
Number of updated asset objects reloaded before import = 0Number of asset objects unloaded after import = 749

========================================================================
Received Import Request.
  Time since last request: 0.000041 seconds.
  path: Assets/Cars/Haas.prefab
  artifactKey: Guid(f0e710c66b4141047a76ac1f04ee5a75) Importer(815301076,1909f56bfc062723c751e8b465ee728b)
Start importing Assets/Cars/Haas.prefab using Guid(f0e710c66b4141047a76ac1f04ee5a75) Importer(815301076,1909f56bfc062723c751e8b465ee728b) (PreviewImporter) -> (artifact id: '734fc19b09f2a715785390fa577d0e46') in 0.3884297 seconds
Number of updated asset objects reloaded before import = 0Number of asset objects unloaded after import = 749

========================================================================
Received Prepare
Begin MonoManager ReloadAssembly
Symbol file LoadedFromMemory is not a mono symbol file
- Loaded All Assemblies, in  1.563 seconds
Refreshing native plugins compatible for Editor in 2.00 ms, found 3 plugins.
Native extension for WindowsStandalone target not found
[Package Manager] Failed to launch server process. Reason: Unity was launched with the -noUpm command-line argument
[Package Manager] Unable to send message (not connected to server process).
[Package Manager] Cannot connect to Unity Package Manager local server
[Package Manager] Failed to launch server process. Reason: Unity was launched with the -noUpm command-line argument
[Package Manager] Unable to send message (not connected to server process).
[Package Manager] Cannot connect to Unity Package Manager local server
Mono: successfully reloaded assembly
- Finished resetting the current domain, in  1.376 seconds
Domain Reload Profiling: 2935ms
	BeginReloadAssembly (365ms)
		ExecutionOrderSort (0ms)
		DisableScriptedObjects (9ms)
		BackupInstance (0ms)
		ReleaseScriptingObjects (0ms)
		CreateAndSetChildDomain (96ms)
	RebuildCommonClasses (72ms)
	RebuildNativeTypeToScriptingClass (25ms)
	initialDomainReloadingComplete (64ms)
	LoadAllAssembliesAndSetupDomain (1032ms)
		LoadAssemblies (717ms)
		RebuildTransferFunctionScriptingTraits (0ms)
		AnalyzeDomain (491ms)
			TypeCache.Refresh (18ms)
				TypeCache.ScanAssembly (2ms)
			BuildScriptInfoCaches (452ms)
			ResolveRequiredComponents (9ms)
	FinalizeReload (1377ms)
		ReleaseScriptCaches (0ms)
		RebuildScriptCaches (0ms)
		SetupLoadedEditorAssemblies (1132ms)
			LogAssemblyErrors (0ms)
			InitializePlatformSupportModulesInManaged (3ms)
			SetLoadedEditorAssemblies (8ms)
			BeforeProcessingInitializeOnLoad (258ms)
			ProcessInitializeOnLoadAttributes (730ms)
			ProcessInitializeOnLoadMethodAttributes (119ms)
			AfterProcessingInitializeOnLoad (13ms)
			EditorAssembliesLoaded (0ms)
		ExecutionOrderSort2 (0ms)
		AwakeInstancesAfterBackupRestoration (21ms)
Refreshing native plugins compatible for Editor in 3.02 ms, found 3 plugins.
Preloading 0 native plugins for Editor in 0.00 ms.
Unloading 0 Unused Serialized files (Serialized files now loaded: 0)
Unloading 4242 unused Assets / (1.3 MB). Loaded Objects now: 4849.
Memory consumption went from 103.1 MB to 101.7 MB.
Total: 15.817200 ms (FindLiveObjects: 0.640300 ms CreateObjectMapping: 0.949300 ms MarkObjects: 11.158400 ms  DeleteObjects: 3.067600 ms)

Prepare: number of updated asset objects reloaded= 0
========================================================================
Received Import Request.
  Time since last request: 9.040703 seconds.
  path: Assets/Cars/Subaru.prefab
  artifactKey: Guid(f8da542ab8f93464698ffe4c8bafb25d) Importer(815301076,1909f56bfc062723c751e8b465ee728b)
Start importing Assets/Cars/Subaru.prefab using Guid(f8da542ab8f93464698ffe4c8bafb25d) Importer(815301076,1909f56bfc062723c751e8b465ee728b) (PreviewImporter) -> (artifact id: '42a1da239e7667c9cdb906c484a302c9') in 0.281793 seconds
Number of updated asset objects reloaded before import = 0Number of asset objects unloaded after import = 662

========================================================================
Received Import Request.
  Time since last request: 0.000042 seconds.
  path: Assets/Cars/ferrari_old.prefab
  artifactKey: Guid(ca61dfd311870ba468dba5c1c0c17d09) Importer(815301076,1909f56bfc062723c751e8b465ee728b)
Start importing Assets/Cars/ferrari_old.prefab using Guid(ca61dfd311870ba468dba5c1c0c17d09) Importer(815301076,1909f56bfc062723c751e8b465ee728b) (PreviewImporter) -> (artifact id: 'b03eb64474d200125697556924f236b1') in 0.1175643 seconds
Number of updated asset objects reloaded before import = 0Number of asset objects unloaded after import = 1315

========================================================================
Received Import Request.
  Time since last request: 38.506283 seconds.
  path: Assets/Cars/Aston Martin.prefab
  artifactKey: Guid(1393895e5638a0c468386a6426f409aa) Importer(815301076,1909f56bfc062723c751e8b465ee728b)
Start importing Assets/Cars/Aston Martin.prefab using Guid(1393895e5638a0c468386a6426f409aa) Importer(815301076,1909f56bfc062723c751e8b465ee728b) (PreviewImporter) -> (artifact id: '942ed45762647e0db898054177bf625c') in 0.217587 seconds
Number of updated asset objects reloaded before import = 0Number of asset objects unloaded after import = 742

========================================================================
Received Import Request.
  Time since last request: 0.000038 seconds.
  path: Assets/Cars/McLaren.prefab
  artifactKey: Guid(890c325a5aa489f4e83fffddc0cd8b7a) Importer(815301076,1909f56bfc062723c751e8b465ee728b)
Start importing Assets/Cars/McLaren.prefab using Guid(890c325a5aa489f4e83fffddc0cd8b7a) Importer(815301076,1909f56bfc062723c751e8b465ee728b) (PreviewImporter) -> (artifact id: '5684325e06e6059985b1e9569589a311') in 0.176037 seconds
Number of updated asset objects reloaded before import = 0Number of asset objects unloaded after import = 748

========================================================================
Received Import Request.
  Time since last request: 0.000042 seconds.
  path: Assets/Cars/Red Bull (1).prefab
  artifactKey: Guid(a55aa66b3ff624a438c838e2d0be974a) Importer(815301076,1909f56bfc062723c751e8b465ee728b)
Start importing Assets/Cars/Red Bull (1).prefab using Guid(a55aa66b3ff624a438c838e2d0be974a) Importer(815301076,1909f56bfc062723c751e8b465ee728b) (PreviewImporter) -> (artifact id: '6194799050b1ff1dc57a0f374a632645') in 0.1567562 seconds
Number of updated asset objects reloaded before import = 0Number of asset objects unloaded after import = 749

========================================================================
Received Import Request.
  Time since last request: 13.076567 seconds.
  path: Assets/Cars/Aston Martin.prefab
  artifactKey: Guid(1393895e5638a0c468386a6426f409aa) Importer(815301076,1909f56bfc062723c751e8b465ee728b)
Start importing Assets/Cars/Aston Martin.prefab using Guid(1393895e5638a0c468386a6426f409aa) Importer(815301076,1909f56bfc062723c751e8b465ee728b) (PreviewImporter) -> (artifact id: '01c18a75f4d2c55097166fed0bf0f3ba') in 0.1264309 seconds
Number of updated asset objects reloaded before import = 0Number of asset objects unloaded after import = 742

========================================================================
Received Import Request.
  Time since last request: 0.657825 seconds.
  path: Assets/Cars/Ferrari.prefab
  artifactKey: Guid(ab19c861d2616874d8a60922d98e2637) Importer(815301076,1909f56bfc062723c751e8b465ee728b)
Start importing Assets/Cars/Ferrari.prefab using Guid(ab19c861d2616874d8a60922d98e2637) Importer(815301076,1909f56bfc062723c751e8b465ee728b) (PreviewImporter) -> (artifact id: '9010af508e4e87a7b91c838387c63f55') in 0.1795668 seconds
Number of updated asset objects reloaded before import = 0Number of asset objects unloaded after import = 748

========================================================================
Received Import Request.
  Time since last request: 0.000046 seconds.
  path: Assets/Cars/Mercedes Variant.prefab
  artifactKey: Guid(4bed59296ba5d0347a6f900511c21111) Importer(815301076,1909f56bfc062723c751e8b465ee728b)
Start importing Assets/Cars/Mercedes Variant.prefab using Guid(4bed59296ba5d0347a6f900511c21111) Importer(815301076,1909f56bfc062723c751e8b465ee728b) (PreviewImporter) -> (artifact id: 'fe9e1cd664398c37577d64405140a90a') in 0.1841169 seconds
Number of updated asset objects reloaded before import = 0Number of asset objects unloaded after import = 749

========================================================================
Received Import Request.
  Time since last request: 0.000046 seconds.
  path: Assets/Cars/Red Bull (1).prefab
  artifactKey: Guid(a55aa66b3ff624a438c838e2d0be974a) Importer(815301076,1909f56bfc062723c751e8b465ee728b)
Start importing Assets/Cars/Red Bull (1).prefab using Guid(a55aa66b3ff624a438c838e2d0be974a) Importer(815301076,1909f56bfc062723c751e8b465ee728b) (PreviewImporter) -> (artifact id: '31ca6957bbd23054e585d30d6c2c92a7') in 0.1382053 seconds
Number of updated asset objects reloaded before import = 0Number of asset objects unloaded after import = 749

========================================================================
Received Prepare
Begin MonoManager ReloadAssembly
[Licensing::Client] Successfully resolved entitlement details
Symbol file LoadedFromMemory is not a mono symbol file
- Loaded All Assemblies, in  1.567 seconds
Refreshing native plugins compatible for Editor in 2.13 ms, found 3 plugins.
Native extension for WindowsStandalone target not found
[Package Manager] Failed to launch server process. Reason: Unity was launched with the -noUpm command-line argument
[Package Manager] Unable to send message (not connected to server process).
[Package Manager] Cannot connect to Unity Package Manager local server
[Package Manager] Failed to launch server process. Reason: Unity was launched with the -noUpm command-line argument
[Package Manager] Unable to send message (not connected to server process).
[Package Manager] Cannot connect to Unity Package Manager local server
Mono: successfully reloaded assembly
- Finished resetting the current domain, in  1.145 seconds
Domain Reload Profiling: 2709ms
	BeginReloadAssembly (410ms)
		ExecutionOrderSort (0ms)
		DisableScriptedObjects (19ms)
		BackupInstance (0ms)
		ReleaseScriptingObjects (0ms)
		CreateAndSetChildDomain (85ms)
	RebuildCommonClasses (86ms)
	RebuildNativeTypeToScriptingClass (28ms)
	initialDomainReloadingComplete (68ms)
	LoadAllAssembliesAndSetupDomain (971ms)
		LoadAssemblies (711ms)
		RebuildTransferFunctionScriptingTraits (0ms)
		AnalyzeDomain (459ms)
			TypeCache.Refresh (12ms)
				TypeCache.ScanAssembly (0ms)
			BuildScriptInfoCaches (429ms)
			ResolveRequiredComponents (8ms)
	FinalizeReload (1146ms)
		ReleaseScriptCaches (0ms)
		RebuildScriptCaches (0ms)
		SetupLoadedEditorAssemblies (909ms)
			LogAssemblyErrors (0ms)
			InitializePlatformSupportModulesInManaged (3ms)
			SetLoadedEditorAssemblies (9ms)
			BeforeProcessingInitializeOnLoad (239ms)
			ProcessInitializeOnLoadAttributes (553ms)
			ProcessInitializeOnLoadMethodAttributes (92ms)
			AfterProcessingInitializeOnLoad (13ms)
			EditorAssembliesLoaded (0ms)
		ExecutionOrderSort2 (0ms)
		AwakeInstancesAfterBackupRestoration (20ms)
Refreshing native plugins compatible for Editor in 2.19 ms, found 3 plugins.
Preloading 0 native plugins for Editor in 0.00 ms.
Unloading 0 Unused Serialized files (Serialized files now loaded: 0)
Unloading 4242 unused Assets / (1.3 MB). Loaded Objects now: 4851.
Memory consumption went from 103.0 MB to 101.7 MB.
Total: 12.709400 ms (FindLiveObjects: 0.729100 ms CreateObjectMapping: 0.945900 ms MarkObjects: 8.801800 ms  DeleteObjects: 2.231300 ms)

Prepare: number of updated asset objects reloaded= 0
========================================================================
Received Prepare
Refreshing native plugins compatible for Editor in 2.13 ms, found 3 plugins.
Preloading 0 native plugins for Editor in 0.00 ms.
Unloading 0 Unused Serialized files (Serialized files now loaded: 0)
Unloading 4235 unused Assets / (1.1 MB). Loaded Objects now: 4851.
Memory consumption went from 103.2 MB to 102.1 MB.
Total: 15.493700 ms (FindLiveObjects: 0.711400 ms CreateObjectMapping: 1.126000 ms MarkObjects: 11.042200 ms  DeleteObjects: 2.612800 ms)

Prepare: number of updated asset objects reloaded= 0
========================================================================
Received Import Request.
  Time since last request: 243.498786 seconds.
  path: Assets/Cars/Mercedes Variant.prefab
  artifactKey: Guid(4bed59296ba5d0347a6f900511c21111) Importer(815301076,1909f56bfc062723c751e8b465ee728b)
Start importing Assets/Cars/Mercedes Variant.prefab using Guid(4bed59296ba5d0347a6f900511c21111) Importer(815301076,1909f56bfc062723c751e8b465ee728b) (PreviewImporter) -> (artifact id: '69d3e4436962514116f7ee2f25742e5e') in 0.5632868 seconds
Number of updated asset objects reloaded before import = 0Number of asset objects unloaded after import = 749

========================================================================
Received Import Request.
  Time since last request: 0.000037 seconds.
  path: Assets/Cars/Mini.prefab
  artifactKey: Guid(5e4110f3b6000714790a74c2e68bb06b) Importer(815301076,1909f56bfc062723c751e8b465ee728b)
Start importing Assets/Cars/Mini.prefab using Guid(5e4110f3b6000714790a74c2e68bb06b) Importer(815301076,1909f56bfc062723c751e8b465ee728b) (PreviewImporter) -> (artifact id: '61d27255a2d6e1256c3dbef0813f80db') in 0.1590801 seconds
Number of updated asset objects reloaded before import = 0Number of asset objects unloaded after import = 365

========================================================================
Received Import Request.
  Time since last request: 0.000048 seconds.
  path: Assets/Cars/RaceCar_RedWhite.prefab
  artifactKey: Guid(df22c835874d44940909070a1145af00) Importer(815301076,1909f56bfc062723c751e8b465ee728b)
Start importing Assets/Cars/RaceCar_RedWhite.prefab using Guid(df22c835874d44940909070a1145af00) Importer(815301076,1909f56bfc062723c751e8b465ee728b) (PreviewImporter) -> (artifact id: '40d53b3baa1afd3f79d659a2e98170e3') in 0.2074976 seconds
Number of updated asset objects reloaded before import = 0Number of asset objects unloaded after import = 600

========================================================================
Received Import Request.
  Time since last request: 0.000043 seconds.
  path: Assets/Cars/Williams.prefab
  artifactKey: Guid(680097894f6c17f4db57da9de713796e) Importer(815301076,1909f56bfc062723c751e8b465ee728b)
Start importing Assets/Cars/Williams.prefab using Guid(680097894f6c17f4db57da9de713796e) Importer(815301076,1909f56bfc062723c751e8b465ee728b) (PreviewImporter) -> (artifact id: 'd9e089722feea2d9fb1ac53a48f56dd9') in 0.4089399 seconds
Number of updated asset objects reloaded before import = 0Number of asset objects unloaded after import = 749

========================================================================
Received Import Request.
  Time since last request: 0.000051 seconds.
  path: Assets/Cars/RaceCar_GreenYellow.prefab
  artifactKey: Guid(aaaeaa1451678834da4310ce8f56eab5) Importer(815301076,1909f56bfc062723c751e8b465ee728b)
Start importing Assets/Cars/RaceCar_GreenYellow.prefab using Guid(aaaeaa1451678834da4310ce8f56eab5) Importer(815301076,1909f56bfc062723c751e8b465ee728b) (PreviewImporter) -> (artifact id: '5e8b8cfd1235b28d863a5843584ad0c0') in 0.2329523 seconds
Number of updated asset objects reloaded before import = 0Number of asset objects unloaded after import = 603

========================================================================
Received Import Request.
  Time since last request: 0.000961 seconds.
  path: Assets/Cars/Racing Bulls.prefab
  artifactKey: Guid(d60d3a8c5a4bf5d47ae681b9f285fef8) Importer(815301076,1909f56bfc062723c751e8b465ee728b)
Start importing Assets/Cars/Racing Bulls.prefab using Guid(d60d3a8c5a4bf5d47ae681b9f285fef8) Importer(815301076,1909f56bfc062723c751e8b465ee728b) (PreviewImporter) -> (artifact id: 'a505c2999ef86052b38706752830cfa4') in 0.3542182 seconds
Number of updated asset objects reloaded before import = 0Number of asset objects unloaded after import = 749

========================================================================
Received Import Request.
  Time since last request: 0.000058 seconds.
  path: Assets/Cars/Subaru.prefab
  artifactKey: Guid(f8da542ab8f93464698ffe4c8bafb25d) Importer(815301076,1909f56bfc062723c751e8b465ee728b)
Start importing Assets/Cars/Subaru.prefab using Guid(f8da542ab8f93464698ffe4c8bafb25d) Importer(815301076,1909f56bfc062723c751e8b465ee728b) (PreviewImporter) -> (artifact id: 'a5e73c37ce02e5da0cb668c17def9d42') in 0.1136687 seconds
Number of updated asset objects reloaded before import = 0Number of asset objects unloaded after import = 662

========================================================================
Received Import Request.
  Time since last request: 0.000044 seconds.
  path: Assets/Cars/Red Bull (1).prefab
  artifactKey: Guid(a55aa66b3ff624a438c838e2d0be974a) Importer(815301076,1909f56bfc062723c751e8b465ee728b)
Start importing Assets/Cars/Red Bull (1).prefab using Guid(a55aa66b3ff624a438c838e2d0be974a) Importer(815301076,1909f56bfc062723c751e8b465ee728b) (PreviewImporter) -> (artifact id: 'bcfe45d493f7599041e1fedbdf4865a2') in 0.2828663 seconds
Number of updated asset objects reloaded before import = 0Number of asset objects unloaded after import = 749

========================================================================
Received Prepare
Begin MonoManager ReloadAssembly
[Licensing::Client] Successfully resolved entitlement details
Symbol file LoadedFromMemory is not a mono symbol file
- Loaded All Assemblies, in  1.632 seconds
Refreshing native plugins compatible for Editor in 2.47 ms, found 3 plugins.
Native extension for WindowsStandalone target not found
[Package Manager] Failed to launch server process. Reason: Unity was launched with the -noUpm command-line argument
[Package Manager] Unable to send message (not connected to server process).
[Package Manager] Cannot connect to Unity Package Manager local server
[Package Manager] Failed to launch server process. Reason: Unity was launched with the -noUpm command-line argument
[Package Manager] Unable to send message (not connected to server process).
[Package Manager] Cannot connect to Unity Package Manager local server
Mono: successfully reloaded assembly
- Finished resetting the current domain, in  1.335 seconds
Domain Reload Profiling: 2963ms
	BeginReloadAssembly (385ms)
		ExecutionOrderSort (0ms)
		DisableScriptedObjects (15ms)
		BackupInstance (0ms)
		ReleaseScriptingObjects (0ms)
		CreateAndSetChildDomain (89ms)
	RebuildCommonClasses (57ms)
	RebuildNativeTypeToScriptingClass (21ms)
	initialDomainReloadingComplete (55ms)
	LoadAllAssembliesAndSetupDomain (1110ms)
		LoadAssemblies (712ms)
		RebuildTransferFunctionScriptingTraits (0ms)
		AnalyzeDomain (565ms)
			TypeCache.Refresh (28ms)
				TypeCache.ScanAssembly (4ms)
			BuildScriptInfoCaches (517ms)
			ResolveRequiredComponents (10ms)
	FinalizeReload (1335ms)
		ReleaseScriptCaches (0ms)
		RebuildScriptCaches (0ms)
		SetupLoadedEditorAssemblies (1106ms)
			LogAssemblyErrors (0ms)
			InitializePlatformSupportModulesInManaged (3ms)
			SetLoadedEditorAssemblies (8ms)
			BeforeProcessingInitializeOnLoad (269ms)
			ProcessInitializeOnLoadAttributes (697ms)
			ProcessInitializeOnLoadMethodAttributes (116ms)
			AfterProcessingInitializeOnLoad (13ms)
			EditorAssembliesLoaded (1ms)
		ExecutionOrderSort2 (0ms)
		AwakeInstancesAfterBackupRestoration (21ms)
Refreshing native plugins compatible for Editor in 2.68 ms, found 3 plugins.
Preloading 0 native plugins for Editor in 0.00 ms.
Unloading 0 Unused Serialized files (Serialized files now loaded: 0)
Unloading 4242 unused Assets / (1.1 MB). Loaded Objects now: 4853.
Memory consumption went from 103.0 MB to 101.9 MB.
Total: 14.504400 ms (FindLiveObjects: 0.714100 ms CreateObjectMapping: 0.961600 ms MarkObjects: 9.483900 ms  DeleteObjects: 3.342600 ms)

Prepare: number of updated asset objects reloaded= 0
========================================================================
Received Import Request.
  Time since last request: 9.599650 seconds.
  path: Assets/Cars/Ferrari.prefab
  artifactKey: Guid(ab19c861d2616874d8a60922d98e2637) Importer(815301076,1909f56bfc062723c751e8b465ee728b)
Start importing Assets/Cars/Ferrari.prefab using Guid(ab19c861d2616874d8a60922d98e2637) Importer(815301076,1909f56bfc062723c751e8b465ee728b) (PreviewImporter) -> (artifact id: '72fe09b33aa88a1750f7f7053fabecd0') in 0.3963122 seconds
Number of updated asset objects reloaded before import = 0Number of asset objects unloaded after import = 748

========================================================================
Received Import Request.
  Time since last request: 0.000030 seconds.
  path: Assets/Cars/Mini.prefab
  artifactKey: Guid(5e4110f3b6000714790a74c2e68bb06b) Importer(815301076,1909f56bfc062723c751e8b465ee728b)
Start importing Assets/Cars/Mini.prefab using Guid(5e4110f3b6000714790a74c2e68bb06b) Importer(815301076,1909f56bfc062723c751e8b465ee728b) (PreviewImporter) -> (artifact id: '5fb8d18d0ffa6e709d0206131850caac') in 0.0596257 seconds
Number of updated asset objects reloaded before import = 0Number of asset objects unloaded after import = 365

========================================================================
Received Import Request.
  Time since last request: 0.000044 seconds.
  path: Assets/Cars/RaceCar_RedWhite.prefab
  artifactKey: Guid(df22c835874d44940909070a1145af00) Importer(815301076,1909f56bfc062723c751e8b465ee728b)
Start importing Assets/Cars/RaceCar_RedWhite.prefab using Guid(df22c835874d44940909070a1145af00) Importer(815301076,1909f56bfc062723c751e8b465ee728b) (PreviewImporter) -> (artifact id: '76ba173ae882901a0f5cb8b2760e9e93') in 0.1036665 seconds
Number of updated asset objects reloaded before import = 0Number of asset objects unloaded after import = 600

========================================================================
Received Import Request.
  Time since last request: 0.000031 seconds.
  path: Assets/Cars/RaceCar_GreenYellow.prefab
  artifactKey: Guid(aaaeaa1451678834da4310ce8f56eab5) Importer(815301076,1909f56bfc062723c751e8b465ee728b)
Start importing Assets/Cars/RaceCar_GreenYellow.prefab using Guid(aaaeaa1451678834da4310ce8f56eab5) Importer(815301076,1909f56bfc062723c751e8b465ee728b) (PreviewImporter) -> (artifact id: '2c6113b6739b101c48f4ec14b52ed7d3') in 0.1130189 seconds
Number of updated asset objects reloaded before import = 0Number of asset objects unloaded after import = 603

========================================================================
Received Import Request.
  Time since last request: 0.000045 seconds.
  path: Assets/Cars/Haas.prefab
  artifactKey: Guid(f0e710c66b4141047a76ac1f04ee5a75) Importer(815301076,1909f56bfc062723c751e8b465ee728b)
Start importing Assets/Cars/Haas.prefab using Guid(f0e710c66b4141047a76ac1f04ee5a75) Importer(815301076,1909f56bfc062723c751e8b465ee728b) (PreviewImporter) -> (artifact id: '0ce9d062213470e294b5e1caa5e318c7') in 0.1968391 seconds
Number of updated asset objects reloaded before import = 0Number of asset objects unloaded after import = 749

========================================================================
Received Import Request.
  Time since last request: 0.000130 seconds.
  path: Assets/Cars/Red Bull (1).prefab
  artifactKey: Guid(a55aa66b3ff624a438c838e2d0be974a) Importer(815301076,1909f56bfc062723c751e8b465ee728b)
Start importing Assets/Cars/Red Bull (1).prefab using Guid(a55aa66b3ff624a438c838e2d0be974a) Importer(815301076,1909f56bfc062723c751e8b465ee728b) (PreviewImporter) -> (artifact id: '3be3303308d6e199eb1d801da071c494') in 0.1875492 seconds
Number of updated asset objects reloaded before import = 0Number of asset objects unloaded after import = 749

========================================================================
Received Prepare
Begin MonoManager ReloadAssembly
[Licensing::Client] Successfully resolved entitlement details
Symbol file LoadedFromMemory is not a mono symbol file
- Loaded All Assemblies, in  1.414 seconds
Refreshing native plugins compatible for Editor in 1.56 ms, found 3 plugins.
Native extension for WindowsStandalone target not found
[Package Manager] Failed to launch server process. Reason: Unity was launched with the -noUpm command-line argument
[Package Manager] Unable to send message (not connected to server process).
[Package Manager] Cannot connect to Unity Package Manager local server
[Package Manager] Failed to launch server process. Reason: Unity was launched with the -noUpm command-line argument
[Package Manager] Unable to send message (not connected to server process).
[Package Manager] Cannot connect to Unity Package Manager local server
Mono: successfully reloaded assembly
- Finished resetting the current domain, in  0.944 seconds
Domain Reload Profiling: 2353ms
	BeginReloadAssembly (369ms)
		ExecutionOrderSort (0ms)
		DisableScriptedObjects (31ms)
		BackupInstance (0ms)
		ReleaseScriptingObjects (0ms)
		CreateAndSetChildDomain (82ms)
	RebuildCommonClasses (59ms)
	RebuildNativeTypeToScriptingClass (26ms)
	initialDomainReloadingComplete (50ms)
	LoadAllAssembliesAndSetupDomain (905ms)
		LoadAssemblies (620ms)
		RebuildTransferFunctionScriptingTraits (0ms)
		AnalyzeDomain (446ms)
			TypeCache.Refresh (11ms)
				TypeCache.ScanAssembly (0ms)
			BuildScriptInfoCaches (417ms)
			ResolveRequiredComponents (8ms)
	FinalizeReload (944ms)
		ReleaseScriptCaches (0ms)
		RebuildScriptCaches (0ms)
		SetupLoadedEditorAssemblies (755ms)
			LogAssemblyErrors (0ms)
			InitializePlatformSupportModulesInManaged (3ms)
			SetLoadedEditorAssemblies (9ms)
			BeforeProcessingInitializeOnLoad (208ms)
			ProcessInitializeOnLoadAttributes (447ms)
			ProcessInitializeOnLoadMethodAttributes (80ms)
			AfterProcessingInitializeOnLoad (8ms)
			EditorAssembliesLoaded (0ms)
		ExecutionOrderSort2 (0ms)
		AwakeInstancesAfterBackupRestoration (14ms)
Refreshing native plugins compatible for Editor in 1.40 ms, found 3 plugins.
Preloading 0 native plugins for Editor in 0.00 ms.
Unloading 0 Unused Serialized files (Serialized files now loaded: 0)
Unloading 4242 unused Assets / (1.3 MB). Loaded Objects now: 4855.
Memory consumption went from 103.0 MB to 101.7 MB.
Total: 8.059200 ms (FindLiveObjects: 0.608900 ms CreateObjectMapping: 0.696400 ms MarkObjects: 5.107500 ms  DeleteObjects: 1.644500 ms)

Prepare: number of updated asset objects reloaded= 0
========================================================================
Received Import Request.
  Time since last request: 103.247908 seconds.
  path: Assets/Cars/Aston Martin.prefab
  artifactKey: Guid(1393895e5638a0c468386a6426f409aa) Importer(815301076,1909f56bfc062723c751e8b465ee728b)
Start importing Assets/Cars/Aston Martin.prefab using Guid(1393895e5638a0c468386a6426f409aa) Importer(815301076,1909f56bfc062723c751e8b465ee728b) (PreviewImporter) -> (artifact id: 'f4227f490f30455661895580eaab8e74') in 0.2728438 seconds
Number of updated asset objects reloaded before import = 0Number of asset objects unloaded after import = 742

========================================================================
Received Prepare
Refreshing native plugins compatible for Editor in 2.41 ms, found 3 plugins.
Preloading 0 native plugins for Editor in 0.00 ms.
Unloading 0 Unused Serialized files (Serialized files now loaded: 0)
Unloading 4235 unused Assets / (1.2 MB). Loaded Objects now: 4856.
Memory consumption went from 103.6 MB to 102.4 MB.
Total: 20.107200 ms (FindLiveObjects: 0.767500 ms CreateObjectMapping: 1.115900 ms MarkObjects: 14.645100 ms  DeleteObjects: 3.576500 ms)

Prepare: number of updated asset objects reloaded= 0
========================================================================
Received Import Request.
  Time since last request: 328.201871 seconds.
  path: Assets/Cars/Mercedes Variant.prefab
  artifactKey: Guid(4bed59296ba5d0347a6f900511c21111) Importer(815301076,1909f56bfc062723c751e8b465ee728b)
Start importing Assets/Cars/Mercedes Variant.prefab using Guid(4bed59296ba5d0347a6f900511c21111) Importer(815301076,1909f56bfc062723c751e8b465ee728b) (PreviewImporter) -> (artifact id: 'db79e2024d82a5d93fbf4eab36f697da') in 0.2116504 seconds
Number of updated asset objects reloaded before import = 0Number of asset objects unloaded after import = 749

========================================================================
Received Import Request.
  Time since last request: 0.000037 seconds.
  path: Assets/Cars/McLaren.prefab
  artifactKey: Guid(890c325a5aa489f4e83fffddc0cd8b7a) Importer(815301076,1909f56bfc062723c751e8b465ee728b)
Start importing Assets/Cars/McLaren.prefab using Guid(890c325a5aa489f4e83fffddc0cd8b7a) Importer(815301076,1909f56bfc062723c751e8b465ee728b) (PreviewImporter) -> (artifact id: '122e1d69b6bf772a8912c481f7c1c7da') in 0.3991912 seconds
Number of updated asset objects reloaded before import = 0Number of asset objects unloaded after import = 748

========================================================================
Received Import Request.
  Time since last request: 0.000050 seconds.
  path: Assets/Cars/Mini.prefab
  artifactKey: Guid(5e4110f3b6000714790a74c2e68bb06b) Importer(815301076,1909f56bfc062723c751e8b465ee728b)
Start importing Assets/Cars/Mini.prefab using Guid(5e4110f3b6000714790a74c2e68bb06b) Importer(815301076,1909f56bfc062723c751e8b465ee728b) (PreviewImporter) -> (artifact id: 'b4ce329a12b9a5660b0286e197289b2a') in 0.0732901 seconds
Number of updated asset objects reloaded before import = 0Number of asset objects unloaded after import = 365

========================================================================
Received Import Request.
  Time since last request: 0.000038 seconds.
  path: Assets/Cars/RaceCar_RedWhite.prefab
  artifactKey: Guid(df22c835874d44940909070a1145af00) Importer(815301076,1909f56bfc062723c751e8b465ee728b)
Start importing Assets/Cars/RaceCar_RedWhite.prefab using Guid(df22c835874d44940909070a1145af00) Importer(815301076,1909f56bfc062723c751e8b465ee728b) (PreviewImporter) -> (artifact id: '3f0670603fafc2dc9eac7f8bf20708ad') in 0.1634516 seconds
Number of updated asset objects reloaded before import = 0Number of asset objects unloaded after import = 600

========================================================================
Received Import Request.
  Time since last request: 0.000041 seconds.
  path: Assets/Cars/williams_old.prefab
  artifactKey: Guid(09d0729634a6c5c4c923d9b6d26056b5) Importer(815301076,1909f56bfc062723c751e8b465ee728b)
Start importing Assets/Cars/williams_old.prefab using Guid(09d0729634a6c5c4c923d9b6d26056b5) Importer(815301076,1909f56bfc062723c751e8b465ee728b) (PreviewImporter) -> (artifact id: 'bfe1edc8ae51940c7cc81fe683344eca') in 0.5397955 seconds
Number of updated asset objects reloaded before import = 0Number of asset objects unloaded after import = 1318

========================================================================
Received Import Request.
  Time since last request: 0.000297 seconds.
  path: Assets/Cars/Haas.prefab
  artifactKey: Guid(f0e710c66b4141047a76ac1f04ee5a75) Importer(815301076,1909f56bfc062723c751e8b465ee728b)
Start importing Assets/Cars/Haas.prefab using Guid(f0e710c66b4141047a76ac1f04ee5a75) Importer(815301076,1909f56bfc062723c751e8b465ee728b) (PreviewImporter) -> (artifact id: '43d240fd9ffb111840a804af7479613c') in 0.490056 seconds
Number of updated asset objects reloaded before import = 0Number of asset objects unloaded after import = 749

========================================================================
Received Import Request.
  Time since last request: 0.000055 seconds.
  path: Assets/Cars/Aston Martin.prefab
  artifactKey: Guid(1393895e5638a0c468386a6426f409aa) Importer(815301076,1909f56bfc062723c751e8b465ee728b)
Start importing Assets/Cars/Aston Martin.prefab using Guid(1393895e5638a0c468386a6426f409aa) Importer(815301076,1909f56bfc062723c751e8b465ee728b) (PreviewImporter) -> (artifact id: '083d61210e2c1d7bcd41d9afba8eed24') in 0.3078264 seconds
Number of updated asset objects reloaded before import = 0Number of asset objects unloaded after import = 742

========================================================================
Received Prepare
Begin MonoManager ReloadAssembly
[Licensing::Client] Successfully resolved entitlement details
Symbol file LoadedFromMemory is not a mono symbol file
- Loaded All Assemblies, in  1.703 seconds
Refreshing native plugins compatible for Editor in 2.28 ms, found 3 plugins.
Native extension for WindowsStandalone target not found
[Package Manager] Failed to launch server process. Reason: Unity was launched with the -noUpm command-line argument
[Package Manager] Unable to send message (not connected to server process).
[Package Manager] Cannot connect to Unity Package Manager local server
[Package Manager] Failed to launch server process. Reason: Unity was launched with the -noUpm command-line argument
[Package Manager] Unable to send message (not connected to server process).
[Package Manager] Cannot connect to Unity Package Manager local server
Mono: successfully reloaded assembly
- Finished resetting the current domain, in  1.359 seconds
Domain Reload Profiling: 3061ms
	BeginReloadAssembly (468ms)
		ExecutionOrderSort (1ms)
		DisableScriptedObjects (28ms)
		BackupInstance (0ms)
		ReleaseScriptingObjects (0ms)
		CreateAndSetChildDomain (113ms)
	RebuildCommonClasses (68ms)
	RebuildNativeTypeToScriptingClass (20ms)
	initialDomainReloadingComplete (60ms)
	LoadAllAssembliesAndSetupDomain (1085ms)
		LoadAssemblies (797ms)
		RebuildTransferFunctionScriptingTraits (0ms)
		AnalyzeDomain (519ms)
			TypeCache.Refresh (21ms)
				TypeCache.ScanAssembly (1ms)
			BuildScriptInfoCaches (472ms)
			ResolveRequiredComponents (12ms)
	FinalizeReload (1360ms)
		ReleaseScriptCaches (0ms)
		RebuildScriptCaches (0ms)
		SetupLoadedEditorAssemblies (1116ms)
			LogAssemblyErrors (0ms)
			InitializePlatformSupportModulesInManaged (3ms)
			SetLoadedEditorAssemblies (12ms)
			BeforeProcessingInitializeOnLoad (315ms)
			ProcessInitializeOnLoadAttributes (674ms)
			ProcessInitializeOnLoadMethodAttributes (100ms)
			AfterProcessingInitializeOnLoad (12ms)
			EditorAssembliesLoaded (0ms)
		ExecutionOrderSort2 (0ms)
		AwakeInstancesAfterBackupRestoration (20ms)
Refreshing native plugins compatible for Editor in 2.83 ms, found 3 plugins.
Preloading 0 native plugins for Editor in 0.00 ms.
Unloading 0 Unused Serialized files (Serialized files now loaded: 0)
Unloading 4242 unused Assets / (1.0 MB). Loaded Objects now: 4857.
Memory consumption went from 103.0 MB to 102.0 MB.
Total: 14.106300 ms (FindLiveObjects: 0.680400 ms CreateObjectMapping: 0.858100 ms MarkObjects: 10.201400 ms  DeleteObjects: 2.364800 ms)

Prepare: number of updated asset objects reloaded= 0
========================================================================
Received Import Request.
  Time since last request: 9.882793 seconds.
  path: Assets/Cars/McLaren.prefab
  artifactKey: Guid(890c325a5aa489f4e83fffddc0cd8b7a) Importer(815301076,1909f56bfc062723c751e8b465ee728b)
Start importing Assets/Cars/McLaren.prefab using Guid(890c325a5aa489f4e83fffddc0cd8b7a) Importer(815301076,1909f56bfc062723c751e8b465ee728b) (PreviewImporter) -> (artifact id: 'd4f17aebd94985cf54630e2398f7dfbf') in 0.4100723 seconds
Number of updated asset objects reloaded before import = 0Number of asset objects unloaded after import = 748

========================================================================
Received Import Request.
  Time since last request: 0.000058 seconds.
  path: Assets/Cars/Mini.prefab
  artifactKey: Guid(5e4110f3b6000714790a74c2e68bb06b) Importer(815301076,1909f56bfc062723c751e8b465ee728b)
Start importing Assets/Cars/Mini.prefab using Guid(5e4110f3b6000714790a74c2e68bb06b) Importer(815301076,1909f56bfc062723c751e8b465ee728b) (PreviewImporter) -> (artifact id: 'ad4dffd2fe65572e6fe78a859c7a54e5') in 0.0664877 seconds
Number of updated asset objects reloaded before import = 0Number of asset objects unloaded after import = 365

========================================================================
Received Import Request.
  Time since last request: 0.000053 seconds.
  path: Assets/Cars/Williams.prefab
  artifactKey: Guid(680097894f6c17f4db57da9de713796e) Importer(815301076,1909f56bfc062723c751e8b465ee728b)
Start importing Assets/Cars/Williams.prefab using Guid(680097894f6c17f4db57da9de713796e) Importer(815301076,1909f56bfc062723c751e8b465ee728b) (PreviewImporter) -> (artifact id: '4cb377aab0779e2bc23e20c10093f17b') in 0.2128128 seconds
Number of updated asset objects reloaded before import = 0Number of asset objects unloaded after import = 749

========================================================================
Received Import Request.
  Time since last request: 0.000207 seconds.
  path: Assets/Cars/Racing Bulls.prefab
  artifactKey: Guid(d60d3a8c5a4bf5d47ae681b9f285fef8) Importer(815301076,1909f56bfc062723c751e8b465ee728b)
Start importing Assets/Cars/Racing Bulls.prefab using Guid(d60d3a8c5a4bf5d47ae681b9f285fef8) Importer(815301076,1909f56bfc062723c751e8b465ee728b) (PreviewImporter) -> (artifact id: 'e5475cccda2db77efb293f0f84f6b369') in 0.2569135 seconds
Number of updated asset objects reloaded before import = 0Number of asset objects unloaded after import = 749

========================================================================
Received Import Request.
  Time since last request: 0.000049 seconds.
  path: Assets/Cars/mclaren_old.prefab
  artifactKey: Guid(dfe28870a00e345418c61fae01f272b4) Importer(815301076,1909f56bfc062723c751e8b465ee728b)
Start importing Assets/Cars/mclaren_old.prefab using Guid(dfe28870a00e345418c61fae01f272b4) Importer(815301076,1909f56bfc062723c751e8b465ee728b) (PreviewImporter) -> (artifact id: '7da870b9c338a5e007e8632ca26747ec') in 0.1676883 seconds
Number of updated asset objects reloaded before import = 0Number of asset objects unloaded after import = 1318

========================================================================
Received Prepare
Begin MonoManager ReloadAssembly
[Licensing::Client] Successfully resolved entitlement details
Symbol file LoadedFromMemory is not a mono symbol file
- Loaded All Assemblies, in  1.685 seconds
Refreshing native plugins compatible for Editor in 1.76 ms, found 3 plugins.
Native extension for WindowsStandalone target not found
[Package Manager] Failed to launch server process. Reason: Unity was launched with the -noUpm command-line argument
[Package Manager] Unable to send message (not connected to server process).
[Package Manager] Cannot connect to Unity Package Manager local server
[Package Manager] Failed to launch server process. Reason: Unity was launched with the -noUpm command-line argument
[Package Manager] Unable to send message (not connected to server process).
[Package Manager] Cannot connect to Unity Package Manager local server
Mono: successfully reloaded assembly
- Finished resetting the current domain, in  1.120 seconds
Domain Reload Profiling: 2801ms
	BeginReloadAssembly (430ms)
		ExecutionOrderSort (0ms)
		DisableScriptedObjects (23ms)
		BackupInstance (0ms)
		ReleaseScriptingObjects (0ms)
		CreateAndSetChildDomain (91ms)
	RebuildCommonClasses (112ms)
	RebuildNativeTypeToScriptingClass (32ms)
	initialDomainReloadingComplete (58ms)
	LoadAllAssembliesAndSetupDomain (1048ms)
		LoadAssemblies (770ms)
		RebuildTransferFunctionScriptingTraits (0ms)
		AnalyzeDomain (474ms)
			TypeCache.Refresh (16ms)
				TypeCache.ScanAssembly (0ms)
			BuildScriptInfoCaches (437ms)
			ResolveRequiredComponents (11ms)
	FinalizeReload (1121ms)
		ReleaseScriptCaches (0ms)
		RebuildScriptCaches (0ms)
		SetupLoadedEditorAssemblies (900ms)
			LogAssemblyErrors (0ms)
			InitializePlatformSupportModulesInManaged (2ms)
			SetLoadedEditorAssemblies (7ms)
			BeforeProcessingInitializeOnLoad (230ms)
			ProcessInitializeOnLoadAttributes (563ms)
			ProcessInitializeOnLoadMethodAttributes (87ms)
			AfterProcessingInitializeOnLoad (11ms)
			EditorAssembliesLoaded (0ms)
		ExecutionOrderSort2 (0ms)
		AwakeInstancesAfterBackupRestoration (18ms)
Refreshing native plugins compatible for Editor in 2.27 ms, found 3 plugins.
Preloading 0 native plugins for Editor in 0.00 ms.
Unloading 0 Unused Serialized files (Serialized files now loaded: 0)
Unloading 4242 unused Assets / (1.4 MB). Loaded Objects now: 4859.
Memory consumption went from 103.1 MB to 101.7 MB.
Total: 16.420700 ms (FindLiveObjects: 0.895900 ms CreateObjectMapping: 0.811400 ms MarkObjects: 11.845500 ms  DeleteObjects: 2.866100 ms)

Prepare: number of updated asset objects reloaded= 0
Editor requested this worker to shutdown with reason: Scaling down because of idle timeout
AssetImportWorker is now disconnected from the server
Process exiting
Exiting without the bug reporter. Application will terminate with return code 0